[high_app_2_com_3] Comprei, paguei, usei por uns 10 dias, atualizei, parou de funcionar o pago, quando tento entrar, diz que meu email n√£o tem vinculo com a conta... Puxa, chato mesmo...
[high_app_2_com_1] No momento de escanear o celular, fica dando falha e n√£o executa, mesmo comprando a vers√£o paga.
[high_app_2_com_2] O celular anuncia q tem v√≠rus ai eu escsneio e ler continua avisndk q existe v√≠rus pedindo pra baixar outros aplicativos antiv√≠rus. E estou o dia todo tentando desistalar esse √© n√£o consigo. N√£o desitala
[high_app_2_com_4] Eu fico tentando abrir o APK mas quando eu abro ele fecha e o meu celular √© da vers√£o 4.4.2!!
[high_app_2_com_5] Queria saber pq d√° erro toda vez que tento acessar? T√° chato j√°. Vou desinstalar!
[high_app_2_com_6] √â horrivel eu instalei e comecei a usar e ele descarregou o meu celular sendo que ele estava 82%üò°üò°
[high_app_2_com_7] AJUDA POR FAVOR!!!!!!!!!!!!!!!!!!!!!!!!!!!!TENHO a vers√£o pro,e minha esposa a vers√£o gratuito...mas no site os dois aparelhos est√£o vermelhos...cm resolvo???DE NOVOOOOOOOOOOOO.ESTOU COM D√öVIDAS QUANTO A QUALIDADE DO AVAST.
[high_app_2_com_8] precisca colocar senha nos videos tambem
[high_app_2_com_9] Aparece a op√ß√£o "ativar prote√ß√£o internet avan√ßada" fa√ßo tudo que pede e mesmo assim continua avisando que est√° em risco e blablabla... Tem algo a fazer? (???)
[high_app_2_com_10] Propaganda at√© na tela de descanso?? Dai n√£o d√°.
[high_app_2_com_11] Tinha que esfriar o meu celular
[high_app_2_com_12] Comprei o pacote e o app n√£o funciona corretamente! Quando coloco em restaurar compra, o mesmo o n√£o acontece. N√£o h√° suporte para solucionar o problema! Gastei dinheiro e o aplicativo n√£o atende a minha solicita√ß√£o!
[high_app_2_com_13] Atrav√©s do my.avast, n√£o consegui utilizar os servi√ßos como o anti theft... Aparace a mesma mensagem, "n√£o foi poss√≠vel localizar seu aparelho." Decepcionante.
[high_app_2_com_14] Horroroso. Travou tudo.Pior que paguei por isso.Desinstalei esse lixo. Complementando j√° que me mandaram um e-mail dizendo que n√£o compreenderam:Vamos l√°.Come√ßou a aparecer na tela,Avast parou,foi aumentando o n√∫mero de v√™zes at√© me impedir de acessar o smartphone. Fui obrigado desinstal√°-lo.Acho qu‚Ä¶Resenha completaHorroroso. Travou tudo.Pior que paguei por isso.Desinstalei esse lixo. Complementando j√° que me mandaram um e-mail dizendo que n√£o compreenderam:Vamos l√°.Come√ßou a aparecer na tela,Avast parou,foi aumentando o n√∫mero de v√™zes at√© me impedir de acessar o smartphone. Fui obrigado desinstal√°-lo.Acho que fui claro.
[high_app_2_com_15] O app esta fazendo meu cel deligar e ligar sozinho e n√£o estou conseguindo desinstalar alguem pode me ajuadar a resolver o problema
[high_app_2_com_16] Pior antiv√≠rus mas nem a parte de bloqueio de chamadas n√£o funciona que lixo aff.
[high_app_2_com_17] N√£o gostei. O aplicativo fez com que meu smartphone esquentasse e travasse ainda mais e n√£o conseguiu o v√≠rus.
[high_app_2_com_18] Meu celular n√£o funciona com o app instalado.
[high_app_2_com_19] Paguei este app para n√£o ter dor de cabe√ßa... Mais fica aparecendo na tela direto msg o Avast parou... Enviar feedback j√° mandei mais de 30 para que se vcs n√£o resolvem... Quero meu dinheiro de volta proporcional aos meses que falta de assinatura... Avast antiv√≠rus nunca mais....
[high_app_2_com_20] Gasta a carga da bateria rapidamente.
[high_app_2_com_21] H√° um v√≠rus que fica abrindo umas propagandas de tempos em tempos e o Avast n√£o localizou/excluiu. Comprei o produto justamente pra isso, pois n√£o qro restaurar o celular.
[high_app_2_com_22] Olha pessoal √© o melhor antiv√≠rus que j√° baixei mas estou desinstalando nesse momento porque ele consome em torno de 30MB de internet por dia dos meus dados m√≥veis, a√≠ n√£o tem condi√ß√µes n√© pessoal? S√≥ lamento mas n√£o d√°, se mudar isso volto a instalar.
[high_app_2_com_23] Lixo lixo lixo nem a vers√£o paga n√£o presta √© n√£o devolvem o dinheiro
[high_app_2_com_24] Travou em Loop irritante no LG K10 Android 7.0. Desinstalei com dificuldade entrando em Configura√ß√µes do celular.
[high_app_2_com_25] √â muito bom faz tudo o que promete! Eu s√≥ acho que n√£o deveria ter propagandas ou ent√£o, volta pra outra vers√£o mais antiga porque pelo menos n√£o tinha propagandas...
[high_app_2_com_26] √â id√™ntico ao AVG, quem copiou quem? üòî
[high_app_2_com_27] √â id√™ntico ao AVG, quem copiou quem? üòî
[high_app_2_com_28] Acesso root para usar o firewall? Pagar por um app que precisa de root n√£o rola, existem melhores.
[high_app_2_com_29] Depois q instalei ele meu celular Nao para de travar e fui tentar desistalar e nao da.nao baixem
[high_app_2_com_30] √â ruim üòùüòù
[high_app_2_com_31] N√£o elimina os v√≠rus de propagandas no Android...
[high_app_2_com_32] Hoje o tempo todo aparece a notifica√ß√£o "Avast parou".
[high_app_2_com_33] Comprei a vers√£o pro e continuam as propagandas e an√∫ncios. E o app continua me oferecendo funcionalidades da vers√£o pro para pagar.
[high_app_2_com_34] A proposta do antiv√≠rus √© n√£o ter propagandas, mas para isso tem que pagar, o que no meu ver prejudica um pouco a credibilidade
[high_app_2_com_35] No momento de escanear o celular, fica dando falha e n√£o executa, mesmo comprando a vers√£o paga.
[high_app_2_com_36] O APP √© bom, por√©m aparecem propagandas do nada. As vezes eu estou no trabalho ou em aula, e quando abro o celular aparece uma propaganda em video com um √°udio alt√≠ssimo. Se n√£o resolver esse problema provavelmente irei desinstala-lo. PS: e estou usando a vers√£o paga.
[high_app_2_com_37] O pior antiv√≠rus que eu j√° vi
[high_app_2_com_38] N√£o consegue se conectar ao meu dispositivo para ativar o anti furto.
[high_app_2_com_39] Tanta propaganda e recursos in√∫teis
[high_app_2_com_40] Virou um aplicativo de propaganda!
[high_app_2_com_41] Otimo üëçüëç
[high_app_2_com_42] Esse app esta travando meu celular e n√£o consigo desinstalar do meu celular, estou desesperada, pfv me Ajudemüòì
[high_app_2_com_43] n√£o cumpre o que promete, mentirosos
[high_app_2_com_44] Ta travando o celular
[high_app_2_com_45] Eu nao gosto desse app porqu√™ eu n√£o sei o PIN desse app
[high_app_2_com_46] O pr√≥prio antiv√≠rus √© um v√≠rus! Se o celular est√° com problemas, n√£o √© um app que ir√° resolver!!!
[high_app_2_com_47] Paguei este app para n√£o ter dor de cabe√ßa... Mais fica aparecendo na tela direto msg o Avast parou... Enviar feedback j√° mandei mais de 30 para que se vcs n√£o resolvem... Quero meu dinheiro de volta proporcional aos meses que falta de assinatura... Avast antiv√≠rus nunca mais....
[high_app_2_com_48] Fiquei muit√≠ssimo chateada com esta vers√£o. Prefiria muito mais a vers√£o anterior. :,(
[high_app_2_com_49] Imposs√≠vel desinstalar esse inferno desse app
[high_app_2_com_50] N√£o gostei
[high_app_2_com_51] Mudei as estrelas pq n√£o est√° funcionando corretamente, n√£o bloqueia as liga√ß√µes, j√° deletei e instalei mas n√£o resolveu
[high_app_2_com_52] Me desculpe, avaliem 1 pq meu celular come√ßou desligar sozinho
[high_app_2_com_53] precisca colocar senha nos videos tambem
[high_app_2_com_54] Estou tentando desativar o Aplicativo mais ele est√° como administrador e nao consigo mudar vou ter que renicializar o aparelho
[high_app_2_com_55] Esquentou meu J5 assim que instalado üòï
[high_app_2_com_57] Paguei, mas estou desinstalando. N√£o resolve nada esse app, n√£o recomendo,.tudo engana√ß√£o üòè
[high_app_2_com_58] Como desinstalo isso
[high_app_2_com_59] Este app permitiu que um virus se insta. no meu celular. Tive que formata meu celular.üò≠üò≠üí£
[high_app_2_com_60] UMA PORCARIAAAA!!! meu celular est√° rodando muito lento, trava toda hora e aparece que o aplicativo Avast parou o tempo inteiro...Isso quando meu celular n√£o desliga sozinho. Ai agora quero desinstalar e n√£o da op√ß√£o de tirar do meu aparelho!!! Arrumem isso antes que eu tome as medidas cab√≠veis.
[high_app_2_com_61] Gasta muita bateria. Fica no fica na tela de notifica√ß√£o s√≥ enchendo o saco, n√£o recomendo.
[high_app_2_com_62] Eu abaixei mais nao gostei como fa√ßo pra desinstalar o aplicativo.
[high_app_2_com_63] A partir do momento que se chama antiv√≠rus ele deveria apagar os v√≠rus e n√£o foi o que fez, totalmente insatisfeito.
[high_app_2_com_64] Bom
[high_app_2_com_65] quero desinstalar essa bosta sem formatar meu celular, consertem isso. APLICATIVO LIXO! üò†üò†üò†
[high_app_2_com_66] Ele trava muito o celular
[high_app_2_com_67] √â um lixo ele n limpa nada . Ele s√≥ mostra algumas anima√ß√µes . N melhorou nd no meu celular
[high_app_2_com_68] Meu celular continua paralisando e n√£o √© por espa√ßo, ou seja os antivirus gratuitos n√£o tiram todos os v√≠rus. S√≥ pode ser Propaganda enganosa.
[high_app_2_com_69] Bloqueador de App n√£o. Est√°. Funcionando
[high_app_2_com_70] Vcs detectam anti malwares da mesma maneira que filtram as liga√ß√µes da lista negra e eu continuo recebendo as chamadas? E mesmo sendo usu√°ria paga eu n√£o consigo usar algumas funcionalidades pq mostra que o estou como usu√°ria Free. Arrumem isso pfvr. Isso √© propaganda enganosa
[high_app_2_com_71] coloquei algumas fotos no cofre e do nada todas sumiram e n√£o consigo recupera-las mais.üòí
[high_app_2_com_72] Minha vida toda usei avast e nu c√° tive problemas, ultimamente aparece o twmpo todo a mensagem " avast parou aguardar fechar ou informar, e trava meu celular todo. No notebook est√£o cobrando e n√£o protege nada lament√°vel. Acabei de atualizar o app e trava muito o cel. E cada vez pior.
[high_app_2_com_73] Acontece que o smartphone est√° infestado de v√≠rus √© essa aplica√ß√£o s√≥ ocupa espa√ßo no seu Android ao inv√©s de encontrar os vidros . Uma dica para quem quer antevirus instalem o malwarebites esse vai fazer a diferen√ßa
[high_app_2_com_74] Paguei, mas estou desinstalando. N√£o resolve nada esse app, n√£o recomendo,.tudo engana√ß√£o üòè
[high_app_2_com_75] Nao gostei fica entrando uns trecos blokiando ... tda hra fala q tenho perigo vo ve num eh nada era so para habilitar algo Enfim nao curti
[high_app_2_com_76] Pior antiv√≠rus mas nem a parte de bloqueio de chamadas n√£o funciona que lixo aff.
[high_app_2_com_77] N√£o est√° bloqueando as chamadas da lista negra.
[high_app_2_com_78] SENHORES! Meu aparelho foi roubado na data 30/03/18 e o ladr√£o at√© o momento n√£o ligou o aparelho! Solicito ajuda urgentemente!? Resposta do Avast dias depois! Bem depois... ...Que n√£o pode fazer nada se o aparelho est√° desligado.... pra que pagamos ent√£o??? Melhor ficar com o rastreamento que j√° ‚Ä¶Resenha completaSENHORES! Meu aparelho foi roubado na data 30/03/18 e o ladr√£o at√© o momento n√£o ligou o aparelho! Solicito ajuda urgentemente!? Resposta do Avast dias depois! Bem depois... ...Que n√£o pode fazer nada se o aparelho est√° desligado.... pra que pagamos ent√£o??? Melhor ficar com o rastreamento que j√° vem nos aparelhos.... Cancelando assinatura.
[high_app_2_com_79] Assinei, pois esperava ficar melhor sem os an√∫ncios, mas simplesmente ficou insuport√°vel o uso do celular, pois travava at√© o teclado, a internet, o acesso a arquivos (fotos, documentos, etc) no celular! Desinstalei e foi autom√°tico, celular voltou ao normal!!!
[high_app_2_com_80] N√£o gostei trava muito agora quero desinstalar e n√£o consigo vou ter que rastrear de onde vem esse aplicativo
[high_app_2_com_81] Sou assinante PRO anual mas todos os meses simplesmente cancelam a minha assinatura e ficam mandando assinar novamente. J√° paguei 3 vezes em menos de um ano. Por favor resolvam isso
[high_app_2_com_82] Desde h√° uns dias come√ßou a gastar muita bateria. Est√° a gastar tanta como o ecr√£, se continua assim, desinstalo.
[high_app_2_com_83] Como desinstalar esse lixo por favor
[high_app_2_com_84] √â um alerta trava toda hr
[high_app_2_com_85] Est√° parando
[high_app_2_com_86] Travou em Loop irritante no LG K10 Android 7.0. Desinstalei com dificuldade entrando em Configura√ß√µes do celular.
[high_app_2_com_87] N√£o consigo tirar ele, ele diz que √© administrador, mas vou nas configura√ß√µes pra tirar ele n√£o me permite, resumo n√£o consigo desistalar, pelo amor de Deus quero ajuda!
[high_app_2_com_88] Travou meu aparelho, precisei fazer boot e perdi muito material de trabalho. N√£o instalem! √â uma armadilha!
[high_app_2_com_89] Sempre usei esta app pelas suas funcionalidades Anti-Theft agora constatei que parte das funcionalidades foram retiradas e s√≥ est√£o presentes na vers√£o PRO, com as √∫ltimas atualiza√ß√µes ficou demasiado chata e intrusiva na barra de notifica√ß√µes com informa√ß√£o in√∫til que s√≥ serve para mostrar publicid‚Ä¶Resenha completaSempre usei esta app pelas suas funcionalidades Anti-Theft agora constatei que parte das funcionalidades foram retiradas e s√≥ est√£o presentes na vers√£o PRO, com as √∫ltimas atualiza√ß√µes ficou demasiado chata e intrusiva na barra de notifica√ß√µes com informa√ß√£o in√∫til que s√≥ serve para mostrar publicidade quando abrimos a aplica√ß√£o. Desinstalado, voto negativo.
[high_app_2_com_90] Propaganda at√© na tela de descanso?? Dai n√£o d√°.
[high_app_2_com_91] Esta travando muiito meu celulare
[high_app_2_com_92] O bloqueador de chamadas n√£o est√° funcionando!
[high_app_2_com_93] Eu precisava desistalar mas n consigo
[high_app_2_com_94] Boa noite vou tentar usar n√£o sei bem...
[high_app_2_com_95] Estou tentando desativar o Aplicativo mais ele est√° como administrador e nao consigo mudar vou ter que renicializar o aparelho
[high_app_2_com_96] √â incr√≠vel a propaganda de voc√™s oferecem um pacote de servi√ßos comprando a vers√£o Pro. Como remo√ß√£o de an√∫ncios, voc√™ compra a√≠ descobri que para usufruir de remo√ß√£o de an√∫ncios voc√™ tem que comprar mais uma licen√ßa, deixem de enganar as pessoas, pois se pudesse voltar meu dinheiro cancelava agora ‚Ä¶Resenha completa√â incr√≠vel a propaganda de voc√™s oferecem um pacote de servi√ßos comprando a vers√£o Pro. Como remo√ß√£o de an√∫ncios, voc√™ compra a√≠ descobri que para usufruir de remo√ß√£o de an√∫ncios voc√™ tem que comprar mais uma licen√ßa, deixem de enganar as pessoas, pois se pudesse voltar meu dinheiro cancelava agora e removia agora o programa.
[high_app_2_com_97] Tanta propaganda e recursos in√∫teis
[high_app_2_com_98] Promo√ß√£o de 1 real que se renova a 159,00 , fui enganado.
[high_app_2_com_99] O app ficou muito chato com essa tela de carga de bateria. Toda vez que destravo meu celular, ainda tenho que deslizar ela de lado. E n√£o tem op√ß√£o de parar. Isso √© muito ruim! N√£o quero app mudando qualquer layout do meu celular sem minha permiss√£o!! Como desligo isso???
[high_app_2_com_100] Uma bosta
[high_app_2_com_101] Tenho assinatura do Avast, mas n√£o tenho nada que comprove essa assinatura a n√£o ser aqui na p√°gina do play store no gerenciador de assinaturas, pois quanto entro na p√°gina do Avast consta que tenho que comprar as licen√ßas. Acho que a assinatura que fiz era s√≥ para N√£o ter propagandas pois as fun√ß√µ‚Ä¶Resenha completaTenho assinatura do Avast, mas n√£o tenho nada que comprove essa assinatura a n√£o ser aqui na p√°gina do play store no gerenciador de assinaturas, pois quanto entro na p√°gina do Avast consta que tenho que comprar as licen√ßas. Acho que a assinatura que fiz era s√≥ para N√£o ter propagandas pois as fun√ß√µes que uso s√£o as mesmas dispon√≠veis para quem n√£o tem.
[high_app_2_com_102] Gente que aplicativo ruim esquentou muito meu celular e ele ficava s√≥ travando
[high_app_2_com_103] Muito ruim!!! Esse aplicativo apenas consumiu com a bateria mais r√°pido e travou muito meu celular.
[high_app_2_com_104] Se pegar conex√£o com o servidor est√° prazo 7 fevereiro tenho 1 semana de desconectado pro?
[high_app_2_com_105] Tanta propaganda e recursos in√∫teis
[high_app_2_com_106] J√° gostei muito mais agora ta muito paia
[high_app_2_com_107] N√£o elimina malware, propaganda enganosa
[high_app_2_com_108] Engana√ß√£o comprei por 2 anos e n√£o usei 3 meses dinheiro jogado fora
[high_app_2_com_109] Nao consigo desintalar toma muoto espa√ßo quero q vcs arrumen isso ou prpcesso vcs por favor nao abaixem requer muitas opini√µes üò°üò°
[high_app_2_com_110] Muita propaganda , dai voc√™ clica pra fazer uma limpeza, aonde escreve que vai apenas excluir o "lixo" do telefone ele excluiu todos seus arquivos, fotos e m√∫sica. N√£o possui nem op√ß√£o do que voc√™ quer que exclua . Raiva define.
[high_app_2_com_111] As vers√µes anteriores eu desistalei porqu√™ trava o cel. Est√° √∫ltima √© pior do que v√≠rus trava e vc tem que reiniciar o cel. N√£o recomendo.
[high_app_2_com_112] Quero desintala esse App e n√£o estou conseguindo. Por favor algum adm?. Fazer um favor de me da aux√≠lio para desistala esse App e apagar ele daqui e nunca mais baixa ele novamente!!! #obsta
[high_app_2_com_113] Quero q algu√©m administrador do App me Responda. Cad√™ minha fotos q sumiram do cofre d fotos? Quero todas peguei pelo App e minhas fotos sumiram quero de volta.
[high_app_2_com_114] Odiei a nova atualiza√ß√£o. Fica na barra de notifica√ß√µes e n√£o sai. Se isso √± sair eu vou ter q desistalar.
[high_app_2_com_115] N√£o gostei e n√£o consigo desativar
[high_app_2_com_116] Trava tudo tive que restaurar o celular
[high_app_2_com_117] Est√° aparecendo propaganda na tela de bloqueio e est√° deixando o celular pesado! Acabei de excluir o app
[high_app_2_com_118] Depois que baixado o Avast meu celular trava toda hora e est√° lento e fechando tento desativa-lo e desinstalar e ele n√£o desinstala antiv√≠rus mentiroso.
[high_app_2_com_119] As defini√ß√µes de v√≠rus est√£o desatualizadas e aparece mensagem de falha sempre que tento atualizar. Ou seja, o celular n√£o est√° seguro.
[high_app_2_com_120] Horrivel
[high_app_2_com_121] Esse app esta travando meu celular e n√£o consigo desinstalar do meu celular, estou desesperada, pfv me Ajudemüòì
[high_app_2_com_122] Nem comecei usar e travou meu celular
[high_app_2_com_123] Baixei o App mas ao tentar desinstalar..ele n√£o executava o comando.
[high_app_2_com_124] Depois da ultima atualiza√ß√£o o app n√£o conclui o escaneamento de V√≠rus, trava, aquece meu aparelho e at√© consume toda a minha carga de bateria meu celular que √© um Lg LPrime
[high_app_2_com_125] Demorado de mais
[high_app_2_com_126] O App √© bom, mas estou sendo cobrada indevidamente pela assinatura. O avast diz q estou com uma vers√£o gratuita e fica me oferecendo desconto. S√≥ que eu fiz uma assinatura anual em janeiro deste ano e j√° foi descontado e pago na fatura do meu cart√£o de cr√©dito. J√° faz mais de 10 dias que tento conta‚Ä¶Resenha completaO App √© bom, mas estou sendo cobrada indevidamente pela assinatura. O avast diz q estou com uma vers√£o gratuita e fica me oferecendo desconto. S√≥ que eu fiz uma assinatura anual em janeiro deste ano e j√° foi descontado e pago na fatura do meu cart√£o de cr√©dito. J√° faz mais de 10 dias que tento contato com algu√©m da avast, mas sem sucesso. Vou cancelar esse aplicativo e procurar por outro. Teresa eu j√° tinha enviado o problema para o e-mail q vc informou, pois copie ele das respostas anteriores e como ningu√©m respondeu eu desinstalei e reinstalei o Avast e s√≥ assim consegui recuperar a minha assinatura.
[high_app_2_com_127] Deixa o gran prime muito lento
[high_app_2_com_128] N√£o consigo desinstalar. Um inferno. Odiei vou ter formatar meu Celular.
[high_app_2_com_129] Gasta um bateria absurda sem mesmo utilizar, n√£o d√° pra manter esse app no celular.
[high_app_2_com_130] Ruim
[high_app_2_com_131] Muitas propagandas, chega a incomodar.
[high_app_2_com_132] H√° dois dias o Avast vem informando problemas detectados e quando dou a op√ß√£o de corrigir fecha a p√°gina do aplicativo.
[high_app_2_com_133] N√£o baixe esse aplicativo
[high_app_2_com_134] √â uma vergonha ver um software t√£o bom para pc, mas para Android t√£o horr√≠vel. Tive que voltar para a vers√£o 4.0 do antiv√≠rus. √â muita inutilidade mesmo. O que a Avast fez depois de 2014? Tirou f√©rias? Vejam o lixo que ficou!
[high_app_2_com_135] √â horrivel eu instalei e comecei a usar e ele descarregou o meu celular sendo que ele estava 82%üò°üò°
[high_app_2_com_136] Useless.
[high_app_2_com_137] N√£o gostei tudo o que eu clicava tipo limpar ou economia de bateria ia l√° no playstory pra baixar aff da√≠ do que adianta o aplicativo avast ficar s√≥ ocupando espa√ßo no celular se precisa baixar mais aplicativos?
[high_app_2_com_138] Antes da atualiza√ß√£o o bloqueio de app funcionava. Agora n√£o funciona mais. Isso foi ontem...
[high_app_2_com_139] Atrav√©s do my.avast, n√£o consegui utilizar os servi√ßos como o anti theft... Aparace a mesma mensagem, "n√£o foi poss√≠vel localizar seu aparelho." Decepcionante.
[high_app_2_com_140] Gasta muita bateria. Fica no fica na tela de notifica√ß√£o s√≥ enchendo o saco, n√£o recomendo.
[high_app_2_com_141] Gostaria de saber se com o Avast Pro tenho acesso ao Avast security line e os outros aplicativos da Avast no modo Premium ou pro como for o nome ....
[high_app_2_com_142] Se eu for instalar todos apps que esse pede , o meu cel trava de tanta propagandas !
[high_app_2_com_143] Ele trava muito o celular
[high_app_2_com_144] Gasta um bateria absurda sem mesmo utilizar, n√£o d√° pra manter esse app no celular.
[high_app_2_com_145] O bloqueador de chamadas est√£o bloqueando chamadas importantes, todas chamadas sendo bloqueadas e ainda quando bloqueia o Cel que antes estava em modo vibrat√≥rio volta a tocar. Verifiquem isso!
[high_app_2_com_146] O app n√£o abre, n√£o dar pra fazer nada
[high_app_2_com_147] N√£o bloqueia os an√∫ncios como diZ na publicidade. Publicidade enganosa. Quero meu dinheiro de volta.
[high_app_2_com_148] Um aplicativo exelente o melhor de todos o melhor que ja usei
[high_app_2_com_149] Comprei, paguei, usei por uns 10 dias, atualizei, parou de funcionar o pago, quando tento entrar, diz que meu email n√£o tem vinculo com a conta... Puxa, chato mesmo...
[high_app_2_com_150] N√£o estou conseguindo controlar ele remotamente, preciso de ajuda quanto a isto Avast.
[high_app_2_com_151] Ruim
[high_app_2_com_152] Insatisfeito, comprei a vers√£o pr√≥, m√°s n√£o veio nenhum recursos adicional, s√≥mente tirou as propagandas e para limpeza profunda tem que instalar o creaanup que tem a mesma interface com tudo que o Avast tem e cheio de pro pagandas. Dever√≠amos ser mais completo por ser pago e n√£o depender do creaanu‚Ä¶Resenha completaInsatisfeito, comprei a vers√£o pr√≥, m√°s n√£o veio nenhum recursos adicional, s√≥mente tirou as propagandas e para limpeza profunda tem que instalar o creaanup que tem a mesma interface com tudo que o Avast tem e cheio de pro pagandas. Dever√≠amos ser mais completo por ser pago e n√£o depender do creaanup.
[high_app_2_com_153] Como desativa isso eu n√£o consigo de forma alguma, no meu celular n√£o aparece essa fun√ß√£o para o avast
[high_app_2_com_154] Lixo. Nao detectou sequestrador de navegador.
[high_app_2_com_155] N√£o consigo ativar minha conta paga entro na p√°gina do Avast n√£o encontra meu celular
[high_app_2_com_156] N√£o estou gostando porque interrompe chamadas,mensagens, cheio de propagandas de compras e j√° saiu aqui na hora da digita√ß√£o para comprar novamente! N√£o gostei mesmo!
[high_app_2_com_157] Essa merdaa nao quer desistala
[high_app_2_com_158] Sempre usei esta app pelas suas funcionalidades Anti-Theft agora constatei que parte das funcionalidades foram retiradas e s√≥ est√£o presentes na vers√£o PRO, com as √∫ltimas atualiza√ß√µes ficou demasiado chata e intrusiva na barra de notifica√ß√µes com informa√ß√£o in√∫til que s√≥ serve para mostrar publicid‚Ä¶Resenha completaSempre usei esta app pelas suas funcionalidades Anti-Theft agora constatei que parte das funcionalidades foram retiradas e s√≥ est√£o presentes na vers√£o PRO, com as √∫ltimas atualiza√ß√µes ficou demasiado chata e intrusiva na barra de notifica√ß√µes com informa√ß√£o in√∫til que s√≥ serve para mostrar publicidade quando abrimos a aplica√ß√£o. Desinstalado, voto negativo.
[high_app_2_com_159] Assinei, pois esperava ficar melhor sem os an√∫ncios, mas simplesmente ficou insuport√°vel o uso do celular, pois travava at√© o teclado, a internet, o acesso a arquivos (fotos, documentos, etc) no celular! Desinstalei e foi autom√°tico, celular voltou ao normal!!!
[high_app_2_com_160] Tinha que esfriar o meu celular
[high_app_2_com_161] Gostaria d saber pq as fotos q estava no cofre d fotos sumiram sozinhos
[high_app_2_com_162] O bloqueador de chamadas n√£o est√° funcionando.
[high_app_2_com_163] Boa noite vou tentar usar n√£o sei bem...
[high_app_2_com_164] Eu amei o Avast mais eu acho que por quais e do avast o meu guardians arena est√° saindo toda vez que eu Fasso alguma batalha
[high_app_2_com_165] Cumpri o que diz mas esta me indesejando bloqueador de chamadas deixa passar algumas chamadas indesejada melhorem isso est√° deixando passar chamadas coisa que n√£o √©. Pra ficar
[high_app_2_com_166] Gostaria de saber se com o Avast Pro tenho acesso ao Avast security line e os outros aplicativos da Avast no modo Premium ou pro como for o nome ....
[high_app_2_com_167] √â um alerta trava toda hr
[high_app_2_com_168] Esse antiv√≠rus faz meu celular esquentar muito Vou desinstalar
[high_app_2_com_169] Meu tel. Est√° desligando direto. Do nada ele reinicia. Se tiver alguma solu√ß√£o estou a disposi√ß√£o.
[high_app_2_com_170] Toda vez que tento bloquear um App ele me da um trabalho, j√° reclamei e solicitei o cancelamento mais ningu√©m resolveu. Estou pagando mais nao estou usufruindo do benef√≠cio de bloqueio
[high_app_2_com_171] Melhorou bastante esta nota 10
[high_app_2_com_172] Demorado de mais
[high_app_2_com_173] O app locking nunca funciona no LG G3 Stylus 5.0.2 D690n
[high_app_2_com_174] Tem an√∫ncio isso rediculo era ser sem an√∫ncios pelo menos.
[high_app_2_com_175] Estou usando a vers√£o Pro e ainda t√¥ recebendo an√∫ncios que n√£o quero como que fica
[high_app_2_com_176] P√©ssimo app, todas a vezes que vou fazer verifica√ß√£o/limpeza trava o aparelho. Irei pedir reembolso. N√£o instalem, √© lixo de app.
[high_app_2_com_177] Est√° travando meu celular
[high_app_2_com_178] N√£o abriu pesado esquenta o smartphone üòè
[high_app_2_com_179] Imposs√≠vel desinstalar esse inferno desse app
[high_app_2_com_180] N√£o gostei
[high_app_2_com_181] Eu instalei ele pra melhora o meu celular, mas s√≥ t√° travando e o aplicativo n√£o que sair de jeito nenhum eu estou tentando desinstalar mas n√£o estou conseguindo
[high_app_2_com_182] Ainda est√° detequitando v√≠rus
[high_app_2_com_183] Nao para que colocar o an√∫ncio da 99pop que eu odeio
[high_app_2_com_184] Atrav√©s do my.avast, n√£o consegui utilizar os servi√ßos como o anti theft... Aparace a mesma mensagem, "n√£o foi poss√≠vel localizar seu aparelho." Decepcionante.
[high_app_2_com_185] No momento de escanear o celular, fica dando falha e n√£o executa, mesmo comprando a vers√£o paga.
[high_app_2_com_186] Ap√≥s instala√ß√£o o celular come√ßou a travar e a ficar desligando e ligando tela.
[high_app_2_com_187] Pior aplicativo antiv√≠rus que j√° instalei em meus smartphones. Tenho ele em um Samsung Galaxy A5 s√≥ porque a licen√ßa renovou automaticamente sem que eu soubesse. Agora, al√©m de ficar desativando sozinho o m√≥dulo de seguran√ßa online, ainda trava o tempo inteiro. √â p√©ssimo. N√£o percam tempo baixando e‚Ä¶Resenha completaPior aplicativo antiv√≠rus que j√° instalei em meus smartphones. Tenho ele em um Samsung Galaxy A5 s√≥ porque a licen√ßa renovou automaticamente sem que eu soubesse. Agora, al√©m de ficar desativando sozinho o m√≥dulo de seguran√ßa online, ainda trava o tempo inteiro. √â p√©ssimo. N√£o percam tempo baixando este lixo. S√≥ n√£o dou 0 estrela porque a PlayStore n√£o permite. Nota 0.
[high_app_2_com_188] N√£o gostei!! O bloqueador de chamada n√£o funciona direito!! O n√∫mero est√° bloqueado e cont√≠nua ligando üò£
[high_app_2_com_189] Recomendoo, me sinto ate mas segura!! ahaa tava feliz cm esse antiviruz ai do nada eles apagaram toda as minha fotos bolada
[high_app_2_com_190] Como recuperar o pin do avast
[high_app_2_com_191] Pq tem coisa paga quer dizer que eu tenho que pagar pra proteger meu celular depois da atualiza√ß√£o ficou horrivel sem falar nos anuncios pelo menos liberem o bloqueio de apps
[high_app_2_com_192] n√£o cumpre o que promete, mentirosos
[high_app_2_com_193] Bom instalei esse App ta travando meu aparelho. O pior √© que n√£o consigo desistalar simplesmente n√£o desintalar. Me ajude ai . Como fa√ßo para tirair isso do meu celular.
[high_app_2_com_194] P√©ssimo!! N√£o escaneia corretamente,eu tinha 3 v√≠rus no meu dispositivo e o Avast n√£o detectou!!!
[high_app_2_com_195] O app do nada parou e nem se quer abre!! Est√° totalmente in√∫til. üëé
[high_app_2_com_196] Esquentou meu J5 assim que instalado üòï
[high_app_2_com_197] Nunca consigo rastrear meu celular o sistema n√£o consegue entrar em contato com o celular nem usando internet wireless
[high_app_2_com_198] Um lixo n√£o abre no Android 6.0 esta bugado, fecha e n√£o mantem aberto para os procedimento de limpeza.
[high_app_2_com_199] Otimo üëçüëç
[high_app_2_com_200] Funcionava bem, mas depois que atualizei tenho notado que a bateria agora n√£o aguenta mais 2 dias. Agora todo dia tenho que recarregar, hoje ela consumiu 31% da bateria, o segundo app que mais consumiu, s√≥ utilizou 10%.
[high_app_2_com_201] N√£o consegue se conectar ao meu dispositivo para ativar o anti furto.
[high_app_2_com_202] N√£o percebi nenhuma a√ß√£o do Avast...
[high_app_2_com_203] Fala que e gratuito quando agente baixa fala que tem que pagar 9.99 propaganda enganosa eh eu nao vou pagar nem um centavo
[high_app_2_com_204] N√£o gostei da fun√ß√£o limpeza, toda vez que a uso, desconfigura outros aplicativos, apaga a forma que os deixo voltando os a forma original.
[high_app_2_com_205] Era muito bom mais de uns dias pra c√° toda vez que mando fazer a varredura ele fecha √© para de funcionar e n√£o adianta desinstalar e instalar novamente que o problema persiste .
[high_app_2_com_206] V√≠rus puro raker rakeo meu celular
[high_app_2_com_207] Pe√ßo ajuda pois n√£o consigo activar a minha conta para localizar o meu tef Via computador diz "falha de autoriza√ß√£o" e nao consigo ligar a conta para activar o dispositivo no my avast ainda por cima paguei uma subscri√ß√£o de um ano
[high_app_2_com_208] Est√° com problemas? N√£o consigo abrir.
[high_app_2_com_209] Esta travando muiito meu celulare
[high_app_2_com_210] N√£o memoriza conta que foi feita a assinatura, a√≠ voc√™ perde toda configura√ß√£o pois volta para a vers√£o trial e fica sem prote√ß√£o apesar de ter uma vers√£o paga.
[high_app_2_com_211] Toda vez que tento bloquear um App ele me da um trabalho, j√° reclamei e solicitei o cancelamento mais ningu√©m resolveu. Estou pagando mais nao estou usufruindo do benef√≠cio de bloqueio
[high_app_2_com_212] Bom instalei esse App ta travando meu aparelho. O pior √© que n√£o consigo desistalar simplesmente n√£o desintalar. Me ajude ai . Como fa√ßo para tirair isso do meu celular.
[high_app_2_com_213] Meu celular trava o tempo todo .
[high_app_2_com_214] Desejo encerrar a conta por favor. N√£o estou conseguindo desativar. Obrigado
[high_app_2_com_215] Imposs√≠vel desinstalar esse inferno desse app
[high_app_2_com_216] Depois de algumas atualiza√ß√µes os n√∫meros bloqueados na lista negra continuam me ligando e chamando no celular. Vers√£o paga.
[high_app_2_com_217] Paguei este app para n√£o ter dor de cabe√ßa... Mais fica aparecendo na tela direto msg o Avast parou... Enviar feedback j√° mandei mais de 30 para que se vcs n√£o resolvem... Quero meu dinheiro de volta proporcional aos meses que falta de assinatura... Avast antiv√≠rus nunca mais....
[high_app_2_com_218] Ruim
[high_app_2_com_219] A prote√ß√£o dos aplicativos s√≥ na vers√£o pro,entre outras coisas. N√£o recomendo.
[high_app_2_com_220] Engana√ß√£o comprei por 2 anos e n√£o usei 3 meses dinheiro jogado fora
[high_app_2_com_221] Tem an√∫ncio demais e n√£o √© aquilo tudo que parece ser.
[high_app_2_com_222] N√£o consigo desinstalar. Um inferno. Odiei vou ter formatar meu Celular.
[high_app_2_com_223] Muita propaganda no app Free n√£o consigo fazer nada com essas propagandas in√∫teis
[high_app_2_com_224] Travou meu aparelho, precisei fazer boot e perdi muito material de trabalho. N√£o instalem! √â uma armadilha!
[high_app_2_com_225] Quando eu baixei este antiv√≠rus deu bug no escaneamento
[high_app_2_com_226] Est√° faltando ele localizar o celular
[high_app_2_com_227] Sempre fui f√£ do avast mas. Estou parando de usa-lo pela fun√ß√£o de testar wifi eu estava usando o gps na moto e o celular conectou ele abriu uma janela em cima do meu mapa quase tive um acidente por favor mudem isso.
[high_app_2_com_228] Est√° travando meu celular
[high_app_2_com_229] Promo√ß√£o de 1 real que se renova a 159,00 , fui enganado.
[high_app_2_com_230] Sua nota √© 0,0 n√£o presta
[high_app_2_com_231] N√£o elimina malware, propaganda enganosa
[high_app_2_com_232] Era bom n√£o elimina todos os v√≠rus
[high_app_2_com_233] O meu celular √© um Moto Z2 play ou seja a bateria dele era para durar no m√°ximo 5 a 6 horas a partir do dia em q eu resolvi utilizar a op√ß√£o do aplicativo "aumentar" o tempo de dura√ß√£o da bateria o meu celular v√™em gastando o dobro de bateria do que o normal, antes de utilizar esta op√ß√£o a bateria d‚Ä¶Resenha completaO meu celular √© um Moto Z2 play ou seja a bateria dele era para durar no m√°ximo 5 a 6 horas a partir do dia em q eu resolvi utilizar a op√ß√£o do aplicativo "aumentar" o tempo de dura√ß√£o da bateria o meu celular v√™em gastando o dobro de bateria do que o normal, antes de utilizar esta op√ß√£o a bateria do meu celular durava -+ 5 horas hoje dia ela dura apenas 3 horas ent√£o por favor arrumem isso pois este defeito n√£o d√° marca ! Estou mto arrependida de ter instalado este app
[high_app_2_com_234] Lixo fica me incomodando toda hora se lerem fica a dica n√£o baixe esse APP‚úå
[high_app_2_com_235] Antes da atualiza√ß√£o o bloqueio de app funcionava. Agora n√£o funciona mais. Isso foi ontem...
[high_app_2_com_236] Gostaria de saber o motivo, de avisar que tem problemas e o App n√£o corrige os problemas que ele mesmo est√° mostrando? Se ele motra deveria corrigir... agrardo alguma resposta ... obrigada
[high_app_2_com_237] N√£o gostei Fala que meu telefone t√£o com virus, mais n√£o tira o v√≠rus....
[high_app_2_com_238] Assinei, pois esperava ficar melhor sem os an√∫ncios, mas simplesmente ficou insuport√°vel o uso do celular, pois travava at√© o teclado, a internet, o acesso a arquivos (fotos, documentos, etc) no celular! Desinstalei e foi autom√°tico, celular voltou ao normal!!!
[high_app_2_com_239] Muito √° melhorar ainda.
[high_app_2_com_240] Olha pessoal √© o melhor antiv√≠rus que j√° baixei mas estou desinstalando nesse momento porque ele consome em torno de 30MB de internet por dia dos meus dados m√≥veis, a√≠ n√£o tem condi√ß√µes n√© pessoal? S√≥ lamento mas n√£o d√°, se mudar isso volto a instalar.
[high_app_2_com_241] Pesado demais
[high_app_2_com_242] Nao para que colocar o an√∫ncio da 99pop que eu odeio
[high_app_2_com_243] Paguei o Avast Pro anual, e solicitou uma atualiza√ß√£o q travou meu celular Moto Z. Tive q reinicia - lo de f√°brica e qnd entrei novamente no Avast eles est√£o me cobrando e oferecendo o Pro novamente!!!
[high_app_2_com_244] N√£o est√° bloqueando chamadas
[high_app_2_com_245] Fala q gratuito mas final vem valor mensal
[high_app_2_com_246] O bloqueador de chamada n√£o est√° funcionando Vc bloqueia o n√∫mero mas mesmo assim as chamadas continuam ocorrendo
[high_app_2_com_247] Sempre usei esta app pelas suas funcionalidades Anti-Theft agora constatei que parte das funcionalidades foram retiradas e s√≥ est√£o presentes na vers√£o PRO, com as √∫ltimas atualiza√ß√µes ficou demasiado chata e intrusiva na barra de notifica√ß√µes com informa√ß√£o in√∫til que s√≥ serve para mostrar publicid‚Ä¶Resenha completaSempre usei esta app pelas suas funcionalidades Anti-Theft agora constatei que parte das funcionalidades foram retiradas e s√≥ est√£o presentes na vers√£o PRO, com as √∫ltimas atualiza√ß√µes ficou demasiado chata e intrusiva na barra de notifica√ß√µes com informa√ß√£o in√∫til que s√≥ serve para mostrar publicidade quando abrimos a aplica√ß√£o. Desinstalado, voto negativo.
[high_app_2_com_249] Quero saber como fa√ßo pra desinstalar.
[high_app_2_com_250] Avast apagou todos as fotos e v√≠deos, o que fa√ßo para recuperar?
[high_app_2_com_252] 5 estrelas o caramba!! Precisa para os bugs! Trava mto
[high_app_2_com_253] N√£o gostei
[high_app_2_com_251] Paguei o Avast Pro anual, e solicitou uma atualiza√ß√£o q travou meu celular Moto Z. Tive q reinicia - lo de f√°brica e qnd entrei novamente no Avast eles est√£o me cobrando e oferecendo o Pro novamente!!!
[high_app_2_com_254] N√£o gostei de ter pago e n√£o ter o aplicativo bloqueando liga√ß√µes indesejadas, fix it!
[high_app_2_com_256] Esse antiv√≠rus faz meu celular esquentar muito Vou desinstalar
[high_app_2_com_257] Gostaria de saber o motivo, de avisar que tem problemas e o App n√£o corrige os problemas que ele mesmo est√° mostrando? Se ele motra deveria corrigir... agrardo alguma resposta ... obrigada
[high_app_2_com_258] Se pegar conex√£o com o servidor est√° prazo 7 fevereiro tenho 1 semana de desconectado pro?
[high_app_2_com_259] N√£o gostei de ter pago e n√£o ter o aplicativo bloqueando liga√ß√µes indesejadas, fix it!
[high_app_2_com_255] Ap√≥s instalar avast, come√ßaram in√∫meros problemas no celular, inclusive problema para atualizar ou baixar app na store.
[high_app_2_com_261] Ainda estou avaliando
[high_app_2_com_262] N√£o consigo ativar minha conta paga entro na p√°gina do Avast n√£o encontra meu celular
[high_app_2_com_260] Muito ruim!!! Esse aplicativo apenas consumiu com a bateria mais r√°pido e travou muito meu celular.
[high_app_2_com_264] Recomendoo, me sinto ate mas segura!! ahaa tava feliz cm esse antiviruz ai do nada eles apagaram toda as minha fotos bolada
[high_app_2_com_265] Diz que √© gratuito s√≥ engana√ß√£o
[high_app_2_com_263] Pq tem coisa paga quer dizer que eu tenho que pagar pra proteger meu celular depois da atualiza√ß√£o ficou horrivel sem falar nos anuncios pelo menos liberem o bloqueio de apps
[high_app_2_com_266] Melhorou bastante esta nota 10
[high_app_2_com_267] Olha pessoal √© o melhor antiv√≠rus que j√° baixei mas estou desinstalando nesse momento porque ele consome em torno de 30MB de internet por dia dos meus dados m√≥veis, a√≠ n√£o tem condi√ß√µes n√© pessoal? S√≥ lamento mas n√£o d√°, se mudar isso volto a instalar.
[high_app_2_com_268] Engana√ß√£o comprei por 2 anos e n√£o usei 3 meses dinheiro jogado fora
[high_app_2_com_269] Tentei utilizar o bloqueador de chamadas mas n√£o est√° funcionando, ainda continuo recebendo as liga√ß√µes dos mesmos n√∫meros que est√£o na lista negra. N√£o considero eficiente este recurso, espero que, com rela√ß√£o ao antiv√≠rus, esteja realmente bloqueando üòû
[high_app_2_com_270] Meu celular esta em risco...instale e pague outros App para solucionar. "Pega trouxa" N√ÉO INSTALEM !!!!
[high_app_2_com_271] N√£o gostei. O aplicativo fez com que meu smartphone esquentasse e travasse ainda mais e n√£o conseguiu o v√≠rus.
[high_app_2_com_272] Tudo parou por causa do antiv√≠rus nao da para mexer
[high_app_2_com_273] Est√° horr√≠vel
[high_app_2_com_275] N√£o gostei tudo o que eu clicava tipo limpar ou economia de bateria ia l√° no playstory pra baixar aff da√≠ do que adianta o aplicativo avast ficar s√≥ ocupando espa√ßo no celular se precisa baixar mais aplicativos?
[high_app_2_com_276] como posso desbloquear o celular, uma vez que esqueci a senha no Avast Mobile
[high_app_2_com_274] O pr√≥prio app abriu uma tela de avalia√ß√£o e marcou as 5 estrelas, sem eu sequer ter tocado na tela do celular. Um absurdo usarem os clientes assim. Baixei para testar, mas n√£o vou continuar. Rid√≠culo!
[high_app_2_com_277] Estou tentando desativar o Aplicativo mais ele est√° como administrador e nao consigo mudar vou ter que renicializar o aparelho
[high_app_2_com_278] Meu celular trava o tempo todo .
[high_app_2_com_279] Ent√£o j√° entaram no meu whatsapp √© quero saber se tem como ver quem tenta entra em nosso telefone gostaria muito de ter essa op√ß√£o
[high_app_2_com_282] O bloqueador de chamadas, nao esta bloqueando alguns n√∫meros....Isso √© muito importante para mim. Pe√ßo que revejam tal pane, ou ent√£o terei q darcuma estrela e mudar de app.
[high_app_2_com_280] P√©ssimo app, todas a vezes que vou fazer verifica√ß√£o/limpeza trava o aparelho. Irei pedir reembolso. N√£o instalem, √© lixo de app.
[high_app_2_com_281] Esse aplicativo consome mais bateria q a tela...
[high_app_2_com_283] Bloqueador de chamadas √© migu√©, n√£o funciona. Como vou confiar no antiv√≠rus. Estou removendo.
[high_app_2_com_284] Atrav√©s do my.avast, n√£o consegui utilizar os servi√ßos como o anti theft... Aparace a mesma mensagem, "n√£o foi poss√≠vel localizar seu aparelho." Decepcionante.
[high_app_2_com_285] V√≠rus puro raker rakeo meu celular
[high_app_2_com_286] Acontece que o smartphone est√° infestado de v√≠rus √© essa aplica√ß√£o s√≥ ocupa espa√ßo no seu Android ao inv√©s de encontrar os vidros . Uma dica para quem quer antevirus instalem o malwarebites esse vai fazer a diferen√ßa
[high_app_2_com_287] da erro e fecha umas 10 vezes por dia. O pior de tudo √© que eu paguei por isso
[high_app_2_com_288] P√©ssimo
[high_app_2_com_289] Horr√≠vel um lixo total se eu pudesse nao dava nem uma estrela pq esse app nao merece
[high_app_2_com_290] Peguei a vers√£o paga, mas n√£o √© muito diferente da gr√°tis. Tem v√°rias ferramentas que t√™m que pagar separa√ß√£o. Vou cancelar a vers√£o paga, j√° que est√° vencendo o per√≠odo.
[high_app_2_com_291] Encheu meu celular de propaganda popup, nunca mais.
[high_app_2_com_292] Depois da ultima atualiza√ß√£o o app n√£o conclui o escaneamento de V√≠rus, trava, aquece meu aparelho e at√© consume toda a minha carga de bateria meu celular que √© um Lg LPrime
[high_app_2_com_293] Depois que baixado o Avast meu celular trava toda hora e est√° lento e fechando tento desativa-lo e desinstalar e ele n√£o desinstala antiv√≠rus mentiroso.
[high_app_2_com_294] Ruin
[high_app_2_com_295] Comprei a licen√ßa anual e n√£o consigo utilizar, n√£o tem campo pra digitar a licen√ßa, paguei e estou usando vers√£o com an√∫ncios, horr√≠vel muito ruim pagar e n√£o conseguir utilizar. J√° penso em abandonar e compraram outro antiv√≠rus.
[high_app_2_com_296] Assinei a vers√£o Pr√≥,pq odeio os an√∫ncios,mas infelizmente eles continuam
[high_app_2_com_297] Trava toda hora
[high_app_2_com_298] H√° aproximadamente 2 meses, comprei a licen√ßa por um ano, por√©m n√£o sei o que aconteceu o aplicativo foi desativado. Hoje, estou usando a vers√£o gratuita. Lament√°vel
[high_app_2_com_248] O app quer que baixem outros app deles pra vc ter um antiv√≠rus razo√°vel tem que pagar al√©m de ficar com uma mensagem chata na barra de notifica√ß√£o o telefone apaga toda hora tem que inserir senha nele toda hora ela s√≥ faz todas as tarefas se pagar odiei o app
[high_app_2_com_299] Tem an√∫ncio isso rediculo era ser sem an√∫ncios pelo menos.
[high_app_2_com_300] Quando tento entrar na conta S√≥ aparece: Desculpe a autoriza√ß√£o n√£o foi conclu√≠da. N√£o consigo usar por isso. O que fazer.
[high_app_2_com_302] Est√° travando meu celular
[high_app_2_com_301] Usava principalmente para bloquear chamadas indesejadas, mas depois que atualizei, o bloqueador de chamadas n√£o funcionava mais.
[high_app_2_com_303] Olha o aplicativo √© √≥timo por√©m baixei ele para limpar v√≠rus logo depois desinstalei e fui escutar m√∫sica todas tinham desaparecido e todas minhas fotos/v√≠deos tmb queria uma resposta da empresa pois estou bem decepcionada..
[high_app_2_com_305] N√£o consigo ativar minha conta paga entro na p√°gina do Avast n√£o encontra meu celular
[high_app_2_com_306] Perfeito, esse android..
[high_app_2_com_308] Tnc essa desgra√ßa n desistala
[high_app_2_com_307] J√° gostei muito mais agora ta muito paia
[high_app_2_com_310] Ruin
[high_app_2_com_309] Ap√≥s instala√ß√£o o celular come√ßou a travar e a ficar desligando e ligando tela.
[high_app_2_com_311] Comprei a vers√£o pr√≥ paguei e depois de 6 dias n√£o esta mais como vers√£o paga isso e um absurdo, quero meu dinheiro de volta
[high_app_2_com_312] Tanta propaganda e recursos in√∫teis
[high_app_2_com_313] Tinha que esfriar o meu celular
[high_app_2_com_314] Meu celular travou foi mais
[high_app_2_com_315] O APP √© bom, por√©m aparecem propagandas do nada. As vezes eu estou no trabalho ou em aula, e quando abro o celular aparece uma propaganda em video com um √°udio alt√≠ssimo. Se n√£o resolver esse problema provavelmente irei desinstala-lo. PS: e estou usando a vers√£o paga.
[high_app_2_com_316] Boa noite vou tentar usar n√£o sei bem...
[high_app_2_com_317] O app ficou muito chato com essa tela de carga de bateria. Toda vez que destravo meu celular, ainda tenho que deslizar ela de lado. E n√£o tem op√ß√£o de parar. Isso √© muito ruim! N√£o quero app mudando qualquer layout do meu celular sem minha permiss√£o!! Como desligo isso???
[high_app_2_com_318] Eu instalei ele pra melhora o meu celular, mas s√≥ t√° travando e o aplicativo n√£o que sair de jeito nenhum eu estou tentando desinstalar mas n√£o estou conseguindo
[high_app_2_com_304] Eu fico tentando abrir o APK mas quando eu abro ele fecha e o meu celular √© da vers√£o 4.4.2!!
[high_app_2_com_320] √â horrivel eu instalei e comecei a usar e ele descarregou o meu celular sendo que ele estava 82%üò°üò°
[high_app_2_com_321] Lixo fica me incomodando toda hora se lerem fica a dica n√£o baixe esse APP‚úå
[high_app_2_com_322] Ele trava d mais aff
[high_app_2_com_323] Muito lento e trava o celular direto... verifica virus nem apaga fotos duplicadas... N√£o tenho nenhuma foto duplicada no meu celular e diz q tem centenas.... a√≠ coloquei umq foto duplicada e o aplicativo falou q tinha 97 sendo q era s√≥ uma... vai se ferrar. ... desinstalando pq alem de ser uma bosta‚Ä¶Resenha completaMuito lento e trava o celular direto... verifica virus nem apaga fotos duplicadas... N√£o tenho nenhuma foto duplicada no meu celular e diz q tem centenas.... a√≠ coloquei umq foto duplicada e o aplicativo falou q tinha 97 sendo q era s√≥ uma... vai se ferrar. ... desinstalando pq alem de ser uma bosta tem mais propaganda do q a rede globo.....
[high_app_2_com_324] Comprei a vers√£o pr√≥ paguei e depois de 6 dias n√£o esta mais como vers√£o paga isso e um absurdo, quero meu dinheiro de volta
[high_app_2_com_325] Estou tentando desativar o Aplicativo mais ele est√° como administrador e nao consigo mudar vou ter que renicializar o aparelho
[high_app_2_com_326] Vou experimentar agora, nos coment√°rios est√£o dizendo que √© ruim.
[high_app_2_com_327] Erro!! O bloqueio de chamadas est√° com falhas, estou recebendo liga√ß√µes mesmo com o n√∫mero estando bloqueado. Fiz o bloqueio do mesmo n√∫mero 3 vezes sem sucesso. O aplicativo est√° sempre atualizado. Obrigado.
[high_app_2_com_328] Eu sei que √© necess√°rio monetizar, mas an√∫ncios n√£o combinam com um APP de seguran√ßa.
[high_app_2_com_329] Cuidado com o golpe!!!!!! Adiquiri uma assinatura em 01/04/2018. Passou mais de uma semana e n√£o consegui fazer o upgrade. Quando tentei assinar de novo o valor foi cobrado √© a assinatura paga come√ßou a funcionar. Golpe safado este. Te oferecem uma promo√ß√£o e vc assina s√≥ que a promo√ß√£o n√£o funcion‚Ä¶Resenha completaCuidado com o golpe!!!!!! Adiquiri uma assinatura em 01/04/2018. Passou mais de uma semana e n√£o consegui fazer o upgrade. Quando tentei assinar de novo o valor foi cobrado √© a assinatura paga come√ßou a funcionar. Golpe safado este. Te oferecem uma promo√ß√£o e vc assina s√≥ que a promo√ß√£o n√£o funciona...
[high_app_2_com_330] Gasta muita bateria. Fica no fica na tela de notifica√ß√£o s√≥ enchendo o saco, n√£o recomendo.
[high_app_2_com_331] Muito lento e trava o celular direto... verifica virus nem apaga fotos duplicadas... N√£o tenho nenhuma foto duplicada no meu celular e diz q tem centenas.... a√≠ coloquei umq foto duplicada e o aplicativo falou q tinha 97 sendo q era s√≥ uma... vai se ferrar. ... desinstalando pq alem de ser uma bosta‚Ä¶Resenha completaMuito lento e trava o celular direto... verifica virus nem apaga fotos duplicadas... N√£o tenho nenhuma foto duplicada no meu celular e diz q tem centenas.... a√≠ coloquei umq foto duplicada e o aplicativo falou q tinha 97 sendo q era s√≥ uma... vai se ferrar. ... desinstalando pq alem de ser uma bosta tem mais propaganda do q a rede globo.....
[high_app_2_com_332] Quando tento entrar na conta S√≥ aparece: Desculpe a autoriza√ß√£o n√£o foi conclu√≠da. N√£o consigo usar por isso. O que fazer.
[high_app_2_com_334] Lixo lixo lixo nem a vers√£o paga n√£o presta √© n√£o devolvem o dinheiro
[high_app_2_com_333] N√£o gostei!! O bloqueador de chamada n√£o funciona direito!! O n√∫mero est√° bloqueado e cont√≠nua ligando üò£
[high_app_2_com_335] Eu fico tentando abrir o APK mas quando eu abro ele fecha e o meu celular √© da vers√£o 4.4.2!!
[high_app_2_com_337] N√£o gostei e n√£o consigo desativar
[high_app_2_com_336] Lixo lixo lixo nem a vers√£o paga n√£o presta √© n√£o devolvem o dinheiro
[high_app_2_com_338] O pr√≥prio antiv√≠rus √© um v√≠rus! Se o celular est√° com problemas, n√£o √© um app que ir√° resolver!!!
[high_app_2_com_56] Trava muito o celular.
[high_app_2_com_339] Antes da atualiza√ß√£o o bloqueio de app funcionava. Agora n√£o funciona mais. Isso foi ontem...
[high_app_2_com_340] Me desculpe, avaliem 1 pq meu celular come√ßou desligar sozinho
[high_app_2_com_341] Depois da atualiza√ß√£o, tudo aqui passou a travar ou a fechar.
[high_app_2_com_343] Paguei este app para n√£o ter dor de cabe√ßa... Mais fica aparecendo na tela direto msg o Avast parou... Enviar feedback j√° mandei mais de 30 para que se vcs n√£o resolvem... Quero meu dinheiro de volta proporcional aos meses que falta de assinatura... Avast antiv√≠rus nunca mais....
[high_app_2_com_342] Comprei o Avast cleanup para meu PC e ficou foi mais lento . Eu recomendo q n√£o comprem !!
[high_app_2_com_344] Meu tel. Est√° desligando direto. Do nada ele reinicia. Se tiver alguma solu√ß√£o estou a disposi√ß√£o.
[high_app_2_com_346] App p√©ssimo deixa o celular lento. Perdi meu tempo pra baixar.
[high_app_2_com_347] N√£o est√° bloqueando as chamadas da lista negra.
[high_app_2_com_345] N√£o esta protegendo de propagandas tipo poup pop j√° formatei o tel 2x n√£o sei o q esta acontecendo do nada aparece uma propaganda e ele n√£o bloqueia e n√£o acha
[high_app_2_com_349] Tem an√∫ncio demais e n√£o √© aquilo tudo que parece ser.
[high_app_2_com_319] Gasta a carga da bateria rapidamente.
[high_app_2_com_351] Infelizmente essa √∫ltima atualiza√ß√£o est√° consumindo muita bateria
[high_app_2_com_350] Tem mau funcionamento, eu acocelho melhorar na economia de bateria e no desepenho!!!
[high_app_2_com_352] Pq o celular ficou lento e esquentando muito
[high_app_2_com_354] Ficou chato esse aplicativo, toda hora pedindo pra limpar, desinstalando
[high_app_2_com_353] E n√£o me ajuda em nada e trava meu celular √© se quiser algo tem que comprar odiei
[high_app_2_com_357] Como desinstalo isso
[high_app_2_com_356] O pior antiv√≠rus que eu j√° vi
[high_app_2_com_355] Depois da √∫ltima atualiza√ß√£o esse app virou o campe√£o de utiliza√ß√£o da minha bateria. Est√° acabando com ela, arrumem por favor!
[high_app_2_com_358] N√£o gostei da fun√ß√£o limpeza, toda vez que a uso, desconfigura outros aplicativos, apaga a forma que os deixo voltando os a forma original.
[high_app_2_com_359] Muitaaaaaaa propaganda. No passado era bom, agora abre uma infinidade de propagandas em momentos inoportunos, exemplo quando se est√° assistindo algum v√≠deo, quando o telefone √© ligado pra carregar, e todas as vezes em que √© acionado. Horr√≠vel!!!! Vou desinstalar.
[high_app_2_com_362] N√£o d√° pra desinstalar do celular
[high_app_2_com_361] Quando tento entrar na conta S√≥ aparece: Desculpe a autoriza√ß√£o n√£o foi conclu√≠da. N√£o consigo usar por isso. O que fazer.
[high_app_2_com_360] Muito ruim!!! Esse aplicativo apenas consumiu com a bateria mais r√°pido e travou muito meu celular.
[high_app_2_com_364] Horrivel
[high_app_2_com_363] Consome muita bola
[high_app_2_com_367] Quando agente instala ele n√£o desistala mas quero desativado ele √© muito pesado para o meu celular n√£o estou conseguindo desistala n√£o quero mas ele no meu c√©lula algu√©m me explicar como desistala
[high_app_2_com_365] Como confiar em um produto que n√£o demostra interesse em prestar um bom esclarecimento de sua politica contratual aos seus usu√°rios? Pois n√£o encontrei c√≥pia desse contrato em portugu√™s, e sendo assim, depois de ter instalado o App tive que cancelar a instala√ß√£o pois o contrato n√£o ficol esclarecido‚Ä¶Resenha completaComo confiar em um produto que n√£o demostra interesse em prestar um bom esclarecimento de sua politica contratual aos seus usu√°rios? Pois n√£o encontrei c√≥pia desse contrato em portugu√™s, e sendo assim, depois de ter instalado o App tive que cancelar a instala√ß√£o pois o contrato n√£o ficol esclarecido para mim. Apenas LAMENT√ÅVEL!
[high_app_2_com_366] Propaganda enganosa, paguei para acabar com os an√∫ncios e aparece mais que o App que estava anteriormente.
[high_app_2_com_368] N√£o instalem, consome mais de 35% da bateria do celular por isso que protege o celular fica sem bateria, e celular desligado n√£o pega v√≠rus.
[high_app_2_com_369] Bom
[high_app_2_com_370] Porqu√™ agora n√£o t√° fazendo a limpeza segura?
[high_app_2_com_371] Fala q gratuito mas final vem valor mensal
[high_app_2_com_372] Acho que n√£o faz tudo que promete, n√£o senti diferen√ßa no meu celular
[high_app_2_com_373] Eu precisava desistalar mas n consigo
[high_app_2_com_374] O meu celular √© um Moto Z2 play ou seja a bateria dele era para durar no m√°ximo 5 a 6 horas a partir do dia em q eu resolvi utilizar a op√ß√£o do aplicativo "aumentar" o tempo de dura√ß√£o da bateria o meu celular v√™em gastando o dobro de bateria do que o normal, antes de utilizar esta op√ß√£o a bateria d‚Ä¶Resenha completaO meu celular √© um Moto Z2 play ou seja a bateria dele era para durar no m√°ximo 5 a 6 horas a partir do dia em q eu resolvi utilizar a op√ß√£o do aplicativo "aumentar" o tempo de dura√ß√£o da bateria o meu celular v√™em gastando o dobro de bateria do que o normal, antes de utilizar esta op√ß√£o a bateria do meu celular durava -+ 5 horas hoje dia ela dura apenas 3 horas ent√£o por favor arrumem isso pois este defeito n√£o d√° marca ! Estou mto arrependida de ter instalado este app
[high_app_2_com_375] Meu celular travou foi mais
[high_app_2_com_377] Fiz upgrade, paguei mas continua com propaganda. Por favor resolvam isso.
[high_app_2_com_378] Perfeito, esse android..
[high_app_2_com_376] TRAVANDO MUITO N√ÉO CONFIO MAIS NESTE PROGRAMA ESTOU DESINSTALANDO E CANCELANDO MINHA ASSINATURA DO AVAST. ASSIM NUNCA MAIS MAIS,FUI.
[high_app_2_com_380] Gasta muita bateria. Fica no fica na tela de notifica√ß√£o s√≥ enchendo o saco, n√£o recomendo.
[high_app_2_com_381] Colocam ad no descanso de tela.
[high_app_2_com_379] Comprei a assinatura. Contudo tive de desinstalar, pois estava drenando a bateria do meu Mi Note 2 em apenas duas horas. Sem este app, termino o dia com mais de 30% de bat.
[high_app_2_com_382] Depois que atualizei n√£o consegue mais se comunicar com o telefone, logo n√£o localiza mais o telefone pelo anti thift.
[high_app_2_com_384] Comprei o pacote pro mas n√£o ta bloqueando propaganda. O que devo fazer?
[high_app_2_com_383] Melhorou bastante esta nota 10
[high_app_2_com_348] O APP √© bom, por√©m aparecem propagandas do nada. As vezes eu estou no trabalho ou em aula, e quando abro o celular aparece uma propaganda em video com um √°udio alt√≠ssimo. Se n√£o resolver esse problema provavelmente irei desinstala-lo. PS: e estou usando a vers√£o paga.
