[high_app_3_com_0] EstÃ¡ pÃ©ssimo, pois quando eu preciso copiar uma frase e aperto para traduzir ele fecha na hora,isso tem mais de meses nÃ£o consigo traduzir algo rapidamente,tenho que entrar na gaveta de aplicativo toda vez
[high_app_3_com_2] Mesmo problema de alguns que jÃ¡ comentaram, fica aparecendo mensagem de " Falha na traduÃ§Ã£o" mesmo tendo internet . Desse jeito nÃ£o dÃ¡, um app Google dando um problema desses, e tem mais nÃ£o comeÃ§ou hj, mas muito tempo atrÃ¡s, jÃ¡ atualizou mas nÃ£o melhora.
[high_app_3_com_1] Traduz muita coisa errada, Ã© lento, a cÃ¢mera q traduz Ã© pÃ©ssima. Arrumem, preciso muito desse app.
[high_app_3_com_3] BUGADO. Nossa que Ã³dio. Ele alega que vc estÃ¡ off-line, mesmo estando baixando pacote de traduÃ§Ã£o dele na mesma hora e depois de instalado o pacote OFFLINE ele AINDA n te deixa usar e alega que vc estÃ¡ sem rede. Toda vez a MSM coisa. AbraÃ§os vou pra concorrente
[high_app_3_com_4] Olha sÃ³ dei uma estrela pq se nÃ£o da pra escrever o comentÃ¡rio mais Ã© pÃ©ssimo no comeÃ§o era bom mais agora fala que ta sem rede wi-fiğŸ˜”
[high_app_3_com_6] Tento fazer um traduÃ§Ã£o de um verso nele e tal, e ele traduz todas as palavras sim,mas nÃ£o como vocÃª quer... TraduÃ§Ã£o Toda invertida. Arrumem isso
[high_app_3_com_5] Esse App nao e muito bom porque muitas palavras chave ele nÃ£o traduz, e quando traduz e de forma errada ou com significado errado, ea explicaÃ§Ã£o SÃ£o sobre o significado da palavra e muito confusa.
[high_app_3_com_7] A cÃ¢mera perdeu a funÃ§Ã£o tradutora simultÃ¢nea? A minha nÃ£o funciona. Como corrigir?
[high_app_3_com_8] Estava Ã³timo mas agora estÃ¡ travando e nÃ£o lÃª as mensagens e quando a gente escreve uma palavra ele traduz outra tem como dar uma melhorada obrigada
[high_app_3_com_9] Como pode o da Microsoft DÃ¡ de 10 a 0 no da Google. Teste nos dois para verificar. Primeira vez que vejo o Google perder um app deste jeito. Testem o da Microsoft e depois me digam.
[high_app_3_com_10] Caramba isso estÃ¡ pÃ©ssimo nÃ£o estÃ¡ pegando mais offline e nÃ£o funciona outras lÃ­nguas direito como irlandÃªs ou japonÃªs o que aconteceu nÃ£o estÃ£o recebendo mais salÃ¡rio
[high_app_3_com_11] De que adianta ter um tradutor que n cumpre oque promete vÃ¡rias traduÃ§Ãµes n tem a opÃ§Ã£o em Ã¡udio como do caso do irlandÃªs. Entre vÃ¡rios
[high_app_3_com_12] SÃ³ vou dar 0 de estrelas porque dÃ¡ falha na traduÃ§Ã£o offline! Se nÃ£o arrumarem, vou ter que usar outro aplicativo!
[high_app_3_com_13] Na boa! Se for para traduzir para o portuguÃªs, que seje uma traduÃ§ao com interpretaÃ§Ã£o CORRETA! se for para traduzir pelos cÃ´cos melhor eu mesmo fazer.
[high_app_3_com_14] No momento que mais preciso usar a traduÃ§Ã£o aparece a mensagem "falha na traduÃ§Ã£o" mesmo com o WIFI...triste! DecepÃ§Ã£o vindo de um aplicativo da Google! Nota zero!
[high_app_3_com_15] Depois da atualizaÃ§Ã£o nÃ£o tÃ¡ prestando pra nada SÃ³ da falha na traduÃ§Ã£o erro do arquivo offline sendo que tem internet para traduzir e internet.
[high_app_3_com_16] O app nÃ£o estÃ¡ traduzindo off-line mesmo tendo baixado o pacote de idioma em portuguÃªs. SÃ³ funciona online.
[high_app_3_com_17] Bugando muito! Numa situaÃ§Ã£o real falando com um estrangeiro seria bem desagradÃ¡vel!
[high_app_3_com_18] Dislike. O app diz que nÃ£o posso traduzir offline, que dÃ¡ erro, mesmo eu tendo baixado o GT Offline.
[high_app_3_com_19] NÃ£o tradus mas offline,desde que baixei o indioma japones,mesmo outros indiomas nÃ£o funcionÃ£o mas sem net.
[high_app_3_com_20] Ele Ã© bom mas quando quero baixar os idiomas dÃ¡ armazenamento insuficiente.
[high_app_3_com_21] Agora nÃ£o dÃ¡ mais para traduzir offline, em modo off sÃ³ desponibiliza conteÃºdos jÃ¡ traduzidos online
[high_app_3_com_22] A cada atualizaÃ§Ã£o tenho que baixar de movo todo o conteÃºdo para usar off-line. DifÃ­cil!ğŸ˜¤
[high_app_3_com_23] Diz que pega offline mas nÃ£o pega nÃ£o consigo usar sem net
[high_app_3_com_24] Deveria ter opÃ§Ã£o de escolher onde vc quer instalar. Pra que tem que instalar arquivo de traduÃ§Ã£o offline no cartÃ£o de memÃ³ria se tem espaÃ§o suficiente na memÃ³ria do telefone. Ã‰ algo desnecessÃ¡rio e inÃºtil.e sem falar que ele traduz tudo errado principalmente do japonÃªs para portuguÃªs ainda mais offâ€¦Resenha completaDeveria ter opÃ§Ã£o de escolher onde vc quer instalar. Pra que tem que instalar arquivo de traduÃ§Ã£o offline no cartÃ£o de memÃ³ria se tem espaÃ§o suficiente na memÃ³ria do telefone. Ã‰ algo desnecessÃ¡rio e inÃºtil.e sem falar que ele traduz tudo errado principalmente do japonÃªs para portuguÃªs ainda mais offline que piora as coisas e nÃ£o oferece suporte algum para furigana e Ã© pior ainda offline . programa sem estabilidade alguma. E quem desenvolve o app nÃ£o se preocupa em oferecer suporte e feedback decente pra com seus clientes. LastimÃ¡vel
[high_app_3_com_25] Bastou comeÃ§ar a usar, e minha caixa de e-mail comeÃ§ou a ficar inundada de spam de todos os tipos.
[high_app_3_com_26] Muito ruim as palavras nÃ£o sÃ£o traduzidas certas
[high_app_3_com_27] Queria saber o porquÃª quando eu vou copiar uma frase, e em seguida qualquer outra, abre o app, isso atrapalha, e muito mesmo
[high_app_3_com_28] Mano e muito ruim nÃ£o tem todas as palavras em inglÃªs
[high_app_3_com_29] SÃ³ aparece sem rede msm estando conectado
[high_app_3_com_30] Mesmo com o pacote offline, ele nÃ£o faz a traduÃ§Ã£o sem que esteja conectado Ã  internet.
[high_app_3_com_31] NÃ£o estÃ¡ traduzindo, sÃ³ diz que esta off-line aÃ­ fica difÃ­cil
[high_app_3_com_32] Bugou de vez, nÃ£o tÃ¡ traduzindo fotos aff
[high_app_3_com_33] NÃ£o estÃ¡ traduzindo offline, e nÃ£o aparece pra baixar o pacote, concertem isso. Por favor.
[high_app_3_com_34] Muito Bugafo Mt Ruim E mt Trabalho
[high_app_3_com_35] NÃ£o consigo mais traduzir offline mesmo tendo o pacote abaixado no meu celular
[high_app_3_com_36] A traduÃ§Ã£o com um toque estÃ¡ dando falha no Moto X4, Android Oreo.
[high_app_3_com_37] NÃ£o estÃ¡ traduzindo nem online.
[high_app_3_com_38] Eu quero traduzi do inglÃªs para o portuguÃªs e ele sÃ³ traduzi para o inglÃªs
[high_app_3_com_39] Estou sofrendo o mesmo que os demais usurÃ¡rios do app. " Falha de traduÃ§Ã£o offline " .
[high_app_3_com_40] A traduÃ§Ã£o "off-line" nÃ£o estÃ¡ pegando
[high_app_3_com_41] JÃ¡ foi bom, agora nÃ£o funciona off line
[high_app_3_com_42] NÃ£o estou conseguindo usar o modo offline ! !!
[high_app_3_com_43] O app estÃ¡ travando e parando muito!
[high_app_3_com_44] Esse app e muito ruim , traduz tudo errado.
[high_app_3_com_45] Bugado! NÃ£o traduz offline
[high_app_3_com_46] NÃ£o faz mais traduÃ§Ãµes offline
[high_app_3_com_47] PÃ©ssimo muito complexo nÃ£o consegui
[high_app_3_com_48] NÃ£o estÃ¡ traduzindo de inglÃªs para portuguÃªs
[high_app_3_com_49] TraduÃ§Ã£o por imagem nÃ£o estÃ¡ funcionando...
[high_app_3_com_50] NÃ£o instala o pacote offline
[high_app_3_com_51] HorrÃ­vel! NÃƒO RECOMENDO!
[high_app_3_com_52] NÃ£o traduz off line.
[high_app_3_com_53] TraduÃ§Ã£o offline Ã© horrÃ­vel
[high_app_3_com_54] NÃ£o serve pra nada
[high_app_3_com_55] Ã‰ muito ruimmmmmmmmmmm
[high_app_3_com_56] Buga off-line.
[high_app_3_com_57] Falha muito
[high_app_3_com_58] Lixo
[high_app_3_com_59] Ei
[high_app_3_com_60] Aff esta horrivel a caixa de onde se escreve estÃ¡ grande demais sem necessidades impossibilitando a possibilidade de salvar o proprio texto escrito, nao sei pra que abrir um espaÃ§o tÃ£o grande pro teclado maior do que o proprio teclado inclusive deixando o texto escrito em si bem pequeno arrumem isâ€¦Resenha completaAff esta horrivel a caixa de onde se escreve estÃ¡ grande demais sem necessidades impossibilitando a possibilidade de salvar o proprio texto escrito, nao sei pra que abrir um espaÃ§o tÃ£o grande pro teclado maior do que o proprio teclado inclusive deixando o texto escrito em si bem pequeno arrumem isso por favor!
[high_app_3_com_61] nÃ£o traduziu esta simples palavra:Moto X4 Screen Scratch Test NÃ£o traduz nada... Preciso traduzir umas palavras e nÃ£o traduz ... quase nada ..... Isso Ã© uma vergonha para um aplicativo tÃ£o importante no Play Store....
[high_app_3_com_63] Deve melhorar mais o chinÃªs
[high_app_3_com_62] NÃ£o estÃ¡ mais traduzindo offline e olha que eu instalei os pacotes do japonÃªs inglÃªs portuguÃªs espanhol e russo e nÃ£o estÃ¡ traduzindo nenhum destes offline
[high_app_3_com_64] Desde a sua Ãºltima atualizaÃ§Ã£o o aplicativo estÃ¡ apresentando muitos erros com a traduÃ§Ã£o tanto de um idioma pesquisado, quanto de um idioma nativo, vocÃª coloca um frase e estÃ¡ traduzindo para uma coisa que nÃ£o tem nada a ver com o que vocÃª quer dizer, por favor verificar isto.
[high_app_3_com_65] Google Tradutor: infelizmente o recurso OCR dele diferente de outros aplicativos nÃ£o fez a traduÃ§Ã£o correta do idioma portuguÃªs para o idioma inglÃªs a partir da leitura de uma capa de revista, o resultado ficou ainda pior que no aplicativo Yandex Translate 3.24.
[high_app_3_com_66] Gostava de saber porque do nada jÃ¡ nÃ£o hÃ¡ o Google tradutor offline, eu estava a precisar de traduzir uma coisa quando abro o tradutor e nÃ£o me deixa escrever nada, aserio arranjem isso. E outra Ã© o portuguÃªs estÃ¡ mal, vocÃªs nÃ£o sabem distinguir o portuguÃªs oficial do portuguÃªs do Brasil.
[high_app_3_com_67] Duas istrela po que a inda consigo ainda manda mensagem traudizida mais nao consego le e nem traduzir mensagem do mensagem do Facebook ne do WhatsApp manda eu mando mais nao leio nao traduz nem tem vomo opÃ§Ã£o de traduÃ§Ã£o para le mensagem no WhatsApp Messenger do Facebook
[high_app_3_com_68] Ã‰ PÃ©ssimo.. Era O Ãšnico AP Da Play Store Que Traduzia Bem Agr Ele Que Fala Q Agente Ta Offline Mesmo Estar Conectado A Internet AFFS 000000
[high_app_3_com_69] A traduÃ§Ã£o offline do InglÃªs para o portuguÃªs Ã© pÃ©ssima. EstÃ¡ cada vez pior, mesmo com internet ele faz uso da traduÃ§Ã£o offline que Ã© ridiculamente pÃ©ssima. Deveria ter um espaÃ§o maior para editar o texto, fica sÃ³ uma linha pequena com o texto em inglÃªs.
[high_app_3_com_70] Estou tentando usar os idiomas off line mais nao dar certo sÃ³ aceita com internet porque estÃ¡ acontecendo isso estou indo viajar e preciso do tradutor off line ou seja sÃ³ consigo usar o google tradutor quando estou conectada a internet porque estÃ¡ acontecendo isso gente me expliquem ano passado ele â€¦Resenha completaEstou tentando usar os idiomas off line mais nao dar certo sÃ³ aceita com internet porque estÃ¡ acontecendo isso estou indo viajar e preciso do tradutor off line ou seja sÃ³ consigo usar o google tradutor quando estou conectada a internet porque estÃ¡ acontecendo isso gente me expliquem ano passado ele funcionava sem internet e agora nao quer mais porque nossa estou muito chateada com isso
[high_app_3_com_71] A traduÃ§Ã£o offline nÃ£o funciona porque os dados baixados simplesmente somem. NÃ£o tem como baixar de novo. JÃ¡ tinha salvado alguns idiomas para usar offline e quando precisei nÃ£o consegui traduzir nada.
[high_app_3_com_72] NÃ£o estou conseguindo traduzir offline.... Instalei tudo certo, mas fala que o arquivo estÃ¡ corrompido, sendo que instalou certinho, essa falha jÃ¡ faz um tempo, desde o comeÃ§o de 2017 vocÃªs nÃ£o arrumaram isso. Arrumem por favor, nem sempre tenho internet para traduzir.
[high_app_3_com_73] Quando eu seleciono uma frase em inglÃªs, o Google Tradutor deveria abrir e funcionar e nÃ£o funciona. Eu jÃ¡ desinstalei e mesmo assim o erro persiste. Meu celular Ã© o motor X4.
[high_app_3_com_74] O Google tradutor era pra ser um dos melhores tradutores, mas infelizmente ele traduz as palavras todas erradas. Escreve uma coisa e ele traduz outra,assim nÃ£o dÃ¡ . NÃ£o Ã© tÃ£o bom.
[high_app_3_com_75] O App estÃ¡ horrÃ­vel, pq nÃ£o estÃ¡ fazendo a traduÃ§Ã£o off line, nÃ£o estÃ¡ fazendo a traduÃ§Ã£o na fala, nÃ£o estÃ¡ falando a traduÃ§Ã£o! ğŸ˜¢ğŸ˜¢Resumindo... nÃ£o estÃ¡ funcionando nada. Por favor arrumem esse App ! Preciso utilizÃ¡-lo com urgÃªncia! Ajuda NÃ³s por favor!! Continua sem funcionar tudo. JÃ¡ desinstalei â€¦Resenha completaO App estÃ¡ horrÃ­vel, pq nÃ£o estÃ¡ fazendo a traduÃ§Ã£o off line, nÃ£o estÃ¡ fazendo a traduÃ§Ã£o na fala, nÃ£o estÃ¡ falando a traduÃ§Ã£o! ğŸ˜¢ğŸ˜¢Resumindo... nÃ£o estÃ¡ funcionando nada. Por favor arrumem esse App ! Preciso utilizÃ¡-lo com urgÃªncia! Ajuda NÃ³s por favor!! Continua sem funcionar tudo. JÃ¡ desinstalei e reinstalei um bocado de vz e nÃ£o funciona nada.ğŸ˜¤ğŸ˜¤ğŸ˜¤
[high_app_3_com_76] Esse aplicativo e muito ruim, nÃ£o tem como usar ele em offline, se fosse para eu usar ele com internet eu irei para a Google tradutor , em vez de ficar ocupar memÃ³ria do meu celular
[high_app_3_com_77] Ficou muito ruim depois da atualizaÃ§Ã£o. Ele traduzia offline. Agora... Nem isso mais, sÃ³ com internet msmo! NÃ£o tem os idiomas para download, do que adianta ser offline. PÃ©ssimo msmo, vamos melhorar isso pessoal.
[high_app_3_com_78] O app nÃ£o traduz o texto que escrevemos, ele corta pela metade o texto. E nÃ£o escreve tudo o que eu escrevo pra traduzir . tem que melhorar pois ele ja foi melhor.
[high_app_3_com_79] O app Ã© bom gostei muito mais nÃ£o tem o espanhol chileno estou precisando muito, se atualizar e colocaram essa linguagem, tÃ´ 5 estrela
[high_app_3_com_80] A camera para traduzir Ã© muito ruim, nem deviam deixar essa opÃ§Ã£o de cÃ¢mera para traduzir no aplicativo
[high_app_3_com_81] Eu baixei a traduÃ§Ã£o offline mas nÃ£o deu certo... Diz que nÃ£o tenho o Sr conectado mas estÃ¡ tudo certo.. arrumem isso por favor preciso disso funcionando
[high_app_3_com_83] N consegue nem traduzir a palavra "profile" quando se copia o texto em imagem, ta todo zoado, nem as coisas Ã³bvia e fÃ¡cil ele n traduz.
[high_app_3_com_82] Gosto muito desse aplicativo, mas estÃ¡ apresentando alguns erros, baixei os pacotes de linguagem para traduÃ§Ã£o offline mas quando vou traduzir aparece a mensagem "falha na traduÃ§Ã£o"
[high_app_3_com_84] O app em si atÃ© que e bom mas estÃ¡ deixando muito a desejar ele nÃ£o traduz corretamente muitas coisas e se queremos passar uma palavra do portuguÃªs para o inglÃªs raramente fica como queremos... sem dizer que o modo of nÃ£o funcina pq se precisa de internet pra que ter o aplicativo tomando espaÃ§o do câ€¦Resenha completaO app em si atÃ© que e bom mas estÃ¡ deixando muito a desejar ele nÃ£o traduz corretamente muitas coisas e se queremos passar uma palavra do portuguÃªs para o inglÃªs raramente fica como queremos... sem dizer que o modo of nÃ£o funcina pq se precisa de internet pra que ter o aplicativo tomando espaÃ§o do celular mas... vejo potencial nesse app sÃ³ os desenvolvedores se atentarem nos detalhes que fica bom.
[high_app_3_com_85] Um lixo, quando usa a opÃ§Ã£o de vÃ³s o app n entende direito, vou preucurar outro app
[high_app_3_com_86] Eu baixei o pacote off line de ingles e tbm o de espanhol dai quando eu instalei essa nova versÃ£o sumiu por favor consertem isso
[high_app_3_com_87] Nao estou conseguindo traduzir off-line! JÃ¡ instalei e reinstalei os pacotes de idioma e mesmo assim eu nÃ£o consigo traduzir off-line. Arrumem isso!
[high_app_3_com_88] TÃ¡ bugado. Quando eu quero traduzir offline fala que eu n tenho a traduÃ§Ã£o mais eu tenho sim eu baixei mais diz que eu n tenho. Tem como resolver isso pfv?
[high_app_3_com_89] Essa ultima versao ta meio estranha Mesmo com conexao ativs wigi ou 4G da como sem conecao e nao traduz
[high_app_3_com_90] NÃ£o funciona em offline e a traduÃ§Ã£o nem sempre estÃ¡ correto! Muitas vezes aparece metade da traduÃ§Ã£o em portuguÃªs e o resto em inglÃªs!
[high_app_3_com_91] Ta horrÃ­vel! A foto treme. Quando tiro a foto, as palavras no modo original, ao ser escrita depois da foto, saem trocadas
[high_app_3_com_92] Eu gostava quando tinha traduÃ§Ã£o off-line, agora o app ficou a desejar, ficou 50% o que antes era 100%ğŸ™„
[high_app_3_com_93] NÃ£o traduz errado, vocÃª que nÃ£o sabe escrever nem em portuguÃªs, os outros idiomas escrevem corretamente ok
[high_app_3_com_94] O google tradutor ficou pior depois dessa atualizaÃ§Ã£o agora! NÃ£o estou conseguindo traduzir offline!!! Como faz pra traduzir offline?!?
[high_app_3_com_95] Toda vez que baixo traduÃ§Ã£o offline, meu app fala que nÃ£o inceri o cartÃ£o de memÃ³ria!
[high_app_3_com_96] Muito bom , este foi o melhor que encontrei
[high_app_3_com_97] Quero saber porque nÃ£o tem mais traduÃ§Ã£o off-line sendo que estÃ¡ dizendo que tem. Me expliquem!!!!
[high_app_3_com_98] App sÃ³ dÃ¡ erro e fecha, nÃ£o funciona direito e nÃ£o tem como desinstalar do meu smartphone '-'
[high_app_3_com_99] NÃ£o consigo traduzir, sÃ³ aparece "falha na traduÃ§Ã£o " mesmo fazendo o download do pacote offline
[high_app_3_com_100] NÃ£o funciona direito conter vÃ¡rios erros em montagens de frases alÃ©m o pacote offline da erro
[high_app_3_com_101] Desculpa mas eu esijo que arrumei o bug de ficar apagado o arquivo offline por favor !!!! NÃ£o aguento mas
[high_app_3_com_102] As traduÃ§Ãµes nÃ£o sai do jeito e forma que quero... E a traduÃ§Ã£o offiline da como falha de traduÃ§Ã£o.
[high_app_3_com_103] NÃ£o estÃ¡ 100% traduzida copiei wast e o tradutor disse que era esbanjou
[high_app_3_com_104] NÃ£o gostei sÃ³ por causa da traduÃ§Ãµes erradas.
[high_app_3_com_105] Ta muito ruim, nÃ£o tem a traduÃ§Ã£o off-line mais, ajeitem isso
[high_app_3_com_106] Tanta atualizaÃ§Ã£o sÃ³ pra deixar o app lento e pior do que jÃ¡ era
[high_app_3_com_107] Traduz tudo errado as vezes, nÃ£o adianta insistir
[high_app_3_com_108] Ela nÃ£o traduz offline, por favor arrumem isso
[high_app_3_com_109] Muito ruim, nÃ£o esta funcionando a traduÃ§Ã£o offline com o idioma salvo.
[high_app_3_com_110] Ele nÃ£o traduz nada quando esta off line
[high_app_3_com_111] Adicionem mais linguas Sem conta que vcs poderiam melhorar o offline
[high_app_3_com_112] Nao estou conseguindo traduzir offline
[high_app_3_com_113] Um dos melhores apps do mundo. Mas a traduÃ§Ã£o offline nunca funciona.
[high_app_3_com_114] Bug na traduÃ§Ã£o off line. Estava normal atÃ© a Ãºltima atualizaÃ§Ã£o.
[high_app_3_com_115] Eu nÃ£o gostei por que as vezes um gringo fala certo e nÃ£o vai
[high_app_3_com_116] NÃ£o Consigo Usar No Modo Offline
[high_app_3_com_117] Toda hora dÃ¡ erro/falha na traduÃ§Ã£o! PÃ©ssimo isso!
[high_app_3_com_118] A traduÃ§Ã£o offline nÃ£o tÃ¡ funcionando aaaaaaaa
[high_app_3_com_119] Lixo A outra versÃ£o era muito melhor
[high_app_3_com_120] Ãšltimamente nÃ£o traduz nem gago falando. Desinstalando agora.
[high_app_3_com_121] Funciona muito bem online. Offline nÃ£o funciona de todo.
[high_app_3_com_122] As traduÃ§Ãµes de espanhol para portuguÃªs estÃ£o pÃ©ssimas
[high_app_3_com_123] Nem tudo que eu traduzo sai como eu escrevi
[high_app_3_com_124] NÃ£o consigo mais traduzir instantÃ¢neamente
[high_app_3_com_125] NÃ£o estÃ¡ traduzindo off line
[high_app_3_com_126] NÃ£o tem o idioma de Wakanda GRR
[high_app_3_com_127] As traduÃ§Ãµes offline sÃ£o diferentes da online.
[high_app_3_com_128] NÃ£o consigo traduzir os textos no mensagem
[high_app_3_com_129] Off line nÃ£o funciona mais
[high_app_3_com_130] Vai te tomar no cu rapa
[high_app_3_com_131] NÃ£o estÃ¡ funcionando off line
[high_app_3_com_132] TraduÃ§Ãµes off-line nÃ£o funcionam
[high_app_3_com_133] NÃ£o gostei do funciona com Wi-Fi
[high_app_3_com_134] O Espanhol nÃ£o funciona
[high_app_3_com_135] Nao ta funcionando ofline
[high_app_3_com_136] Sem opÃ§Ã£o off line
[high_app_3_com_137] NÃ£o funciona sem net
[high_app_3_com_138] NÃ£o traduz Ã¡rabe para portuguÃªs
[high_app_3_com_139] muito complicado nÃ£o ajuda muito
[high_app_3_com_140] Um lixo Horroroso
[high_app_3_com_141] NÃ£o gostei muito, Ã© meio bugado !! Afffff :( !!!
[high_app_3_com_142] QUERO VERSAO LITE
[high_app_3_com_144] Falha na traducao
[high_app_3_com_143] APP bosta
[high_app_3_com_145] Ruim
[high_app_3_com_146] PÃ©ssimo
[high_app_3_com_147] Eehh o jogo me chamoi de demoni eu noa gostei estou chorando -ğŸ˜ ğŸ˜ ğŸ˜ ğŸ˜ ğŸ˜ ğŸ˜ ğŸ˜ ğŸ˜ ğŸ˜ ğŸ˜ ğŸ˜¡ğŸ˜¡ğŸ˜¡ğŸ˜¡ğŸ˜¡ğŸ˜¡ğŸ˜­ğŸ˜­ğŸ˜­ğŸ˜­ğŸ˜­ğŸ˜­ğŸ˜­ğŸ˜­ğŸ˜­ğŸ˜­ğŸ˜­ğŸ˜¢ğŸ˜¢ğŸ˜¢ğŸ˜¢ğŸ˜¢ğŸ˜¢ğŸ˜¢
[high_app_3_com_148] ğŸ‘¿ğŸ‘½
[high_app_3_com_149] Parem de fomentar a indÃºstria do celular c esse monte de atualizaÃ§Ã£o toda semana, nunca fazem um app estÃ¡vel. SÃ³ atualizam p ficar mais pesado e consumir mais capacidade de hardware. Sejam competentes e faÃ§am apps leves c layout simples e intuitivo, sem ter q consumir toda a capacidade de hardware.
[high_app_3_com_150] Olha alÃ©m desses idiomas de vocÃªs serem horrÃ­veis de pesado, nunca funcionam nÃ£o prestam pra nada esse talvez seja um bug eterno de vocÃªs, nÃ£o adianta nada baixar um monte de idioma e nenhum pega offline fala sÃ©rio consertem isso gente poxa faz mais de ano jÃ¡ isso.
[high_app_3_com_151] JÃ¡ se tornou comum que em muitas frases ele acaba nÃ£o traduzindo duas ou trÃªs palavras que dÃ¡ coesÃ£o no texto, daÃ­ vocÃª tÃªm que colocar ora traduzir somente aquela palavra. Sem falar que jÃ¡ houve diversas vezes em que coloquei para traduzir uma palavra apenas, do inglÃªs para o portuguÃªs, e nÃ£o houveâ€¦Resenha completaJÃ¡ se tornou comum que em muitas frases ele acaba nÃ£o traduzindo duas ou trÃªs palavras que dÃ¡ coesÃ£o no texto, daÃ­ vocÃª tÃªm que colocar ora traduzir somente aquela palavra. Sem falar que jÃ¡ houve diversas vezes em que coloquei para traduzir uma palavra apenas, do inglÃªs para o portuguÃªs, e nÃ£o houve sequer uma traduÃ§Ã£o. Melhorem isso, por favor!
[high_app_3_com_152] O app tÃ¡ me deixando na mÃ£o.HÃ¡ muitas palavras q ele Ã± traduz corretamente, o que me dar uma baita dor de cabeÃ§a.ğŸ˜ªğŸ˜­
[high_app_3_com_153] O aplicativo continua sendo Ã³timo porÃ©m nÃ£o consigo traduzir quando estou sem internet jÃ¡ tentei baixar o pacote de portuguÃªs e nÃ£o consigo. Os pacotes de outros idiomas dÃ£o baixados normalmente, mas o portuguÃªs nÃ£o. Por isso 1 Ãºnica estrela.
[high_app_3_com_154] EstÃ¡ com um bug terrÃ­vel que nÃ£o consigo usar a traduÃ§Ã£o offline e nÃ£o consigo baixar os idiomas desejados. Antes da atualizaÃ§Ã£o estava tudo normal e tinhas os idiomas baixados. O App Ã© Ã³timo sempre usei.. arrumem este bug que devolvo as 5 estrelas.
[high_app_3_com_155] Aquilo que oferece, tem que ser do coraÃ§Ã£o,e tudo deve funcionar. O tradutor offline nÃ£o funciona, como Ã© chato, dar algo que nÃ£o presta? Ã‰ pra enganar o ser humano? Ã‰ assim que conquistam o mundo, com mentira, e justificativa enganosa? Me desculpe, o mundo nÃ£o precisa de desenvolver com engano.
[high_app_3_com_156] O tradutor e bom, mais muitas palavras nao traduz certo, sai muita coisa errada, e tambem antraduÃ§ao de voz e muito rapida, precisa ser mais de vagar, estao falando correndo, quando vcs ajeitarem isso, dou 5 estelas.
[high_app_3_com_157] O app era maravilhoso, mas conforme novas atualizaÃ§Ãµes nÃ£o se pode mais ser utilizado off-line. Gostaria muito que voltassem a ter a funÃ§Ã£o de poder usar off-line.
[high_app_3_com_158] Sempre dÃ¡ algum erro e fica carregando infinitamente! A Ãºnica utilidade Ã© a cÃ¢mera que traduz simultaneamente, fora isso, prefiro ir pro google tradutor no navegador.
[high_app_3_com_159] HÃ¡ tempos o app que deveria ser sinÃ´nimo de qualidade vem dando problema na hora de traduzir sem uma conexÃ£o. Isso porque o arquivo de traduÃ§Ã£o simplesmente some!
[high_app_3_com_160] E ruim porque quando eu vou traduzir fala erro na rede e fico do lado do wi-fi jÃ¡ atÃ© tentei com os crÃ©dito do celular e nÃ£o funciona
[high_app_3_com_161] Eu jÃ¡ instalei esse app duas vezes a primeira funcionou legal. Mas da segunda vez nÃ£o quer traduzir quando esta off line. Me digam o que fazer.
[high_app_3_com_162] infelizmente nÃ£o tem como armazenar os arquivos pra mais idiomas offline e mesmo em offline o app travar, dizendo q os arquivos nÃ£o estÃ£o no celular. A traduÃ§Ã£o nÃ£o acompanha a formataÃ§Ã£o original.
[high_app_3_com_163] FaÃ§o uso desse app, pra aprender italiano, junto com um curso, baixei pra acessar off line, depois de um mÃªs usando, ele nÃ£o acessa mais, nem off e nem on, desinstalei, vou instalar de novo, pra poder usar, ta porre isso!!
[high_app_3_com_164] Sem rede, e oque da quando se tenta traduzir uma foto e o mais engraÃ§ado e que ta conectado ao Wifi, se a net ta boa entÃ£o que rede a essa que ele precisa para conseguir traduzir?
[high_app_3_com_165] NÃ£o sei se eu que nÃ£o sei mexer no app , mas nÃ£o consigo entender nada do app , ele continua do mesmo jeito que antes , ou melhor , bem pior do que antes dessa atualizaÃ§Ã£o , vou ter que baixar outro aplicativo para estudar inglÃªs e fazer minhas tarefas da minha aula particular , se melhorarem esse aâ€¦Resenha completaNÃ£o sei se eu que nÃ£o sei mexer no app , mas nÃ£o consigo entender nada do app , ele continua do mesmo jeito que antes , ou melhor , bem pior do que antes dessa atualizaÃ§Ã£o , vou ter que baixar outro aplicativo para estudar inglÃªs e fazer minhas tarefas da minha aula particular , se melhorarem esse aplicativo iria ajudar muitas pessoas , nÃ£o sÃ³ eu , como os que usam o aplicativo como guia para viagens em outros paÃ­ses , por favor forneÃ§a nos uma atualizaÃ§Ã£o melhor , com urgÃªncia !!!
[high_app_3_com_166] NÃ£o presta. Eu copiei a mensagem e inverti as lÃ­nguas , coloquei pra traduzi da lingua que eu coloquei que era coreano, pra portuguÃªs , e tinha mudado tudo oque eu disse quando eu traduzi , trocaram todas as palavras. E sÃ©rio vc fala uma coisa mais eles mudam o significado delas nÃ£o recomendo , praâ€¦Resenha completaNÃ£o presta. Eu copiei a mensagem e inverti as lÃ­nguas , coloquei pra traduzi da lingua que eu coloquei que era coreano, pra portuguÃªs , e tinha mudado tudo oque eu disse quando eu traduzi , trocaram todas as palavras. E sÃ©rio vc fala uma coisa mais eles mudam o significado delas nÃ£o recomendo , pra quem nÃ£o sabe nenhuma lÃ­ngua e muito enganado por esse tradutor. Ultimamente ta traduzindo tudo errado
[high_app_3_com_167] O que Ã© que estÃ¡ acontecendo com este aplicativo... Traduzo uma frase e dÃ¡ um big, ğŸ˜¡ estÃ¡ deixando o Rail Nation todo doido, corrijam isso por favor... EstÃ¡ atrapalhando!ğŸ˜ 
[high_app_3_com_168] Parou de funcionar, sempre informa erro na traduÃ§Ã£o off line, apesar de estar online. O APP apenas ocupa espaÃ§o, tornou se inutil
[high_app_3_com_169] BOM APP, MAS NÃƒO ESTOU CONSEGUINDO FAZER O DOWNLOAD DOS IDIOMAS PARA USAR EM OFFLINE, ARRUMEM ISSO POR FAVOR...
[high_app_3_com_170] NÃ£o consigo baixar a traduÃ§Ã£o off-line de portuguÃªs para inglÃªs, diz que a memÃ³ria estÃ¡ ensuficiente sendo que a memÃ³ria do meu dispositivo Ã© de 16gb, Absurdo.
[high_app_3_com_171] A traduÃ§Ã£o off-line estÃ¡ falhando muito. E o inglÃªs, mesmo online, tem apresentado falhas na traduÃ§Ã£o. Espera-se mais de um produto Google.
[high_app_3_com_172] TÃ¡ complicado depois das atualizaÃ§Ãµes, Tem vezes que nem traduz uma palavra simples, Tem que ficar instalando e desinstalando para funcionar, por favor. Melhorem isso!
[high_app_3_com_173] google comprou o WordLens e anulou o app. WordLens nÃ£o precisava de internet e traduzia sem tirar foto. Era sÃ³ mirar e pronto. Agora tem que depender dessa cÃ¢mera, escanear, internet....google tradutor nota ZERO!!!!!!!!!
[high_app_3_com_174] Arrumem pfv boa noite em inglÃªs Ã© good night e estÃ¡ good evenig que significa tarde estÃ¡ errado pfv arrumem melhor o App me chateou
[high_app_3_com_175] TÃ¡ cheio de problemas e bugs. Deveria ter a opÃ§Ã£o de traduzir a tela, que a Google tirou pra botar aquele assistente inÃºtil
[high_app_3_com_176] VocÃª baixa o pacote offline e ele diz falha na traducao jÃ¡ foi melhor. Por favor arrumem isso!
[high_app_3_com_177] Depois da Ãºltima atualizaÃ§Ã£o do sistema nÃ£o funciona. NÃ£o faz traduÃ§Ãµes automaticamente e nem atravÃ©s da cÃ¢mera. Antes estava tudo normal.
[high_app_3_com_178] Mataram o word lens. A funÃ§Ã£o de traduÃ§Ã£o real time com a cÃ¢mera morreu. Agora tem q tirar foto pra traduzir
[high_app_3_com_179] O App nÃ£o estÃ¡ traduzindo para as lÃ­nguas que eu baixei para traduÃ§Ã£o offiline, nem online ele traduzğŸ˜¡
[high_app_3_com_180] Ocorre erro de portuguÃªs para o inglÃªs... coloquei oi querida e ai aparece oi querido em inglÃªs.Serio mude aplicativo para melhor daÃ­ darei as 5******
[high_app_3_com_181] NÃ£o consigo baixar traduÃ§Ã£o offline mesmo tendo 6GB de memÃ³ria disponÃ­vel, diz que sÃ³ tenho 8,1MB
[high_app_3_com_182] EstÃ¡ com uma pequena falha, quando eu ativo o "toque para traduzir" quando eu saio jÃ¡ nÃ£o funciona mais. Arrumem please
[high_app_3_com_183] NÃ£o sei oq tÃ¡ acontecendo, baixei o App a alguns dias e tava tudo normal tava gostando bastante, mas hoje quando fui usar nÃ£o estÃ¡ funcionando, tentei traduzir um print com uma mensagem em inglÃªs, e me aparece "sem rede" na tela, minha internet esta otima, ja desinstalei e instalei de novo, mas nÃ£o â€¦Resenha completaNÃ£o sei oq tÃ¡ acontecendo, baixei o App a alguns dias e tava tudo normal tava gostando bastante, mas hoje quando fui usar nÃ£o estÃ¡ funcionando, tentei traduzir um print com uma mensagem em inglÃªs, e me aparece "sem rede" na tela, minha internet esta otima, ja desinstalei e instalei de novo, mas nÃ£o estÃ¡ traduzindo, PVF SE ALGUEM PUDER ME AJUDAR EU PRECISO URGENTE, NAO POSSO FICAR SEM TRUDUZIR!!!
[high_app_3_com_184] O modo de traduÃ§Ã£o offline nÃ£o funciona corretamente, e mesmo com acesso a internet a traduÃ§Ã£o falha. Resolvam isso!
[high_app_3_com_185] PÃ‰SSIMO! A TRADUÃ‡ÃƒO OFF NÃƒO ESTÃ FUNCIONANDO! Na vdd, nem com internet ele funciona
[high_app_3_com_186] O aplicativo nÃ£o esta funcionado e mostra que o meu celular estÃ¡ com memÃ³ria insuficiente , se o celular celular estÃ¡ memÃ³ria otima.
[high_app_3_com_187] TraduÃ§Ã£o pÃ©ssima, eu coloquei pra traduzir a palavra Feverina pra inglÃªs ai apareceu um negÃ³cio de febre
[high_app_3_com_188] NÃ£o tÃ¡ baixando nenhum idioma offline,jÃ¡ desinstalei e instalei de novo e nada ,nÃ£o baixa
[high_app_3_com_189] Este app e muito americanizado, mesma coisa que pegar um idioma e vira um sempre.Enjoativo que faÃ§o sem olhar arrogante de escÃ¡rnio!!!!!
[high_app_3_com_190] O tradutor ficou bugado,ele nÃ£o estÃ¡ traduzindo nada,por favor arrumem isso
[high_app_3_com_191] As traduÃ§Ãµes nÃ£o tem nexo, a Ãºnica coisa que o APP faz e ainda faz errado
[high_app_3_com_192] NÃ£o estÃ¡ traduzindo em modo off-line, para min isso matou o app
[high_app_3_com_193] App bosta, nao percam tempo, nao traduz bosta nenhuma
[high_app_3_com_194] DeplorÃ¡vel! NÃ£o traduz frases simples de russo no modo de traduÃ§Ã£o pela cÃ¢mera.
[high_app_3_com_195] NÃ£o consigo acessar o aplicativo, ficar como se deu erro, tÃ¡ uma bosta
[high_app_3_com_196] NÃ£o dÃ¡ mais pra traduzir quando se estÃ¡ offline de inglÃªs para portuguÃªs
[high_app_3_com_197] Eu coloco a traduÃ§Ã£o e sempre da erro e mais erro tÃ¡ uma bosta isso
[high_app_3_com_198] NÃ£o Ã© satisfatÃ³rio. O apk nÃ£o esta mais traduzindo mais offline.
[high_app_3_com_199] HorrÃ­vel aparece tudo errado nÃ£o abaixem
[high_app_3_com_200] O inglÃªs off line esta falhando direto
[high_app_3_com_201] As traduÃ§Ãµes sÃ£o completamente erradas. Sem sentido ğŸ‘
[high_app_3_com_202] NÃ£o estÃ¡ reproduzindo em Ã¡udio o idioma Zulu
[high_app_3_com_203] NÃ£o traduz offline mesmo baixando o idioma
[high_app_3_com_204] Pessimo Ã± Ã© off line bosta nenhuma
[high_app_3_com_205] muito ruim nao tem traduÃ§Ã£o offline
[high_app_3_com_206] NÃ£o consigo traduzir off line.
[high_app_3_com_207] O app nÃ£o estÃ¡ funcionando
[high_app_3_com_208] NÃ£o estou conseguindo traduzir pela cÃ¢mera
[high_app_3_com_209] NÃ£o estÃ¡ sobrepondo outros apps!!
[high_app_3_com_210] Um lixo nÃ£o entende nada
[high_app_3_com_211] Que bosta esse app lixo
[high_app_3_com_212] Nada haver traduz tudo errado
[high_app_3_com_213] Ultimamente esta falhando muito no LG
[high_app_3_com_214] Pfvr colocar pra funcionar no modo ofline
[high_app_3_com_215] Por favor melhorem essa questÃ£o do modo off...
[high_app_3_com_216] Simplesmente nÃ£o traduz offline!!! arrumem isso!
[high_app_3_com_217] NÃ£o tem a traduÃ§Ã£o instantÃ¢nea
[high_app_3_com_218] Minha cÃ¢mera nÃ£o abre
[high_app_3_com_219] TÃ¡ travando nÃ£o traduz
[high_app_3_com_220] NÃ£o estar traduzido fotos
[high_app_3_com_221] NÃ£o faz traduÃ§Ãµes offline.
[high_app_3_com_222] NÃ£o traduz mais nada
[high_app_3_com_223] Horivel o chinÃªs nÃ£o traduz
[high_app_3_com_224] NÃ£o funciona a funÃ§Ã£o offline
[high_app_3_com_225] Tem muito oque melhorar
[high_app_3_com_226] traduÃ§Ã£o off-line Ã© mentira, nÃ£o traduz...nada..., Samsung J2
[high_app_3_com_227] NÃ£o estÃ¡ traduzindo Offline
[high_app_3_com_228] NÃ£o traduz em offline, agora?!? DÃ¡ sempre erro..
[high_app_3_com_229] Eu nÃ£o consigo fazer nadağŸ˜ˆğŸ˜ˆğŸ˜ˆ
[high_app_3_com_230] A pronÃºncia esta ruim ğŸ˜ğŸ˜
[high_app_3_com_231] NÃ£o Ã© confiÃ¡vel nas traduÃ§Ãµes
[high_app_3_com_232] NÃ£o traduz nadaaaaaaaaaaaaaaaa
[high_app_3_com_233] HorrÃ­vel nÃ£o gostei
[high_app_3_com_234] Ã‰ um lixoo
[high_app_3_com_235] Pessimo
[high_app_3_com_236] Legal
[high_app_3_com_237] HorrÃ­vel
[high_app_3_com_238] Bugs
[high_app_3_com_239] PortuguÃªs de Portugal?ğŸ‘ğŸ‘ğŸ‘ğŸ‘ğŸ‘ğŸ‘ğŸ‘ğŸ‘ğŸ‘ğŸ‘ğŸ‘ğŸ‘ğŸ‘ğŸ‘ğŸ‘
[high_app_3_com_240] muitas vezes a traduÃ§Ã£o fica muito sem sentidi
[high_app_3_com_241] Orrivel tentei abrir uma vez e travou meu celular todo tive que mandar consertar e foi caro demais. NÃ£o baixemğŸ˜£
[high_app_3_com_242] Antes era bom, vocÃª fazia o download pra traduÃ§Ã£o offline e funcionava mas agora todo mÃªs da um erro fica aparecendo pra verificar o cartÃ£o SD,jÃ¡ apaguei dados fiz o download de novo e de novo mas depois de um tempo volta a dar o mesmo erro
[high_app_3_com_243] Poxa Mn Baixei o App depois Comecei a Gosta dele Seria um Ã“timo Aplicativo Para o Dia dia SÃ³ que eu Uso mais no Modo Offline Baixe Os Arquivos Ai depois de 5:00h Deu Erro De TraduÃ§Ã£o
[high_app_3_com_245] Por favor Arrumem Isso! EstÃ¡ Traduzindo Tudo Errado, Ao invÃ©s De melhorar o App EstÃ¡ Piorando Se for Para Piorar Nem fassa Esta AtualizaÃ§Ã£o A cada atualizaÃ§Ã£o Fica pior.Melhorem Isso Por favor
[high_app_3_com_246] No comeÃ§o era Ã³timo ,mas agora ele da erro toda hora e nÃ£o Ã© capaz de traduzir ,ele nÃ£o traduz mais offline e nem online ,eu jÃ¡ nÃ£o sei oque faÃ§o com ele, sÃ³ me resta desinstalar,eu esperava mais posso dizer que esse APP me decepcionou ğŸ‘
[high_app_3_com_248] Os dados para traduÃ§Ã£o offline sÃ³ sÃ£o habilitados para o cartÃ£o de memÃ³ria. Tenho 32mb livre no cartÃ£o e 4 gb no dispositivo. SÃ³ que o app nÃ£o me dÃ¡ a opÃ§Ã£o de escolher o local do download. JÃ¡ tirei o cartÃ£o e fiz o download para o dispositivo. Mas o app dÃ¡ erro.
[high_app_3_com_244] Parei se usar pois fica dando erro de nÃ£o ter dicionario offline disponivel como se estivesse sem internet. Fazem meses que esse erro ocorre e nenhuma atualizaÃ§Ã£o foi lanÃ§ada em tempos tambÃ©m. Voltei a usar pelo site
[high_app_3_com_250] NÃƒO sei o motivo , troquei meu celular por um J7 Pro e simplesmente nÃ£o funciona o tradutor no Instagram. No meu J5 ele funciona sÃ³ com Recurso Toque tela inicial . JÃ¡ no J7pro esse recurso simplesmente desapareceu do botÃ£o inicial, alguÃ©m sabe se esse j7 prÃ³ nÃ£o tem esse recurso?
[high_app_3_com_251] Vai levar 5 estrelas quando a voz do tradutor for em portuguÃªs de Portugal, acho um atentado ao meu paÃ­s, darem unicamente como opÃ§Ã£o portuguÃªs Brasil. Passaram meses desde o primeiro comentÃ¡rio e a aplicaÃ§Ã£o contÃ­nua com o portuguÃªs do Brasil, vou descer uma estrela. Desculpem...
[high_app_3_com_247] Essa droga nÃ£o traduz nada direito eu queria saber como se fala oi em japonÃªs aÃ­ mostro hai que significa sim em japonÃªs e nÃ£o oi e quando eu quis saber oque siguinifica Dang It ai traduzio para Dang It nÃ£o falou oque siguinifica
[high_app_3_com_249] TÃ¡ muito ruim e traduzindo as palavras erradas vc fala uma coisa e ele fala outra totalmente diferente nada ver me ferrei na traduÃ§Ã£o affffffffs fui falar casa saiu casamento
[high_app_3_com_252] com a atualizaÃ§Ã£o o App n tem o mesmo desempenho. nÃ£o reconhece a voz e tenho q ficar fechando e voltando esperando a boa vontade dele reconhecer a voz e antes isso nunca tinha ocorrido.
[high_app_3_com_253] Desde que eu atualizei para o Android 8 a funÃ§Ã£o "toque para traduzir" (aquela que a gente seleciona o texto e ele traduz num pop up sobre outros aplicativos) parou de funcionar. Sempre que tanto, o programa fecha inesperadamente. MOTO X4
[high_app_3_com_255] EstÃ¡ com muita traduÃ§Ã£o errada, eu demoro uns 15 minutos sÃ³ corrigindo os textos e pra ter certeza se estÃ¡ realmente certo. Prefiro fazer aulas de inglÃªs. Obrigada.
[high_app_3_com_256] O aplicativo era bom, mas faz alguns dias, que ele vem apresentando erro. Mesmo com os arquivos de traduÃ§Ã£o offline baixados, ele nÃ£o estÃ¡ traduzindo offline. Mesmo depois de atualizar ele ainda continua com o erro.
[high_app_3_com_257] Esta pÃ©ssimo as traduÃ§Ãµes estÃ£o completamente erradas ai quando faÃ§o trabalho de inglÃªs eu me ferro por favor arrumem isso por que sÃ³ vai continuar pÃ©ssimo minha nota
[high_app_3_com_254] Quando quero traduzir uma palavra Ã© maior onda, diz que nÃ£o tenho o pacote offline, sendo que eu jÃ¡ tenho e mesmo quando estou conectado na internet assim mesmo aparece como se eu estivesse offline
[high_app_3_com_258] SÃ³ pode ta fazendo hora com a cara da gente...A gnt pesquisa uma frase pra traduzir daÃ­ aparece coisas sem sentido tipo nada haver com a frase que a gente quer traduzir!!!aff
[high_app_3_com_259] Era melhor antes, porque nÃ£o estÃ¡ traduzindo direito e infelizmente terei que optar a desinstalar o app, fiquei muito decepcionada pois o tradutor era excelente... =_=
[high_app_3_com_260] Na descriÃ§Ã£o diz que DÃ PARA USAR OFLINE. Mas de que forma? No meu nÃ£o dÃ¡ essa opÃ§Ã£o, sendo assim NÃƒO ME INTERESSA.
[high_app_3_com_261] O aplicativo nÃ£o funciona e o "toque para traduzir" prestava e agora nÃ£o mais , esse aplicativo tÃ¡ ficando cada vez pior , e nem preciso falar da traduÃ§Ã£o offline que nÃ£o funciona , NUNCA funciona .
[high_app_3_com_262] Eu instalo a traduÃ§Ã£o ofiline e ela funciona corretamente durante alguns dias mais depois comeÃ§a a aparecer erro de traduÃ§Ã£o e diz que Ã© erro do cartÃ£o SD corrijam logo
[high_app_3_com_263] Esta aplicaÃ§Ã£o estÃ¡ lenta e tambÃ©m tenta encerrar por vontade prÃ³pria... Comparei com a aplicaÃ§Ã£o rival da Microsoft e estÃ¡ mais Ã¡gil do que o Google Tradutor. (Nokia 5)
[high_app_3_com_264] Antes era muito bom agora estÃ¡ muito ruim ler uma vez depois nÃ£o quer ler.
[high_app_3_com_265] A traduÃ§Ã£o em espanhol estÃ¡ horrÃ­vel. Tem palavras que ele simplesmente traduz como "espaÃ±ol" . Assim como o tradutor do teclado do Google. Digitem "feijÃ£o" no tradutor e coloca para traduzir para o espanhol que vÃ£o ver
[high_app_3_com_267] NÃ£o gostei de terem tirado a opÃ§Ã£o de limpar lista tudo de uma vez ğŸ˜¡ Agora fica com fogo de aparecer a mensagem: "O arquivo de traduÃ§Ã£o off-line nÃ£o estÃ¡ disponÃ­vel. Verifique se o cartÃ£o SD foi inserido." Sendo que nÃ£o tem NADA de errado com o celular ou com a internet... arrumem isso ai pÃ´.
[high_app_3_com_266] NÃ£o sei o motivo, mas nÃ£o traduz mais nada. SÃ³ fica carregando infinitamente... a eficiÃªncia deste app foi a zero. Por isso, zero estrelas!!!
[high_app_3_com_268] Acabei de atualizar e nÃ£o estÃ¡ prestando. Totalmente instÃ¡vel. NÃ£o estÃ¡ permitindo ou mantendo as alteraÃ§Ãµes nas configuraÃ§Ãµes o que estÃ¡ impedindo o uso com cÃ¢mera / microfone
[high_app_3_com_269] O app simplesmente nÃ£o abre, atualizei ele para ver se era o problema e mesmo assim nÃ£o voltou arrumem isso.
[high_app_3_com_270] NSS vey ta muito ruim eu perguntei oq quer dizer back e falo q e atrÃ¡s mas na verdade quer dizer voltar
[high_app_3_com_271] Desde que adicionaram a possibilidade de qualquer um ajudar na traduÃ§Ã£o vem piorando muito, jÃ¡ nÃ£o dÃ¡ para confiar mais nas traduÃ§Ãµes.
[high_app_3_com_272] Quando estou ligado a internet funciona lindamente e tambÃ©m no dia seguinte,mas nos outros prÃ³ximos dias jÃ¡ nÃ£o funciona.
[high_app_3_com_273] A funÃ§Ã£o offline da erro todas as vezes. Nao consigo usa-la e Ã© uma funÃ§Ã£o essencial que diferencia esse app. Precisam reajusta-la
[high_app_3_com_275] Por que nÃ£o traduz mais en off, ficou pÃ©ssimo!
[high_app_3_com_274] Na hora que a gente mais precisa, ele nos deixa na mÃ£o. A traduÃ§Ã£o offline parou de funcionar pela segunda vez.
[high_app_3_com_276] O App insiste em dizer que a memÃ³ria do meu dispositivo estÃ¡ cheia e nÃ£o estÃ¡ cheia, por isso nÃ£o dar pra usar o modo offline
[high_app_3_com_278] O aplicativo jÃ¡ foi bom,agora estÃ¡ dando erro na traduÃ§Ã£o offline consertem isso porfavor
[high_app_3_com_279] Sempre a mesma cousa erro de traduÃ§Ã£o .mesmo estando com internet. E mesmo com o pacote offline instalado ele nÃ£o traduz nada.
[high_app_3_com_277] As vezes nÃ£o traduz nem por reza. E quando traduz o faz muito mal.
[high_app_3_com_280] TÃ¡ travando muito no meu Samsung s7 edge Plus porque isso agora era tÃ£o bom ğŸ˜ 
[high_app_3_com_281] Tem traduÃ§Ãµes horrÃ­veis e palavras em portuguÃªs do Brasil e nÃ£o de Portugal que era o que devia de ter porque Ã© o que estÃ¡ certo
[high_app_3_com_282] Esta bom, mas Ãºltimamente anda muito ruim, coloco frases para ele traduzir e ele da uma resposta nada haver.
[high_app_3_com_283] Depois da Ãºltima atualizaÃ§Ã£o nÃ£o traduz mais o Ã¡udio, nem a nÃ£o tal de conversaÃ§Ã£o funciona. TÃ´ chatiada
[high_app_3_com_284] Dando erro de diretÃ³rio de armazenamento, app estÃ¡ instalado no celular mas estÃ¡ mostrando que foi instalado no micro SD.
[high_app_3_com_285] Nos deram a opÃ§Ã£o de traduÃ§Ã£o offline mas nÃ£o funciona. Sacanagem.
[high_app_3_com_286] Nossa mais esse Google Tradutor e mais burro que eu, eu falo uma palavra certa ele bota uma errada.
[high_app_3_com_287] Poderia ter Ã  opÃ§Ã£o de poder diminuir a velocidade da traduÃ§Ã£o da voz tem palavras que nÃ£o dar pra entender
[high_app_3_com_288] Cara, o tradutor Ã© bom, mas a cÃ¢mera para traduzir instantaneamente simplesmente nÃ£o funciona. Esperava mais ğŸ˜”
[high_app_3_com_289] Uso um LG X power e quando vou ligar a camera pra traduzir uma frase a tela fica escura.
[high_app_3_com_290] Troquei de aparelho...mas os bugs continuam...n da pra usar offline e a cÃ¢mera...nossa...simplismente Ã± funciona nem em um aparelho recÃ©m lanÃ§ado...nao recomendo.
[high_app_3_com_292] O modo offline nÃ£o esta funcionado
[high_app_3_com_293] NÃ£o sei qual que tÃ¡ mais errado, se Ã© esse tradutor ou meu dicionÃ¡rio.
[high_app_3_com_291] Eu nÃ£o gostei , dessa atualizaÃ§Ã£o nÃ£o traduz nada! Em vez de melhorar estÃ¡ Ã© regredindo! AffğŸ˜ ğŸ˜ ğŸ˜ 
[high_app_3_com_294] NÃ£o funciona no off line.. E na Internet Ã© uma b@$+#
[high_app_3_com_295] Baixei com a intenÃ§Ã£o de traduzir fora do app com a funÃ§Ã£o" traduzir em qualquer tela",mas nÃ£o funciona.
[high_app_3_com_296] Essa nova versÃ£o nÃ£o traduz nada por microfone. A versÃ£o antiga eram muito melhor.
[high_app_3_com_298] Desinstalei... NÃ£o funciona em OFF-LINE... JÃ¡ tentei tudo e nÃ£o deu em nada... Se disserem que funciona Ã© MENTIRA.
[high_app_3_com_297] Na escrita Ã© razoÃ¡vel, mas na oratÃ³ria Ã© terrÃ­vel, nunca entende o que Ã© dito, e quando entende, traduz coisas sem sentidos.
[high_app_3_com_299] PÃ‰SSIMO EM TRADUZIR A GENTE FALA UMA COISA ELE TRADUZ OUTRA AFF...
[high_app_3_com_301] Arrumem esse tradutor, eu coloco uma coisa e aparece a traduÃ§Ã£o toda errada '-'
[high_app_3_com_300] NÃ£o traduz offline coisa nenhuma. Logo o inglÃªs que Ã© a mais usada isso nÃ£o traduz. Desinstalado.
[high_app_3_com_302] NÃ£o gostei, ele Vivi travando, e nÃ£o consigo utilizar a traduÃ§Ã£o instantÃ¢nea.
[high_app_3_com_303] Depois da atualizaÃ§Ã£o ta dando falha na hora das traduÃ§oes ,arrumem isso .
[high_app_3_com_304] NÃ£o estÃ¡ mais traduzindo fotos, da que estÃ¡ sem rede, mesmo eu estando conectada ...
[high_app_3_com_305] Uma bosta de app, nem sequer tem a traduÃ§Ã£o offline do inglÃªs.
[high_app_3_com_307] HorrÃ­vel ele nÃ£o faz a traduÃ§Ã£o rÃ¡pida e da erro toda hora.
[high_app_3_com_306] Depois da atualizaÃ§Ã£o ele ficou pÃ©ssimo e nÃ£o faz mais traduÃ§Ãµes.
[high_app_3_com_308] Uma hora tÃ¡ traduzindo offline e a outra nÃ£o tÃ¡, mÃ³ palhaÃ§a ğŸ˜¡
[high_app_3_com_309] Tenho uma tia que fala em japonÃªs e ela disse que estÃ¡ tudo errado
[high_app_3_com_311] Deixa mesmo muito a desejar! Algumas traduÃ§Ãµes nÃ£o correspondem em nada ao que Ã© pedido!!
[high_app_3_com_310] O meu moto g5 nÃ£o tÃ¡ traduzindo a leitura pela cÃ¢mera
[high_app_3_com_312] Traduzia perfeitamente no Asus agora no moto G2 sai tudo errado
[high_app_3_com_313] TÃ¡ muito ruim formando frases erradas arrumem isso por favor
[high_app_3_com_314] NÃ£o funciona offline e traduz alguma frases e palavras de maneira erronea
[high_app_3_com_315] Para a traduÃ§Ã£o off line mesmo limpando cachÃª e reinstalando.
[high_app_3_com_316] A traduÃ§Ã£o offline nÃ£o funciona, mesmo com os pacotes baixados.
[high_app_3_com_317] Esta horrÃ­vel, nÃ£o traduz mais nada, sÃ³ fica girando e nÃ£o traduz
[high_app_3_com_318] A voz e muito feia tem que pode uma voz mais bonita
[high_app_3_com_319] EstÃ¡ muito ruim. NÃ£o consigo traduzir mais nada
[high_app_3_com_320] Tentando entender como desenvolvedores conseguem regredir tanto em um aplicativo.
[high_app_3_com_321] NÃ£o funciona offline e mesmo conectado a internet trava.
[high_app_3_com_322] Por mais melhorias tradutor offline nÃ£o funciona
[high_app_3_com_323] NÃ£o deixa eu traduzir online apenas offline
[high_app_3_com_325] JÃ¡ foi bem legal. Agora deixa muito a desejar.
[high_app_3_com_324] NÃ£o responde, muito ruim essa nova atualizaÃ§Ã£o
[high_app_3_com_326] A tradiÃ§Ã£o enviar errado nÃ£o gostei
[high_app_3_com_327] In my opinion this aplication is fail in translater
[high_app_3_com_328] Fica falando falha na traduÃ§Ã£o arrumem isso
[high_app_3_com_329] Ele nÃ£o entende nada que eu fala
[high_app_3_com_331] Erro de traduÃ§Ã£o sempre, jÃ¡ enviei feedback
[high_app_3_com_330] TÃ¡ impossÃ­vel traduzir, sempre traduz, palavras, frases errado!
[high_app_3_com_332] O aplicativo estÃ¡ horrÃ­vel, com vÃ¡rios bugs na traduÃ§Ã£o!!! ARRUMEM ISSO LOGO!!!
[high_app_3_com_333] SÃ³ me escuta NÃ£o baixa
[high_app_3_com_334] Ele Nao Ta Traduzindo Off-Line
[high_app_3_com_335] Fechando a todo momento. EstÃ¡ horrÃ­vel!
[high_app_3_com_336] NÃ£o estÃ¡ traduzindo no Android 7
[high_app_3_com_337] NÃ£o quer traduzir do espanhol pra o portuguÃªs
[high_app_3_com_338] A traduÃ§Ã£o offline n funciona
[high_app_3_com_339] Uma bosta horrÃ­vel pior de todos
[high_app_3_com_341] Microfone nÃ£o funciona. Tenho que digitar tudo. PÃ©ssimo.
[high_app_3_com_340] TÃ´ com problema. NÃ£o funciona a entrada de Ã¡udio.
[high_app_3_com_342] A traduÃ§Ã£o fica sem sentido.
[high_app_3_com_343] Era bom, agr ta um cu
[high_app_3_com_344] JÃ¡ foi Ã³timo. Agora nÃ£o funciona.
[high_app_3_com_345] NÃ£o funciona offline!
[high_app_3_com_346] Esta dando problemas no s7
[high_app_3_com_347] TÃ¡ dando falha na traduÃ§Ã£o
[high_app_3_com_348] Bug na hr de sair do app
[high_app_3_com_349] A traduÃ§Ã£o tÃ¡ pÃ©ssima.
[high_app_3_com_350] Esta travado nÃ£o funciona
[high_app_3_com_351] Mas o menos dÃ¡ para usar
[high_app_3_com_352] NÃ£o dÃ¡ para escrever em chinÃªs
[high_app_3_com_353] O programa estÃ¡ travando!!!!!
[high_app_3_com_355] Desinstalei,sÃ³ da erro..
[high_app_3_com_354] Porcariada google sempre um coco...
[high_app_3_com_356] Enfiaram o app no cÃº!!! CadÃª a traduÃ§Ã£o off-line???
[high_app_3_com_359] Tem que melhorar muito
[high_app_3_com_357] SÃ³ fica travando
[high_app_3_com_358] NÃ£o traduz offline
[high_app_3_com_360] Traduzi tudo errado
[high_app_3_com_361] DÃ¡ erro direto
[high_app_3_com_363] VersÃ£o mais antiga
[high_app_3_com_362] InÃºtil na funÃ§Ã£o foto
[high_app_3_com_364] Traduz melhor por favor
[high_app_3_com_365] JÃ¡ foi melhor
[high_app_3_com_366] Morreu coitado :(
[high_app_3_com_367] NOOOOOOO I COULDN'T LIKE IT âââââ
[high_app_3_com_368] Muito ruim
[high_app_3_com_369] NÃ£o percibi
[high_app_3_com_370] estou por avaliar
[high_app_3_com_372] Ã‰ um lixo
[high_app_3_com_371] Uma bosta
[high_app_3_com_373] Rasuatve...
[high_app_3_com_374] uma bosta
[high_app_3_com_375] L I X O
[high_app_3_com_376] NÃ£o Ã© bem feitoğŸ˜¡ğŸ˜¤ğŸ˜µğŸ˜±ğŸ˜²ğŸ˜«ğŸ˜“ğŸ˜­ğŸ˜¿ğŸ’©ğŸ’©ğŸ’©ğŸ’©ğŸ’©ğŸ’©ğŸ’©ğŸ’©ğŸ’©
[high_app_3_com_377] As vezes ele troca todo o sentido das mensagens vocÃª digita uma coisa ou um texto e ele inverte todo o sentido quando traduz, fica totalmente nada a ver,acho que poderia melhorar o sistema de traduÃ§Ã£o para o que realmente queremos dizer. Ou expressar na mensagem..
[high_app_3_com_378] Ã‘ gostei muito pq a maioria das lÃ­nguas Ã± esta pegando,tipo eu falava para produzir sÃ³ q Ã± pegavağŸ‘ğŸ˜ (Ã± sei no de vcs ,mas no meu aconteceu isso!)
[high_app_3_com_380] Eu sÃ³ tenho um problema..faÃ§o tudo direitinho pra taylandia como faÃ§o pra FranÃ§a..sÃ³ a TailÃ¢ndia nÃ£o responde em portuguÃªs..Isto por mensager.p que fazer? SerÃ¡ por culpa da outra pessoa que nÃ£o instalou a aplicaÃ§Ã£o GOUGLE tradutor?
[high_app_3_com_379] NÃ£o estÃ¡ traduzindo, eu digito o texto e diz: falha na traduÃ§Ã£o, eu uso um Wi-Fi com um Ã³timo sinal mas mesmo assim nÃ£o traduz, corrijam isso ou irei desinstalar!! ğŸ˜ ğŸ˜ ğŸ˜¬
[high_app_3_com_381] O modo offline nÃ£o funciona, gasta-se tempo e internet para efetuar o download porÃ©m sem a presenÃ§a de rede o app nÃ£o traduz nada.
[high_app_3_com_382] Uso a opÃ§Ã£o da leitura da cÃ¢mera para traduzir e fala que estÃ¡ sem rede mesmo tendo, se digitar manualmente traduz, aÃ­ nÃ£o dÃ¡, antes funcionava.
[high_app_3_com_383] As atualizaÃ§Ãµes nÃ£o funcionam. JÃ¡ atualizei trocentas mil vezes e quando quero usar os recusos de traduÃ§Ã£o offline ou intantanea manda atualizar de novo.
