[high_app_4_com_0] Onde est√° a marca√ß√£o de PERDAS DE PACOTE,ESSE ITEM √â MUITO IMPORTANTE.SE NAS PR√ìXIMAS ATUALIZA√á√ÉO CONCERTAREM A√ç FICA BOM!
[high_app_4_com_2] Depois da ultima atualiza√ß√£o n√£o ta dando a leitura certa, Estragaram o melhor testador que tinha!
[high_app_4_com_1] A vers√£o anterior era muito melhor, se perde muito tempo procurando servidor, e acaba dando erro, a nova interface ficou super sem gra√ßa, a outra era mais bonita e direta, enfim s√≥ piorou.
[high_app_4_com_3] Eu paguei para tirar as propagandas e agora voltou. Na √©poca que paguei era permanente.
[high_app_4_com_4] N√£o condiz com o que promete Na minha opini√£o poderia melhorar pelo menos mais 70%
[high_app_4_com_5] E um virus que faz seu aparelho laga e n√£o permite a desistala√ß√£o
[high_app_4_com_6] A velocidade da internet estava em 10 Mb e tava marcando abaixo de 1 mb
[high_app_4_com_7] Nao gostei. Fui ver qual era a velocidade da minha net e apareceu uma net sinopüòß
[high_app_4_com_8] Essa √∫ltima atualiza√ß√£o ficou horr√≠vel e feia, a anterior estava melhor
[high_app_4_com_9] resultados mentirosos
[high_app_4_com_10] Ele mente
[high_app_4_com_11] A vers√£o anterior era melhor, pois apresentava um gr√°fico assim vc conseguia ter ideia de qual era a oscila√ß√£o, agora apresenta somente resultado final que na verdade n√£o √© um n√∫mero constante.
[high_app_4_com_12] Ah n√£o meus queridos, com essa atualiza√ß√£o voc√™s est√£o igualando um app show de bola como era vers√£o anterior com uns app mais fajutos que tem no cat√°logo. Saiu at√© o grafico...Chateado!
[high_app_4_com_13] Depois da √∫ltima atualiza√ß√£o ficou p√©ssimo, minha internet √© de 50 Mb e o app mede bem abaixo da velocidade real, testei outros apps de medi√ß√£o e todos acusam 50 MB.
[high_app_4_com_14] O antigo era bem melhor,esseai apresenta resultado meio que sei l√° n√£o gostei volte com a vers√£o antiga bem melhor .
[high_app_4_com_15] Particularmente n√£o gostei desse novo layout, entre outros detalhes. Poderia voltar a vers√£o anterior que era mais "agrad√°vel" e "pr√°tico"
[high_app_4_com_16] A vers√£o anterior era melhor em todos os aspectos, sem contar que o √≠cone √© muito parecido com com o √≠cone do Uber, melhorem!!
[high_app_4_com_17] Depois da atualiza√ß√£o ficou horr√≠vel Pois quando inicia o teste ele pede pra verificar a conex√£o arrumem isso Ou voltem a vers√£o anterior
[high_app_4_com_18] T√° .t√° taficando uma b√≥sta muito anuncio nem completa nem finaliza a medi√ß√£o e j√° vem o anuncio üò§ deixa fazer os testes primeiro ia depois pode fazer estes an√∫ncios.)A√≠ depois eu tiro as den√∫ncias üòÅ
[high_app_4_com_19] Volta com a vers√£o antiga que m√©dia por kb/s por favor..! N√£o podem tirar um recurso assim do nada.., pois como eu muitos tamb√©m mediam em Kb/s
[high_app_4_com_20] Que vacilo de vcs hein. Tira uma vers√£o top pra colocar essa amadora ..n√£o sei qual o conceito de novo que vcs t√™m...essa vers√£o parece beta...muito ruim. .foi um tiro no p√©. ..
[high_app_4_com_21] A apar√™ncia da vers√£o anterior era melhor, sem falar que n√£o est√° marcando corretamente a velocidade da Net, q mancada.
[high_app_4_com_22] App est√° muito ruim nessa √∫ltima atualiza√ß√£o. N√£o consigo testar minha Internet. Nem no 4g n√£o testa.
[high_app_4_com_23] Nao funcionou no meu j7 prime
[high_app_4_com_24] a outra vers√£o era melhor, essa da muito erro de conex√£o, vou desinstalar ficou p√©ssimo..
[high_app_4_com_25] A vers√£o antiga era bem melhor, essa est√° p√©ssima n√£o gostei !!
[high_app_4_com_26] Ficou p√©ssimo depois da atualiza√ß√£o, inv√©s de melhorar ficou 10x pior
[high_app_4_com_27] Volta com a vers√£o anterior, pq essa vers√£o est√° horr√≠vel!
[high_app_4_com_28] N ta pegando diz q n tenho conex√£o
[high_app_4_com_29] Tem anuncio eu to fora e ja exclu√≠ o app.
[high_app_4_com_30] Tem idiota que paga pela vers√£o premium.....s√≥ babaca msm.....agora que acabaram com o App mesmo....
[high_app_4_com_31] N√£o funciona depois dessa atualiza√ß√£o
[high_app_4_com_32] A vers√£o anterior era melhor
[high_app_4_com_33] n√£o consigo conectar minha rede
[high_app_4_com_34] O antigo era melhor!
[high_app_4_com_35] N√£o mede conex√£o de 1 Giga! üòéüòù
[high_app_4_com_36] N√£o consigo trocar o servidor
[high_app_4_com_37] muita propaganda isso estressa üò†üò†üò†
[high_app_4_com_38] J√° foi bom
[high_app_4_com_39] J√° foi melhor
[high_app_4_com_40] Ficou um lixo depois da √∫ltima atualiza√ß√£o depois que fa√ßo o primeiro teste n√£o consigo mudar o servidor e n√£o mostra mais meu ip externo s√≥ pioraram
[high_app_4_com_41] O App √® muito ruim, me fez ate me sentir constragida perante a provedora...a medi√ß√£o da velocidade, n√£o condiz com a realidade...desinstalando e uma estrela, pq nao tem como dar zero.
[high_app_4_com_42] Que interface mais ridicula que colocaram agora... esse povo √© sem no√ßao mesmo...ate meu Atari dos anos 80 tinha uma tela mais interessante...
[high_app_4_com_43] A DUAS SEMANAS, N√ÉO EST√Å FUNCIONANDO MAIS, CORRIGI√ÉO ISSO, POR FAVOR, O APLICATIVO FECHA SOZINHO, E N√ÉO DAR O RESULTADO. ATUALIZE POR FAVOR, N√ÉO GOSTEI DA COR PRETO, FICOU FEIO.
[high_app_4_com_44] Depois da ultima atualiza√ßao nao ficou bacana.amedi√ßao po kbs poe exemplo era muito √∫til. O visual tbm nao ficou legal
[high_app_4_com_45] Odiei o layout novo,e n√£o consigo trocar o servidor. Volta exatamente do jeito que estava antes por favor!!!! A√≠ eu dou 5 estrelas!!
[high_app_4_com_46] Eu j√° comprei a vers√£o paga e depois da atualiza√ß√£o diz que tenho que comprar novamente para remover os an√∫ncios.
[high_app_4_com_47] Adoro este app mas infelizmente n√£o funciona mais no meu k6 depois da atualiza√ß√£o.
[high_app_4_com_48] O app e mentiroso eu tenho 1mega fui medir deu 4 mega kkkkk
[high_app_4_com_49] Porque preciso pagar novamente para remover os an√∫ncios? Por gentileza verifiquem este erro.
[high_app_4_com_50] Ihhhh! Desfaz a ultima atualiza√ß√£o que bugou tudo. O programa era bom
[high_app_4_com_51] O App est√° buscando redes m√≥veis de outra cidade.
[high_app_4_com_52] depois da atualiza√ßao so fica dando erro ao testar
[high_app_4_com_53] O app √± funciona mais esta horr√≠vel
[high_app_4_com_54] Apos a ultima atualizacao ele pioro
[high_app_4_com_55] Desinstalando, est√° muito ruim, n√£o est√° lendo direito.
[high_app_4_com_56] Atualiza√ß√£o ficou horr√≠vel o desaigner.
[high_app_4_com_57] P√©ssimo.depois desta atualiza√ß√£o ficou irreconhec√≠vel.üòíüòíüòíüòí
[high_app_4_com_58] Muito impreciso
[high_app_4_com_59] Publicidade inc√≥moda
[high_app_4_com_60] Bom
[high_app_4_com_61] Essa nova vers√£o √© p√©ssima e ainda tenho que pagar para ver o resultado? H√° v√° se....
[high_app_4_com_62] Detestei a atualiza√ß√£o
[high_app_4_com_63] A vers√£o anterior era muito melhor.
[high_app_4_com_64] Finalmente! voltou a funcionar sem propagandas, j√° que paguei por essa vers√£o!
[high_app_4_com_65] Ele s√≥ marca a velocidade contratada , n√£o l√™ a velocidade que vc t√° recebendo. Tenho 10MB contratada ele marca os 10MB, mais minha internet fica oscilando, fa√ßo teste no site marca as varia√ß√µes üëéüëéüëéüëé
[high_app_4_com_66] No resumo pede feedback, mas na verdade n√£o d√£o a m√≠nima... Acho engra√ßado como adicionam novos recursos aparentemente em constru√ß√£o e sem muita utilidade, mas n√£o colocam a op√ß√£o de login para permitir adicionar os resultados conseguidos no aplicativo √† conta. Um teste feito no celular, s√≥ fica nel‚Ä¶Resenha completaNo resumo pede feedback, mas na verdade n√£o d√£o a m√≠nima... Acho engra√ßado como adicionam novos recursos aparentemente em constru√ß√£o e sem muita utilidade, mas n√£o colocam a op√ß√£o de login para permitir adicionar os resultados conseguidos no aplicativo √† conta. Um teste feito no celular, s√≥ fica nele. Tamb√©m esqueceram o nome da operadora na tela de resultados. E a publicidade √© chatinha, mas tem que tolerar, o app √© gratuito...
[high_app_4_com_67] A internet est√° ok, mas quando vai testar ele diz que tem problema de comunica√ß√£o com a rede
[high_app_4_com_68] Seus lixos nem para p√¥r a vers√£o atualizada seus bosonista
[high_app_4_com_69] A mesma aplica√ß√£o usando o notebook direto com cabo de rede, da o dobro da velocidade ...
[high_app_4_com_70] Paguei e ainda estou com. A versao antiga do app. Quero o meu app atualizado para nova versao.
[high_app_4_com_71] Era muito bom, mas agora est√° cheio de bugs
[high_app_4_com_72] Acabou n√£o marca mais certo depois da atualiza√ß√£o.
[high_app_4_com_73] Agora s√≥ trava, depois da √∫ltima atualiza√ß√£o!
[high_app_4_com_74] Resultado das medi√ß√µes n√£o condizem com a realidade.
[high_app_4_com_75] N√£o est√° medindo upload
[high_app_4_com_76] lixo, propaganda at√© no c√∫
[high_app_4_com_77] Eu comprei esse App mas ele continua enviando propagandas n√£o sei o porqu√™ mas eu pe√ßo que os administradores arrume isso
[high_app_4_com_78] Era muito bom mas depois da √∫ltima atualiza√ß√£o n√£o est√° mais funcionando porque ser√°?
[high_app_4_com_79] Pra quem n√£o sabe, ap√≥s a √∫ltima atualiza√ß√£o esse aplicativo, SEM PERGUNTAR, ativou um recurso que "coleta" seus dados e evita pra terceiros. Quem n√£o quiser ser feito de trouxa, trem que ir em configura√ß√µes e desativar. Quem avisa amigo √©: QUEM USA ESSE APLICATIVO, DESATIVE O ROUBO DE DADOS PESSOAI‚Ä¶Resenha completaPra quem n√£o sabe, ap√≥s a √∫ltima atualiza√ß√£o esse aplicativo, SEM PERGUNTAR, ativou um recurso que "coleta" seus dados e evita pra terceiros. Quem n√£o quiser ser feito de trouxa, trem que ir em configura√ß√µes e desativar. Quem avisa amigo √©: QUEM USA ESSE APLICATIVO, DESATIVE O ROUBO DE DADOS PESSOAIS.
[high_app_4_com_80] O app √© bacana, mas de uns dias pra c√° passou a n√£o mais medir o meu upload, j√° fiz v√°rios testes e o erro est√° realmente no aplicativo!
[high_app_4_com_81] Nao ta abrindo nao carega nd o que ta avendo vi otimas referencia do app mas a reailidade e outra
[high_app_4_com_82] O APP j√° foi bom,s√≥ que agora ele ate abre,mais quando ponho pra fazer o teste,do nada ele fecha sozinho,desenstalando aqui
[high_app_4_com_83] Depois da √∫ltima atualiza√ß√£o, parou de verificar as velocidades de download e upload. Tem como corrigir?
[high_app_4_com_84] No meu aparece 23 Mbps e nunca pode ser isso tudo, contratei e certamente tem menos de 3 Mbps.. porque isso?
[high_app_4_com_85] O aplicativo oferece para tirar as propagandas depois de voc√™ comprar mas ap√≥s um tempo volta a exibir novamente.
[high_app_4_com_86] Ta ruim atualiza√ß√£o no LG k10 2016 android 6.0 e Samsung galaxy gran prime duos tv digital android 5.0.2
[high_app_4_com_87] O aplicativo √© bom, mas paguei pela vers√£o sem an√∫ncios e ap√≥s uma atualiza√ß√£o os an√∫ncios voltaram.
[high_app_4_com_88] Demora demais achar um host pra fazer o teste demora abrir demora no teste, n√£o d√° mais pra usar ...
[high_app_4_com_89] Depois a atualiza√ß√£o mais recente ele n√£o consegue finalizar a an√°lise.
[high_app_4_com_90] Muito ruim da uma velocidade de download quase igual de upload
[high_app_4_com_91] Ele depois que atualizou parou de funciona um bosta
[high_app_4_com_92] N√£o gostei dessa vers√£o, anterior muito melhor
[high_app_4_com_93] N√£o funciona no Samsung win duo
[high_app_4_com_94] Aplicativo trava meu celular
[high_app_4_com_95] Depois da atualiza√ßao virou lixo
[high_app_4_com_96] Parou de funcionar desinstalando
[high_app_4_com_97] P√©ssimo
[high_app_4_com_98] O App estava indo bem. Foi s√≥ eu comprar que come√ßou a ficar ruim a medi√ß√£o ficou toda zoada e n√£o confi√°vel. Arrumem e eu aumento as estrelas e renovo meu coment√°rio.
[high_app_4_com_99] J√° foi bom, hoje em dia n√£o est√° mais preciso, sempre mostra downloads abaixo do real. Comparando com outros resultados de apps, esse n√£o est√° mais condizente.
[high_app_4_com_100] Precisa fazer uma an√°lise nos servidores que medem a velocidade pois muitos n√£o tem qualidade para medir a velocidade e com isso levando ao erro a velocidade real
[high_app_4_com_101] Eu paguei para retirar as horriv√©is propagandas, mas agora voltou √†s propagandas novamente. Ser√° que tenho de ficar sempre pagando???
[high_app_4_com_102] Piada, em tr√™s minutos me mostrou resultados totalmente diferentes com diferen√ßa de velocidade de at√© o triplo um teste pra outro
[high_app_4_com_103] Tipo em certos locais ele realmente funciona mais em zonas rurais ele da resultados nd a ver
[high_app_4_com_104] N√£o serve para equipamentos x86 com monitor externo - a tela fica em modo retrato, dif√≠cil de operar...
[high_app_4_com_105] Acabar√£o com o aplicativo nesta versao , muito mais bonito era a versao antiga nao gostei
[high_app_4_com_106] Porque fica aparecendo q sou de curitiba sendo q sou de salvador bahia?
[high_app_4_com_107] Esse medidor deve est√° meio zuado
[high_app_4_com_108] Esta atualiza√ß√£o ele n√£o quer fazer mais o teste ele fecha? ???
[high_app_4_com_109] CAIU O PADR√ÉO. EST√Å DEIXANDO MUITO A DESEJAR.
[high_app_4_com_110] N√£o est√° pegando corretamente a minha cidade.
[high_app_4_com_111] N√£o est√° pegando depois da atualiza√ß√£o
[high_app_4_com_112] Anincios ! Resumindo lixo
[high_app_4_com_113] N√£o cosigo abrir para us√° l√° üò¢üò¢
[high_app_4_com_114] N√£o √© gratuito Fake
[high_app_4_com_115] lixo n√£o funciona
[high_app_4_com_116] Resultado falso
[high_app_4_com_117] N√£o gostei
[high_app_4_com_118] Ruim
[high_app_4_com_119] Fica mostrando an√∫ncio mesmo eu que j√° paguei para n√£o ver os an√∫ncios, n√£o reconhece a outra conta no celular na qual foi a conta que paguei pelo app, s√≥ reconhece a conta na qual eu n√£o tenho nenhum app comprado, deveria reconhecer as duas ou pedir para selecionar, assim veria que j√° comprei a v√°r‚Ä¶Resenha completaFica mostrando an√∫ncio mesmo eu que j√° paguei para n√£o ver os an√∫ncios, n√£o reconhece a outra conta no celular na qual foi a conta que paguei pelo app, s√≥ reconhece a conta na qual eu n√£o tenho nenhum app comprado, deveria reconhecer as duas ou pedir para selecionar, assim veria que j√° comprei a v√°rios anos atr√°s.
[high_app_4_com_120] Pelo aplicativo marca a velocida que deveria ser, mas no site est√° dando 20 mb a menos!
[high_app_4_com_121] N√£o √© confi√°vel. As aferi√ß√µes n√£o s√£o fidedignas. A internet est√° boa e ele indica que a velocidade est√° baixa.
[high_app_4_com_122] N√£o consigo atualizar o aplicativo, s√≥ fica carregando e n√£o atualiza
[high_app_4_com_123] Meu amigo, gostaria de lhe dizer que de 3 meses pra c√° no meu galaxy Win abre o APP por√©m quando vou realizar o teste o APP fecha sozinho pfvr gostariam que me dessem um feedback e que concertassem isso pois √© um APP muito bom!
[high_app_4_com_124] Essa vers√£o n√£o est√° mostrando resultados. Desinstalei infelismente n√£o confio mais no App pois liguei para o provedor de internet alegando falhas no envio dos dados √© eles disseram que n√£o havia nada de errado com a rede sendo o problema o aplicativo.
[high_app_4_com_125] Devia ter os mesmos recursos da vers√£o do IOS, com maiores possibilidades de servidores e margem para testes superiores a 50 megas. caso a pr√≥xima atualiza√ß√£o seja desta forma estar√° mt bom.
[high_app_4_com_126] A minha conex√£o ao medir pelo app fica oscilando entre 2mb/s a 3mb/s enquanto que em testes por outros apps a velocidade fica em 7mb/s a 8mb/s. Coloquei um v√≠deo para rodar no YouTube em FHD e comprovou que a informa√ß√£o verdadeira √© que consta nos outros apps e n√£o no SpeedTest. Comprei a vers√£o PRO‚Ä¶Resenha completaA minha conex√£o ao medir pelo app fica oscilando entre 2mb/s a 3mb/s enquanto que em testes por outros apps a velocidade fica em 7mb/s a 8mb/s. Coloquei um v√≠deo para rodar no YouTube em FHD e comprovou que a informa√ß√£o verdadeira √© que consta nos outros apps e n√£o no SpeedTest. Comprei a vers√£o PRO e agora me senti enganado. Estou desinstalando o app e vou substitu√≠-lo por um confi√°vel.
[high_app_4_com_127] Depois da atualiza√ß√£o ficou muito ruim. Voltem o que era antes. Desinstalei essa nova atualiza√ß√£o e baixei outra antiga.
[high_app_4_com_128] Sempre da resultados pr√≥ximos da velocidade de internet contratada, mesmo quando a internet est√° visivelmente apresentando lentid√£o
[high_app_4_com_129] P√†ia, p√°ia, P√†ia.. Esse APP tem vontades pr√≥prias, mais do que o normal... N√£o curti, n√£o deu lombras
[high_app_4_com_130] O app √© bom, mas o do navegador para computador ficou uma bosta!!!
[high_app_4_com_131] N√£o diz o nome do provedor que estamos testando.. suporte n me respondeu..
[high_app_4_com_132] N√£o funciona mais esse App, lixo dos lixos
[high_app_4_com_133] Funciona mas fica rodando de fundo.
[high_app_4_com_134] Muito ruim, n√£o √© preciso.
[high_app_4_com_135] Essa atualiza√ß√£o ta bugada.
[high_app_4_com_136] Voltem com o Layout antigo!
[high_app_4_com_137] Horr√≠vel N√£o Baixe
[high_app_4_com_138] N√£o mede nada
[high_app_4_com_139] Propaganda demais.
[high_app_4_com_140] Uma bosta
[high_app_4_com_141] EMPRESA DO SATAN√ÅS,OAKLA E DO DIABO,NAO INSTALEM ESSA PORRAA (FAZEM O TESTE,E PUXEM O MEDIDOR PARA BAIXO)
[high_app_4_com_142] Comprei o APP troquei de celular algumas vezes e agora os an√∫ncios voltaram todos... se acham q vou comprar de novo t√° muito enganado vou procurar outro app que n√£o seja falso com seus clientes Lixooo voltar as propagandas
[high_app_4_com_143] O app apresenta resultados diferentes em aparelhos diferentes , usando a mesma rede tenho um moto G5 plus e um moto C plus e no moto C na maioria das vezes me d√° um resultado melhor no teste
[high_app_4_com_144] Eu paguei pela remo√ß√£o das propagandas, depois de 1 ano, sumiu minha vers√£o sem ads, assim sou obrigado a pagar de novo se quiser n√£o ver propagandas
[high_app_4_com_145] Minha internet √© extremamente lenta, por isso o aplicativo n√£o sai de "encontre o melhor servidor" E eu tenho internet sim, caso contr√°rio n√£o tava postando isso aqui
[high_app_4_com_146] J√° foi bom, n√£o mostra mais informa√ß√µes corretas. Comparado com mais 4 app da mesma modalidade √© o √∫nico diferente e que mostrou informa√ß√µes erradas foi com os servidores da speedtest. Triste.
[high_app_4_com_147] Esse app mente muito, a internet nem t√° abrindo direito, e t√° falando que t√° bom.
[high_app_4_com_148] Sempre da a mais q vc tem..se vx tem 10mega sempre da 10.4....10.6...10.8.....????? Se tenho 10 mega prq da a mais.????esse app e q os tcnos da net recomendam...prq sera sempre da a mais do vc tem...baixei outros ..testei varios e sempre ficou abaixo d 8 mega....sempre 6.7 ...7.6 ....8.0...prq‚Ä¶Resenha completaSempre da a mais q vc tem..se vx tem 10mega sempre da 10.4....10.6...10.8.....????? Se tenho 10 mega prq da a mais.????esse app e q os tcnos da net recomendam...prq sera sempre da a mais do vc tem...baixei outros ..testei varios e sempre ficou abaixo d 8 mega....sempre 6.7 ...7.6 ....8.0...prq esse app da sempre mais q 10 mega.. pura ilusao
[high_app_4_com_149] Est√° muito mal optimizado para o S6. Literalmente resultados encavalitam uns em cima dos outros e n√£o se v√™ nada. P√©ssimo.
[high_app_4_com_150] App excelente, s√≥ n√£o precisava demorar tanto para encontrar o servidor .
[high_app_4_com_151] Uma estrela todos app vem com muitos an√∫ncio e horr√≠vel os comprados s√£o os melhores
[high_app_4_com_152] Precisa melhorar, n√£o mostra a velocidade real dos servidores locais, somente servidores distantes.
[high_app_4_com_153] Nao coincide com a realidade,9 de ms,mas eu jogo com 70 a 80.
[high_app_4_com_154] N√£o √© de confian√ßa. Estou com Ping forte no jogo. Mas no APP diz que est√° normal.
[high_app_4_com_155] P√©ssima aplica√ß√£o. De cada vez que se faz um teste gasta-se 100Mb. Como √© que √© poss√≠vel????
[high_app_4_com_156] Porque minha vers√£o paga est√° apresentando an√∫ncios?
[high_app_4_com_157] vou testar vamos ver.
[high_app_4_com_158] a vers√£o antiga estava melhor
[high_app_4_com_159] Est√° p√©ssimo depois das atualiza√ß√µes
[high_app_4_com_160] Sem precis√£o na medi√ß√£o
[high_app_4_com_161] N√£o funciona.
[high_app_4_com_162] Demora muito.
[high_app_4_com_163] Bomüòê
[high_app_4_com_164] Estranho o resultado diferentes de outros app e veloc√≠metros da internet algum t√° mentindo vou fazer mais uns testes em outros ainda pra ver qual fala a verdade .
[high_app_4_com_165] Paguei o aplicativo para n√£o ter an√∫ncios e agora depois de atualizar √© s√≥ o que tem. Nota 0.
[high_app_4_com_166] Ruim, s√≥ faz a medi√ß√£o at√© no m√°ximo 50mb, como eu fico para medir meus 100mb?
[high_app_4_com_167] Nem carrega nada tudo √© falso
[high_app_4_com_168] App com an√∫ncios da minha operadora, que d√° os valores de velocidade exatos como no meu contrato, mesmo com a internet nitidamente ruim tanto pelo cabo de rede quanto pelo wifi... Coincid√™ncia incr√≠vel, descobrir que minha operadora paga para anunciar no aplicativo... vcs acreditam em coincid√™ncias?
[high_app_4_com_169] P√âSSIMO. Fiz os testes em v√°rios Aplicativos e sites, todos deram o resultado em torno de 14 e 15 MBPS. Fiz v√°rios testes nesse APP, ele mostrou incr√≠veis varia√ß√µes de 0,22 MBPS, 4,25 MBPS, 10 MBPS, parece que o aplicativo deles sorteiam um valor aleat√≥rio qualquer, o aplicativo n√£o mostra nem o ser‚Ä¶Resenha completaP√âSSIMO. Fiz os testes em v√°rios Aplicativos e sites, todos deram o resultado em torno de 14 e 15 MBPS. Fiz v√°rios testes nesse APP, ele mostrou incr√≠veis varia√ß√µes de 0,22 MBPS, 4,25 MBPS, 10 MBPS, parece que o aplicativo deles sorteiam um valor aleat√≥rio qualquer, o aplicativo n√£o mostra nem o servidor no qual est√£o realizando os testes. Ruim demais, n√£o recomendo, na minha opini√£o esse aplicativo n√£o pode nem ser considerado um APP de teste.
[high_app_4_com_170] O aplicativo teima dele mesmo escolher o servidor e n√£o me d√° op√ß√£o de escolher, estou desinstalando.
[high_app_4_com_171] o resultado se altera aa cada teste o ping de 31 eleva a 75
[high_app_4_com_172] Depois da ultina atualiza√ßao nao mede mais com precisao...esta dando de 7 a 10 mb a menos na velocidade...
[high_app_4_com_173] Mesmo a internet n√£o funcionando o teste da sempre bom ent√£o n√£o presta
[high_app_4_com_174] Mostra o ping mais baixo do que realmente √© e o upload mais alto
[high_app_4_com_175] N√£o est√° atualizado para utilizar com tela dividida :/
[high_app_4_com_176] Insuportable ads
[high_app_4_com_177] Minha Internet √© 100 Mega por√©m o aplicativo mant√©m a escala em 50 e mede erroneamente. Outros aplicativos mostram a velocidade corretamente.
[high_app_4_com_178] Um lixo, eu fiz o teste em dois aplicativos diferentes, nesse deu 30mb de download e no outro que a pr√≥pria operadora usa deu 15mb
[high_app_4_com_179] Bom. Paguei a vers√£o para n√£o ter an√∫ncios, nos primeiros dias funcionou, depois voltou a ter. E quando tento (re)pagar, ele "buga" e fecha.
[high_app_4_com_180] Grande bosta me d√° uma informa√ß√£o equivocada , n√£o sou hospedado pela imprensa que aparece nos resultados
[high_app_4_com_181] Medidor falso! N√£o corresponde a velocidade verdadeira!! Usem o app da Anatel ou Simet... n√£o percam tempo com o Speed test.....
[high_app_4_com_182] N√£o √© bom cada vez que mede da um resultado diferente, n√£o mede certo tenho 15 mb
[high_app_4_com_183] o Celular reinicia toda vez que tento usa o app
[high_app_4_com_184] Cuidado!!! Acessa todas as informa√ß√µes do celular inclusive chamadas feitas e recebidas.
[high_app_4_com_185] Est√° mentindo muito. N√£o est√° confi√°vel
[high_app_4_com_186] S√≥ o meu celular que ainda n√£o recebeu atualiza√ß√£o
[high_app_4_com_187] Eu comprei e nao est√° removendo os an√∫ncios resolva?
[high_app_4_com_188] Era bom oje tem melhor Testado
[high_app_4_com_189] Vers√£o antiga era bem melhor
[high_app_4_com_190] Uma bosta
[high_app_4_com_191] Que palha√ßada √© essa? Tenho a vers√£o sem an√∫ncios e depois dessa atualiza√ß√£o enchem o app de propagandas? Est√£o de sacanagem √©? Se for assim quero meu dinheiro de volta imediatamente!
[high_app_4_com_192] Era 10... Funfava blz at√© passar a ser pago, ap√≥s pagto para retirar propaganda n√£o mais consegue encontrar o melhor servidor para iniciar o proposto pelo App.... Uma pena.... me vejo obrigado a entrar em sites para tal verifica√ß√£o.
[high_app_4_com_193] N√£o √© confi√°vel, sou assinante Net Virtua. Estou assistindo um filme e est√° travando toda hora. Aparece que est√° baixando a menos de 100 kbs/s. Por√©m ao fazer o teste de velocidade aparece acima de 50Mbps. Um lixo, deve estar sendo pago pela Net.
[high_app_4_com_194] Gastou 67MB de Internet 4G de uma s√≥ vez para calcular a velocidade. Assim fica imposs√≠vel usar o app...
[high_app_4_com_195] Gente nesse app tem uma coisa meio assustadora!!! Quando o teste de Internet terminar arraste o veloc√≠metro para baixo e vc ver√° um gato de olhos brancos
[high_app_4_com_196] J√° foi bom, n√£o mede a internet corretamente, prefiro entrar em minha conex√£o pelo Google q n√£o d√° erro nenhum.
[high_app_4_com_197] Para medir servi√ßos cabeados num desktop a p√°gina n√£o √© ruim, mas o aplicativo pra sistemas m√≥veis conta com an√∫ncios demais, ferramentas de menos e o teste ainda se resume a apenas baixar e enviar arquivos - o que numa rede sem fios pode n√£o ser t√£o preciso devido as varia√ß√µes a que elas est√£o suje‚Ä¶Resenha completaPara medir servi√ßos cabeados num desktop a p√°gina n√£o √© ruim, mas o aplicativo pra sistemas m√≥veis conta com an√∫ncios demais, ferramentas de menos e o teste ainda se resume a apenas baixar e enviar arquivos - o que numa rede sem fios pode n√£o ser t√£o preciso devido as varia√ß√µes a que elas est√£o sujeitas, precisando de mais do que um simples download pra se chegar √† uma conclus√£o.
[high_app_4_com_198] N√∫mero 1 do mundo nada, o resultado do teste √© diferente do app de teste oficial da Anatel "EAQ", resultado superior e totalmente incompat√≠vel com a velocidade da internet .
[high_app_4_com_199] N√£o consegue nem mais localizar servidores para teste de conex√£o, enquanto outro app na mesma rede conclui o teste com maestria.
[high_app_4_com_200] Precisa melhor no Samsung J700M , n√£o estar preciso e o rel√≥gio n√£o tem a op√ß√£o de mudar a velocidade como no iPhone tem...
[high_app_4_com_201] O app vai at√© 50 MG s√≥, aqui em casa a fibra √© 100 MG... rsrs
[high_app_4_com_202] Toda vez que in√≠cio o teste no meu tablet reinicia n√£o consigo usar
[high_app_4_com_203] N√£o est√° funcionando no meu Samsung Galaxy Gram Prime Duos Android 4.4.4
[high_app_4_com_205] N√£o acha nem o servidor pra poder fazer o teste
[high_app_4_com_204] Depois da atualiza√ß√£o t√° s√≥ dando erro
[high_app_4_com_208] Gostava tanto do aplicativo arrumem por favor est√° com erro
[high_app_4_com_209] App muito grande para apenas testar uma conex√£o.
[high_app_4_com_210] Soh chega at√© 50M... Minha internet eh superior
[high_app_4_com_211] Erro toda vez que mede a velocidade.
[high_app_4_com_212] Muito bom √≥timo podem baixarem
[high_app_4_com_213] N√£o fornece dados reais
[high_app_4_com_214] T√° dando erro direto
[high_app_4_com_215] N√£o da pra selecionar servidores internacionais
[high_app_4_com_216] Muito ruim. T√° loco
[high_app_4_com_217] Merece as cinco estrelas!!!
[high_app_4_com_218] N√£o encontra o servidor üò†
[high_app_4_com_219] √â um verdadeira BOSTA
[high_app_4_com_220] Leitura de dados absurda
[high_app_4_com_221] N√£o mostrou o servidor...
[high_app_4_com_222] Maes o menos
[high_app_4_com_223] Lixo
[high_app_4_com_224] Lixo
[high_app_4_com_225] Se voc√™ tocar na seta e arrastar para baixo aparecem imagens violentas.ent√£o a todos vcs que ir√£o baixar esse app NAO BAIXEM sinalizem esse app como impropio,eu acho que o desenvolvedor desse app n√£o tem vergonha na cara
[high_app_4_com_226] Com esta ultima atualizacao voltei a receber os anuncios apesar de ter pago. Desinstalei e instalei e resolveu. Pratico para testar as velocidades. Voltaram a aparecer os anuncios. Que saco. Nao paguem jogar dinheiro fora. Agofa de novo reinstalei e ele forca a minha segunda conta do google para pag‚Ä¶Resenha completaCom esta ultima atualizacao voltei a receber os anuncios apesar de ter pago. Desinstalei e instalei e resolveu. Pratico para testar as velocidades. Voltaram a aparecer os anuncios. Que saco. Nao paguem jogar dinheiro fora. Agofa de novo reinstalei e ele forca a minha segunda conta do google para pagar
[high_app_4_com_227] Eu ja havia pago para remover os an√∫ncios, depois dessa atualiza√ß√£o voltaram os an√∫ncios..
[high_app_4_com_228] O App em si √© √≥timo, por√©m a msg do gato e meio desnecess√°ria e muito estranha diga-se de passagem. Infelizmente vou desinstalar e recorrer a outro App sem mensagens ocultas
[high_app_4_com_229] CUIDADO GALERA !!! QUANDO VC FAZER O PRIMEIRO TESTE E PUXAR O MOSTRADOR PARA BAIXO E SEGURAR VC VAI ENTEDER O Q EU T√î DIZENDO
[high_app_4_com_230] Eu tinha ela no meu moto g 2 rodava bem quando troquei pra meu moto g 3 ele travou meu cll at√© pra desbloquear n√£o queria excluir ele a i voltou ao normal
[high_app_4_com_231] Galera, Obs: na tela que mostra a seta marcando a quantidade.de mega, se vc arrastar para baixo, aparece coisas chocante, eu desista√ßei com urgencia esse app, me deixou bem diaconfiado e com medo. observem.... üôèüòû
[high_app_4_com_232] QUE HORROR!!!! PESSOAL SE VCS ABRIREM O APP E TESTAR A INTERNET E DEPOIS ARRASTAR O MEDIDOR PRA BAIXO VCS V√ÉO VER COISAS ASSUSTADORAS E CHOCANTESüòìüò®üò±üò®üò®üò® ISSO E VERDADE PODEM TESTARüò®
[high_app_4_com_233] Como assim? Eu tinha a vers√£o free. Ent√£o resolvi pagar pela vers√£o sem an√∫ncio. Do nadar, come√ßo a ver an√∫ncios de novo e, o aplicativo volta a oferecer a vers√£o paga.
[high_app_4_com_234] O testador √© bom mas n√£o entendi o gato demon√≠aco no app... Gostaria que o removesse n√£o tem l√≥gica ele l√°. Paguei pelo app n√£o por mensagens subliminares!
[high_app_4_com_235] Ele √© bom mas √© vdd aquilo do rel√≥gio aparece coisas bem estranhas falando at√© de morte o que significa aquilo a ookla pode dar uma explica√ß√£o??? Se n√£o resolverem e tirar aquilo eu vou desinstala credo eu hein.
[high_app_4_com_236] N√£o funciona, ele pr√≥prio pede para desinstalar e instalar mas n√£o resolve
[high_app_4_com_237] Tenho certeza que esse aplicativo √© pago pelo provedor para alterar resultado de velocidade..
[high_app_4_com_238] Quando vc puxa o negoco da velocidade e segura aparece um negocio do capeta ...
[high_app_4_com_239] est√° bugado na rede 4G da claro. imposs√≠vel chegar a 40mb!!!! e up 20mb!!!!! est√° acontecendo na rede vivo tamb√©m. arrumem por favor
[high_app_4_com_240] Muito pesado. Baixar ele j√° √© o teste em si.
[high_app_4_com_241] Paguei para remover os an√∫ncios mas atualizou √© os an√∫ncios voltaram. Terr√≠vel
[high_app_4_com_242] T√° horr√≠vel .as vezes da pra fazer o teste e as vezes n√£o da
[high_app_4_com_243] Aplicativo ruim nunca vi igual
[high_app_4_com_245] J√° paguei e estou recebendo os an√∫ncios novamente. Pilantragem!!!!!
[high_app_4_com_247] N√£o baixem, √© uma far√ßa! Lixo de app!
[high_app_4_com_248] N√£o marca a real velocidade
[high_app_4_com_249] Cuidado Pessoal nao baixem essa coisa perigo perigo perigo‚ö†‚ö†‚ö†‚ö†‚ö†‚ö†
[high_app_4_com_251] Lixo!!!!!!!
[high_app_4_com_250] App parou de funcionar
[high_app_4_com_252] Acho engra√ßado baixei v√°rios app e todos estavam mostrando q a minha velocidade estava baixa a a pessoa d servidor pediu pra eu ver nesse app e a velocidade bateu certo s√≥ acho q ai tem abram o olho e pesquisem o certo
[high_app_4_com_253] √â o siguinte desenvolvedores eu √± instalei mas quem quiser almentar a velocidade da internet a solu√ß√£o √© botar o maior pacote de dados √© kro mas ninguem se arrepende! E vcs q criaram o apk por fa√ßam o apk q notifica quando tem internet √© melhor!
[high_app_4_com_254] Comprei a vers√£o paga e precisei restaurar meu aparelho por motivos particulares! E fiz o Beckup em todos os apps que tinha no meu aparelho so que o speedtest n√£o voltou como comprei sem propaganda! A quest√£o √© oque fazer sendo que ka paguei quero uma solu√ß√£o.
[high_app_4_com_255] Esse programa inventando por verme para enganar as pessoas no mundo como voc√™s se referem ser n√∫mero 1, na realidade esse programa passa resultado com 700% a mais da pot√™ncia real do sinal da Internet, porque ningu√©m prende essa forma√ß√£o de quadrilha de ladr√£o
[high_app_4_com_256] No come√ßo era bom, mas agora nao busca mais servidores aleatoriamente, minha internet √© de 15mb e somente no servidor d√° minha cidade est√° sempre a 6/7mb, a√≠ quando troco pra cidade vizinha, atinge a velocidade. Pensei que era minha net mas testei em outros apps e sempre dava em torno de 13 a 15, se‚Ä¶Resenha completaNo come√ßo era bom, mas agora nao busca mais servidores aleatoriamente, minha internet √© de 15mb e somente no servidor d√° minha cidade est√° sempre a 6/7mb, a√≠ quando troco pra cidade vizinha, atinge a velocidade. Pensei que era minha net mas testei em outros apps e sempre dava em torno de 13 a 15, seria bom uma corre√ß√£o de bugs
[high_app_4_com_257] Eu paguei para usar o app sem an√∫ncios h√° v√°rios meses mas os an√∫ncios agora voltaram a aparecer, exigindo nova compra. Como resolvo isso? Qual o contato?
[high_app_4_com_258] APP MAIS PRECISO POR INCR√çVEL QUE PARE√áA E O BANDA LARGA BRASIL DA ANATEL O √öNICO INFORMA MAIS OU MENOS A REAL VELOCIDADE
[high_app_4_com_260] IMPRECISO! EU FA√áO TESTES ELE DA 30~60 DE PING QUANDO VOU TESTAR NO COMPUTADOR FICA NO M√çNIMO 130!
[high_app_4_com_259] nessa vers√£o do Android n√£o consigo escolher servidores de outros estados. a lista que aparece eh reduzida. na vers√£o do iPhone aparece a op√ß√£o de carrega mais servidores a√≠ consigo escolher o Brasil inteiro.
[high_app_4_com_261] N√£o d√° para confiar nessa analise, porque no momento da medi√ß√£o o App abre propagandas ent√£o isso influ√™ncia no resultado, para menos √© claro.
[high_app_4_com_263] √â Bonzinho s√≥ oq encomoda √© esse an√∫ncio que n deixa agente ver o resultado fica mesmo em cima .... Procurar outro desinstalando
[high_app_4_com_262] J√° foi muito bom agora em qualquer rede fica dando a mensagem que esta procurando o melhor servidor e n√£o sai disso.
[high_app_4_com_246] Demora muito para achar servidor!
[high_app_4_com_264] Satanismo puro, depois de testar sua velocidade puxe a seta pra baixo que toda vez vem uma mensagem diab√≥lica e amea√ßas para voc√™.
[high_app_4_com_244] Desinstalei depois que vi o tal gato
[high_app_4_com_266] Cumpre com o prometido üëç üëç üëç üëç üëç, fora isso √© um dos melhores, s√≥ precisa melhorar a interface do usu√°rio tinha que deixar a interface igual a do Windows fone pra Microsoft criaram uma interface linda isso n√£o √© justo .
[high_app_4_com_265] Isso de puxar pra baixo e ver o gato demon√≠aco me deixou assustado, n√£o sei o que √©, mas melhor prevenir do q remediar. Desinstalando...
[high_app_4_com_268] puro bagado esse app ai nunca que minha net chero 100 mbps como ele mostra nota 0.0 a ele kkkk
[high_app_4_com_267] O app cumpre o que promete mas que droga √© aquela de gato demon√≠aco que aparece quando voc√™ puxa o veloc√≠metro para baixo ao final do teste?
[high_app_4_com_270] App. Mostra velocidade 3 a 4 MB ... Sendo q √© 10 MB.. testado no PC antes ou depois do app
[high_app_4_com_269] Era bom.. Depois da √∫ltima atualiza√ß√£o ele se tornou totalmente impreciso na avalia√ß√µes de donwload, desinstalei.
[high_app_4_com_271] Apk mentiroso, parece at√© que recebe propina para ajudar essas empresas ladras que fornecem internet no Brasil
[high_app_4_com_272] A vers√£o anterior mostrava informa√ß√µes corretas, essa nova n√£o mostra a informa√ß√£o certa da velocidade!!! Por favor, corrijam isso!!!
[high_app_4_com_273] Fica dize do encontre o melhor servidor ,mesmo eu o escolhendo ele ainda diz para encontrar um melhor servidor , desnecess√°rio
[high_app_4_com_274] Horr√≠vel, gastou 1,83 Gigas de Internet apenas fazendo teste em menos de 30 minutos. N√£o instalem.
[high_app_4_com_276] O aplicativo n√£o est√° mais funcionando, ele n√£o est√° mais conseguindo buscar o servidor, est√° dando "erro de comunica√ß√£o"
[high_app_4_com_206] Ele fica verificando e n√£o mostra a velocidade
[high_app_4_com_275] O app come√ßou a apresentar medi√ß√µes falsas. Percebi o porqu√™: aceitaram propagandas das operadoras. Perdeu credibilidade.
[high_app_4_com_207] Parou de funcionar ta s√≥ Procurando servidor
[high_app_4_com_277] N√£o √© confi√°vel! A net travada e o app registrando velocidade de 4 Mb/s.
[high_app_4_com_278] Speed test est√° mentindo, esse app n√£o funciona mais como antes, falso n√£o funciona bem mais
[high_app_4_com_280] Tudo mentira, mente na velocidade perda de tempo s√≥ pra iludir app lixo
[high_app_4_com_282] Mentiroso! Mostra um valor muito acima do contratado, refiz o teste v√°rias vezes... Absurdo isso!!!
[high_app_4_com_281] Parou de funcionar diz ter problema na rede mas a internet est√° funcionando .
[high_app_4_com_283] Melhor seria se fosse Free e sem an√∫ncios. Tem outros apps Free e sem an√∫ncios.
[high_app_4_com_284] N√£o mede velocidade real vinda de redes VPN
[high_app_4_com_285] Ookla? Marketing de bosta esse de usar um gato do Satan√°s!
[high_app_4_com_286] App n√£o funciona, s√≥ fica com a tela dark!
[high_app_4_com_287] Pra que akela droga de gato feio maligno... Estranho isso
[high_app_4_com_288] 1 * pela mensagem subliminar Fora isso o apk √© bom
[high_app_4_com_289] Aplicativo com um √∫nico objetivo que n√£o consegue atingir. Lixo.
[high_app_4_com_290] N√£o consigo testa minha banda larga.
[high_app_4_com_291] Deveria resumir a velocidade na net em mb
[high_app_4_com_293] P√©ssimo. Viajaram quando exibem coisas sobre o gato. P√©ssima escolha.
[high_app_4_com_292] Ficou p√©ssimo depois da √∫ltima atualiza√ß√£o.
[high_app_4_com_294] Nao esta tendo um diagn√≥stico do upload corretamente.
[high_app_4_com_295] Um gato do dem√¥nio aparecendo ap√≥s medir a velocidade,....üòàüëπ
[high_app_4_com_297] Esta fechando sozinho!!!
[high_app_4_com_296] N√£o demonstra resultados ver√≠dicos. Rid√≠culo.
[high_app_4_com_299] De maldicao ja chega...desinstalando em 3,2,1.
[high_app_4_com_298] Muito bom!!
[high_app_4_com_300] j√° foi bom, agora √© o mais lento....
[high_app_4_com_301] N√£o vale a pena
[high_app_4_com_303] Uma bosta
[high_app_4_com_302] T√° bugado no m4
[high_app_4_com_305] Uma bosta
[high_app_4_com_304] Massa de mais
[high_app_4_com_306] Ruim
[high_app_4_com_307] J√° foi melhor A conex√£o t√° ruim e ele mostra q t√° normal, e no PC n√£o abre mais, fala q n√£o foi poss√≠vel abrir o plugin.
[high_app_4_com_308] N√£o tem pre√ßo da vers√£o sem propagandas. Tentei comprar a vers√£o sem propagandas e n√£o exibe nada do pre√ßo. Pede todos seus dados primeiro. Assim n√£o d√°. Na loja google idem.
[high_app_4_com_309] Alguem sabe me dizer pq a velocidade e diferente quando o teste √© realizado no PC?! Pelo telefone acusa menos no PC acusa mais... N tendi.
[high_app_4_com_311] De uns dias pra c√° o speed teste t√° ruim meu servidor t√° dando l√° no Rio sendo que moro em outra lugar
[high_app_4_com_312] Nao ta funcionando Nao funcinonou no meu aparelho zenfone 3 ja baixei varias vezes.
[high_app_4_com_313] App n√£o dar informa√ß√µes ver√≠dicas. Meu pacote e de 3Mb e no teste da 7 MB. üòë
[high_app_4_com_310] Sempre utilizei pra teste de velocidade, por√©m depois que atualizei minha conex√£o pra 60MB, o app fica "procurando o melhor servidor" e n√£o passa disso... #que_pena...üòû
[high_app_4_com_314] A net usa esse app para enganar os consumidores, n√£o confie neste app.
[high_app_4_com_279] Esse lixo diz q minha NET √© 50mb Apple ruim d√° peste
[high_app_4_com_315] Falta provedores Aqui em Curitiba aparece s√≥ 2. Tem v√°rios. N√£o aparece o meu.
[high_app_4_com_316] N√£o sei o que houve. Acho que ficou incompat√≠vel com algumas vers√µes do Android.
[high_app_4_com_318] T√° ruim N√£o mede direito kkkkkk
[high_app_4_com_319] Esta travando Nao acha a internet
[high_app_4_com_317] Uma bosta, n√£o funciona, s√≥ fica procurando um host, a vida inteira?
[high_app_4_com_320] T√° com muita propaganda!
[high_app_4_com_321] Mas 3 se for bom
[high_app_4_com_322] Muito bom Muitobom
[high_app_4_com_323] Tem muito an√∫ncio
[high_app_4_com_324] Bom Muito bom
[high_app_4_com_325] S√≥ funciona quando quer
[high_app_4_com_327] Lixo
[high_app_4_com_326] Nao gostei.
[high_app_4_com_329] Propaganda idiota do Santander Agora deu pra aparecer propaganda do Santander no meio da tela como um popup. O que √© isso? E mais: a velocidade na minha casa √© maior que 50mega. N√£o est√° na hora de aumentar a escala? Se o popup n√£o sair, sai o aplicativo.
[high_app_4_com_330] Desinstalei! Esse app pra mim era o melhor,s√≥ que a√≠ testei e verifiquei meu pacote de internet,e pude notar que consumiu meus MB de internet,fiquei puto d√° vida e desinstalei üò°, corrijam isso ai pfv
[high_app_4_com_328] Ruim
[high_app_4_com_331] Estar uma merda no PC estar batendo 1mg aqui bate 19 MG, vou apagar esse app est√° errando muito, desconfiei por que n√£o est√° baixando nada, e isso n√£o √© a primeira vez
[high_app_4_com_332] Falso O aplicativo sempre marca a mesma velocidade, independente se sua internet estiver funcionando bem ou n√£o. Al√©m, de marcar velocidade diferente de seu pr√≥prio site.
[high_app_4_com_334] Faltou login e senha Comprei o produto e restaurei o celular padr√£o f√°brica por estar lento, agora n√£o reconhece que comprei e terei que comprar novamente. Rid√≠culo
[high_app_4_com_333] N√£o est√° funcionando no quantum go Ele abre j√° aparece uma mensagem pedindo para reinstalar o app. Nos outros celulares meus funcionava muito bem
[high_app_4_com_335] APLICATIVO DO CAPETA Cliquem no rel√≥gio medidor e arrastem at√© em baixo da tela e vejam o que aparece. Fa√ßa v√°rias vezes. Vamos abrir os olhos e procurar deus.
[high_app_4_com_336] Pior Medidor De internet que ja vih Passa Informa√ß√£o de Velocidade de Internet Totalmente errada... N√£o Acerta uma.. Ocara que inventou esse App tava muito Doido.... Internet de 1Mb ele marca 8 ou 9MB kkkkkkk.... e Ainda tem gente que Da 5 estrela... Vamos melhora neh esse app
[high_app_4_com_337] ATENCAO !! Depois que termina a an√°lise puxe o resultado para baixo at√© o final, parece umas imagens esquisitas de gato, coisa do capiroto, explica isso speed test? N√£o quis fazer print, achei esquisito s√≥ vcs vendo. Usava muito ele pra ver minha rede wifi mais fiquei cabulado depois disso, desc‚Ä¶Resenha completaATENCAO !! Depois que termina a an√°lise puxe o resultado para baixo at√© o final, parece umas imagens esquisitas de gato, coisa do capiroto, explica isso speed test? N√£o quis fazer print, achei esquisito s√≥ vcs vendo. Usava muito ele pra ver minha rede wifi mais fiquei cabulado depois disso, descobri sem querer. Desinstalando.
[high_app_4_com_338] Era muito bom... Por√©m agora o app t√° desconsiderando minha compra... Conserta isso ou me d√™em o reembolso atualizado monetariamente.
[high_app_4_com_339] Bosts Este aplicativo e induz as pessoas a us√°-lo sem fidelidade ideal voto negativo aplicativo n√£o corresponde a expectativa
[high_app_4_com_340] Muito louco App mostra 1mg de velocidade de downlord e 5mg de upload modo (mgbs), agr no modo (kbps) mostra 200(kbps) nussa falo nds
[high_app_4_com_341] Upload sem precis√£o Fica sempre em zero no upload, sendo que em outros medidores t√° Ok.
[high_app_4_com_342] Veloc√≠metro n√£o mostra a taxa de download real. O aplicativo sempre mostra um valor muito a cima da real taxa de download da rede.
[high_app_4_com_343] Imagem errada Precisa atualiza√ß√£o do veloc√≠metro pois o que √© instalado s√≥ vai at√© 50.
[high_app_4_com_344] JA FOI BOM..... os testes agora s√£o totalmente imprecisos. Tenho 15MB OI, troco pra um servidor ao lado de minha casa com 49PING, e so da 7MB??? Ta louco??? Qualquer outros app bosta mede direito. Pelo amor de Deus. Respeitem os consumidores, tenho isso pago.
[high_app_4_com_345] Esta porra n√£o funsiona So diz procure o melhor servidor
[high_app_4_com_346] Kkkkkkk! A minha net √© 3m e mede 5m kkkkkkkk
[high_app_4_com_347] Parou Depois que atualizou n√£o acha mais meu provedor
[high_app_4_com_348] Erro N√£o consigo efetuar o teste , consequente de erro , "Problemas de comunica√ß√£o."
[high_app_4_com_349] Moto X G2 Est√° aparecendo problemas ao encontrar rede.
[high_app_4_com_351] Se voc√™ estiver conectado a uma rede 4G, no meu caso da Claro, o consumo de dados para realizar o teste pode ser muito alto. Em um √∫nico teste consumiu 91MB do meu pacote de dados, ainda bem que tenho 2GB por m√™s, se n√£o j√° ficaria sem internet pelo resto do dia. Acredito que o motivo √© porque o tes‚Ä¶Resenha completaSe voc√™ estiver conectado a uma rede 4G, no meu caso da Claro, o consumo de dados para realizar o teste pode ser muito alto. Em um √∫nico teste consumiu 91MB do meu pacote de dados, ainda bem que tenho 2GB por m√™s, se n√£o j√° ficaria sem internet pelo resto do dia. Acredito que o motivo √© porque o teste n√£o define um tamanho de arquivo a ser realizado download e upload, mas sim um determinado tempo, logo em uma conex√£o mais r√°pida como 4G vai consumir mais dados nesse tempo do que em uma 3G. N√£o podem melhorar isso? Para mim esse aplicativo n√£o tem utilidade com esse consumo excessivo.
[high_app_4_com_350] Piorou Por que tiraram a op√ß√£o de logar na conta para salvar os resultados online??
[high_app_4_com_352] Infelizmente demora muito fica a dica!
[high_app_4_com_353] Demora muito pra encontrar o servidor,p√©ssimo.
[high_app_4_com_354] N√£o t√° dando a velocidade correta.
[high_app_4_com_355] Complicada para quem tem,poucos conhecimentos?
[high_app_4_com_356] Lixoollo Lixooooo MINHA internet
[high_app_4_com_357] Qualquer localidade em Portugal, n√£o?!
[high_app_4_com_358] Problema na compatibilidade!
[high_app_4_com_359] Vivendo de propaganda üòÇüòÇ
[high_app_4_com_360] Muito bom
[high_app_4_com_361] Um bosta
[high_app_4_com_363] Lento trava, simplesmente s√≥ consegui usar uma vez
[high_app_4_com_362] Detectado Adware
[high_app_4_com_364] Lixo
[high_app_4_com_367] Medindo errado Fiz o teste e est√° medindo 4mbps. Em outros mostra 24mbps. Est√° baixando arquivos pela internet a 2.5Mbps (25mbps). Em resumo me parece que o app esta medindo errado.
[high_app_4_com_365] Ficou muito ruim O teste andes era melhor dava para entender agora ficou complicado eu n√£o sei se √© mb. Ou kb. Eu entendo que kb. E muito baixo mb da para entender melhor vou destalar que pena eu gostava muito do modo de antes.
[high_app_4_com_366] Erro sem no√ß√£o "Turn off network connection to run benchmark App" Como vou medir a velocidade do Wi-Fi se para abrir o App eu n posso estar conectado ao Wi-Fi?
[high_app_4_com_369] N√£o funciona no Android N√£o est√° funcionando no Android, oscila muito, testei com 2 celulares, fiz o teste com o iPhone e funcionou perfeitamente.
[high_app_4_com_368] Pura sacanagem... üí© Comprei a vers√£o sem propagandas e mesmo assim continua, ser√° que Google n√£o esta vendo isso? Palha√ßada...
[high_app_4_com_370] Could be better Simet mobile app is more complete.
[high_app_4_com_372] horr√≠vel esse app demora horas pra iniciar o teste p√©ssimo
[high_app_4_com_371] Ficou horr√≠vel Era o melhor agora nao ta nem abrindo.
[high_app_4_com_373] Anuncios Paguei pra remover os an√∫ncios, e n√£o sa√≠ram. Maldi√ß√£o. üòà‚ò†üî´
[high_app_4_com_375] N√£o est√° funcionando mais
[high_app_4_com_374] N√£o entendi o objetivo do app... Se algu√©m poder me explicar...
[high_app_4_com_376] Cheio de an√∫ncio An√∫ncios demais
[high_app_4_com_378] Muitos an√∫ncios
[high_app_4_com_377] Vagabundoo Mt bom
[high_app_4_com_379] Ruim
[high_app_4_com_380] Bom
[high_app_4_com_381] Pq n√£o pode d√° menos App que era bom. Agora √© o mais RUIM do que os outros que possui na Google play. P√©ssimo. O PRIMEIRO PING DEU 25 NO SEGUNDO Teste DEU 480 PALHA√áADA N√£o BAIXEM pq n√£o pode dar zero estrela
