OK [low_app_4_com_1] Um app que me leva pra configura√ß√µes‚Äã do pr√≥prio aparelho? N√£o preciso disso, sei andar com minhas pr√≥prias pernas!
OK [low_app_4_com_2] uma besta n√£o presta
OK [low_app_4_com_3] N√£o funciona
OK [low_app_4_com_4] LixoooO... üò°üò°
OK [low_app_4_com_5] N√£o funciona!
OK [low_app_4_com_6] muito a melhorar muitas falhas...
OK [low_app_4_com_9] Uma gosta
OK [low_app_4_com_7] Muito ruim n√£o suportou o meu aparelho lg x screen
OK [low_app_4_com_8] Karaleo Ridiculo
OK [low_app_4_com_10] O MEU N√ÉO FOI QUE SACO
OK [low_app_4_com_11] LIXOOOOOOOOüò†üò†
OK [low_app_4_com_12] N√£o funcionaa
OK [low_app_4_com_13] Quando aperto start ele para de funcionar
OK [low_app_4_com_14] Horrivel
OK [low_app_4_com_15] O app era excelente por√©m agr n√£o encontra minha TV , meu celular √© um Redmi note 3 pro , e minha TV e uma Samsung smart 32" , antes da atualiza√ß√£o
 estava funcionando perfeitamente, se resolver meu problema eu mudo minha qualifica√ß√£o
OK [low_app_4_com_16] P√©ssimo
OK [low_app_4_com_17] N√£o localizou minha tv na rede.
OK [low_app_4_com_18] N√£o gostei.. N√£o deu certo
OK [low_app_4_com_19] Nao fuciona!!!!
OK [low_app_4_com_20] Nao pega no Android 4.2.2
OK [low_app_4_com_21] N√£o localiza a TV
OK [low_app_4_com_22] Lixo
OK [low_app_4_com_23] Reconheceu a TV, mas n√£o conecta
OK[low_app_4_com_24] Bostaa
OK [low_app_4_com_25] Instalei esse aplicativo no meu celular Moto g5s Plus e n√£o funcionou nem reconheceu o dispositivo na televis√£o a minha televis√£o √© Samsung
OK [low_app_4_com_26] LIXOOOOO
OK [low_app_4_com_27] N√£o presta
OK [low_app_4_com_28] Lixoooo
OK [low_app_4_com_29] Muito ruim
OK [low_app_4_com_30] N√£o funciona
OK [low_app_4_com_31] Ele fica travando de mais n√£o da pra ver filmes ou algo do tipo
OK [low_app_4_com_32] √â virus,n√£o funciona!!!
OK [low_app_4_com_33] N√£o funciona
OK [low_app_4_com_34] Transmite an√∫ncios muito bem mas encontrar dispositivos √© um grande problema pro app
OK [low_app_4_com_35] Quando clico em "start" o app sai automaticamente.
OK [low_app_4_com_36] A inten√ß√£o √© boa mas n√£o funciona.
OK [low_app_4_com_37] N√£o funcionou no Moto Z2P.
OK [low_app_4_com_38] Lixo
OK [low_app_4_com_39] Quando clica em start o app fecha
OK [low_app_4_com_40] Ele n√£o conecta com facilidade, mas quando conecta tem boa qualidade de transmiss√£o
OK [low_app_4_com_41] Isso n√£o fusiona
OK [low_app_4_com_42] P√©ssimo.Desinstalando
OK [low_app_4_com_43] N√£o funciona na minha smart TV philco
OK [low_app_4_com_44] P√©ssimo. N√£o cumpre o que promete.
OK [low_app_4_com_45] O piar app q j√° usei
OK [low_app_4_com_46] n√£o presta nunca da pra entra
OK [low_app_4_com_47] Amigo, se fosse para eu transmitir tela usando as configura√ß√µes do meu telefone eu nem vinha baixar o seu aplicativo! Esse aplicativo √© mais para te ensinar √† usar a configura√ß√£o do seu telefone (se tiver) para transmitir a sua tela!
OK [low_app_4_com_48] N√£o funciona
OK [low_app_4_com_49] nao localizou minha smart
OK [low_app_4_com_50] Tem como se conectar a o Rome smart
OK [low_app_4_com_51] Ele n√£o conectou,
OK [low_app_4_com_52] Lixo
OK [low_app_4_com_53] N√£o localiza :(
OK [low_app_4_com_54] N√£o funciona
OK [low_app_4_com_55] O piar app q j√° usei
OK [low_app_4_com_56] S√≥ aparece propagandas e cai
OK [low_app_4_com_57] J5 nada
OK [low_app_4_com_58] Algu√©m pode me informar se o moto G5 tem screen mirroring
OK [low_app_4_com_59] Uuuuuh horrivel! üò†üò†
OK [low_app_4_com_60] Seria melhor se nao precisase d√° tv smart
OK [low_app_4_com_61] Horrivelüò°,se eu pudesse daria 0 estrelas,n√£o encontra a tv,aparece anuncio toda hora etc.........
OK [low_app_4_com_62] P√©ssimo ao entrar diz a mensagem de erro!!!üò†
OK [low_app_4_com_63] Na mesma hora que conecta, desconecta e n√£o pega nunca.
OK [low_app_4_com_64] Simplesmente um lixo, criado por um lixo.
OK [low_app_4_com_65] √ë funciona
OK [low_app_4_com_66] N√£o prestou
OK [low_app_4_com_67] N√£o consigui
OK [low_app_4_com_68] N√£o consegui usar!
OK [low_app_4_com_69] Lixo
OK [low_app_4_com_70] Tento inicializar o app e ele diz que infelizmente meu wifi parou.
OK [low_app_4_com_71] N√£o funcionou no Moto G 4 plus
OK [low_app_4_com_72] Para TV talvez funciona mas testei em meu crhomecast e n√£o funcionou
OK [low_app_4_com_73] √à um cu
OK [low_app_4_com_74] √â horivel ele n√£o pego na minha televis√£o
OK [low_app_4_com_75] N√£o presta...
OK [low_app_4_com_76] Cara eles nao sabem criar um aplicativo se quer
OK [low_app_4_com_77] Fala ingl√™s como que vou entender
OK [low_app_4_com_78] Ruim
OK [low_app_4_com_79] Ap√≥s ler os coment√°rios fiquei na d√∫vida se funciona ou n√£o, baixei e como a maioria afirma, o app n√£o √© eficiente, recomendo nem perder tempo baixando.
OK [low_app_4_com_80] Uma bosta App estava, mas na hora de funciona nada, abri e qdo vc pedi pra conecta ele fecha, rid√≠culo isso ter alguma estrela.
OK [low_app_4_com_81] Desconecta do Wi-Fi se vc fizer a parea√ßao com a smart.
OK [low_app_4_com_82] N√£o encontra
OK [low_app_4_com_83] N√£o consigo abri
OK [low_app_4_com_84] N√ÉO funciona
OK [low_app_4_com_85] P√âSSIMO. CAI EM POUCO TEMPO DE CONECTADO
OK [low_app_4_com_86] N√£o funciona!
OK [low_app_4_com_87] N√£o funciona no meu celular J2 prime na TV LG
OK [low_app_4_com_88] N√£o funciona.
OK [low_app_4_com_89] √â ruim para outras TVs mais para smart tv √© bom
OK [low_app_4_com_90] Eu realmente n√£o entendi nada. Esse app simplesmente nao funciona. Nao se conectou a nenhum dos meus aparelho com mirroring. Alias nem os encontrou.
√â um app que parece n√§o ter sido criado pra fazer o que se diz fazer.
OK [low_app_4_com_91] Lixo
OK [low_app_4_com_92] N√£o pega
OK [low_app_4_com_93] N√£o pega no G4 plus
OK [low_app_4_com_94] Muito ruim
OK [low_app_4_com_95] N√£o localiza minha tv √© um 43 Philips smart comprei esse zno 2017 e meu celular √© um sansung j5 modelo novo j5 pro, devo fazer algo com a tv pra ela ficar visivel?
OK [low_app_4_com_96] N√£o encontra minha TV
OK [low_app_4_com_97] Bosta
OK [low_app_4_com_98] N√£o deu certo
OK [low_app_4_com_99] N√£o conecta
OK [low_app_4_com_100] P√©ssimo! Sempre ao clicar START vem a msg de erro que o App PAROU! N√£o funcionou.
OK [low_app_4_com_101] Parece bom mais no j7 ele entra e sai sozinho
OK [low_app_4_com_102] N√£o encontra minha TV
OK [low_app_4_com_103] Uma bosta nem abril
OK [low_app_4_com_104] N√£o pegou
OK [low_app_4_com_105] N√£o deu certo
OK [low_app_4_com_106] N√£o abre, s√≥ tem comerciais
OK [low_app_4_com_107] N funciona como
OK [low_app_4_com_108] O pior app do MUUUUNDOOII
OK [low_app_4_com_109] Tentei colocar na minha tv e nao apareceu um lixo
OK [low_app_4_com_110] Meu j5 n√£o d√° pra conectar ... carrega mais n√£o conclui
OK [low_app_4_com_111] √â muito ruim ningu√©m pode fazer nada j√° tentei fazer isso e n√£o funcionou
OK [low_app_4_com_112] N√£o acha a tv
OK [low_app_4_com_113] Uma bosta o televis√£o tem que ser esmat,se minha televis√£o for esmart n√£o precisa do alictivo
OK [low_app_4_com_114] Na minha TV n√£o pegou
OK [low_app_4_com_115] Lixo, n√£o funciona
OK [low_app_4_com_116] N√£o funcionou na smart Panasonic
OK [low_app_4_com_117] N√£o funcionou.
OK [low_app_4_com_118] N√£o funciona no LG K10 2017
OK [low_app_4_com_119] Lixo, n√£o funciona
OK [low_app_4_com_120] Aplicativo n√£o funciona. Na verdade √© um carregador de an√∫ncios.
OK [low_app_4_com_121] Lixo n√£o tem como colocar,aparece que n√£o tem a tv pra conectar
OK [low_app_4_com_122] N√£o funciona.
OK [low_app_4_com_123] Lixo
OK [low_app_4_com_124] Como se abri ele
OK [low_app_4_com_125] N funciona, n conecta na TV.
OK [low_app_4_com_126] Lixo
OK [low_app_4_com_127] Ruim
OK [low_app_4_com_128] Odeio
OK [low_app_4_com_129] N√£o identificou minha smart tv
OK [low_app_4_com_130] Odiei ele e p√©ssimo
OK [low_app_4_com_131] √â horr√≠vel n√£o recomendo
OK [low_app_4_com_132] Horr√≠vel precisa de um aplicativo chamado screen morning I'm cuuu n√£o baixem Perda de tempo
OK [low_app_4_com_133] N√£o presta
OK [low_app_4_com_134] N√£o funciona
OK [low_app_4_com_135] Faz nada
OK [low_app_4_com_136] Lixo
OK [low_app_4_com_137] Vai toma no cu
OK [low_app_4_com_138] Lixo
OK [low_app_4_com_139] Bosta
OK [low_app_4_com_140] Mais um q n√£o funciona
OK [low_app_4_com_141] Nem legenda em portugu√™s tem
OK [low_app_4_com_143] N√£o funciona
OK [low_app_4_com_144] √â horr√≠vel,fica parando toda hora e nem deixa eu mexer nele! EU N√ÉO RECOMENDO A NINGU√âM!
OK [low_app_4_com_145] ruim
OK [low_app_4_com_146] Esse app √© muito ruim √© orriveu
OK [low_app_4_com_147] Uma verdadeira bosta
OK [low_app_4_com_148] N√£o gostei
OK [low_app_4_com_149] Bosta Bosta
OK [low_app_4_com_150] N√£o faz o que promete. Uma tv Samsung, 3D, de 40 polegadas, na mesma rede de internet e n√£o projeta meu Moto Z2 play.
OK [low_app_4_com_151] N√£o funciona.
OK [low_app_4_com_152] BOSTA!!!!
OK [low_app_4_com_153] n√£o funciona e minha TV tem wfi
OK [low_app_4_com_154] Lixo nao serve pra nada
OK [low_app_4_com_155] N√£o funciona perda de tempo
OK [low_app_4_com_156] Uma bosta
OK [low_app_4_com_157] N√£o gostei porque n√£o presta
OK [low_app_4_com_158] √Äs vezes n√£o conecta
OK [low_app_4_com_159] Bosta
OK [low_app_4_com_160] Desconecta do Wi-Fi se vc fizer a parea√ßao com a smart.
OK [low_app_4_com_161] N√£o funciona. N√£o encontrou minha tv
OK [low_app_4_com_162] T√° de palha√ßada hein. Crie algo que funcione.
OK [low_app_4_com_163] Lixo
OK [low_app_4_com_164] üò¨üò¨üò¨üò¨üò¨üò¨
OK [low_app_4_com_165] N√£o conclui a configura√ß√£o
OK [low_app_4_com_166] √â lixo
OK [low_app_4_com_167] Esse app n√£o funcionou no meu celular
OK [low_app_4_com_168] Tubio esbelha filmes, esse nem encontrou a tv
OK [low_app_4_com_169] Afffffüòí
OK [low_app_4_com_170] No meu celular n√£o pegou disse que ia localizar o dispositivo e n√£o localizou apesar da minha Smart TV t√° online
OK [low_app_4_com_171] N√£o encontra a TV n√£o recomendo!!! Horr√≠vel
OK [low_app_4_com_172] Horr√≠vel n√£o funciona
OK [low_app_4_com_173] Sou um burro! Vi os coment√°rios negativos e ainda n√£o acreditei. n√£o funciona
OK [low_app_4_com_174] Ohivel to falando s√©rio isso n√£o presta
OK [low_app_4_com_175] N√£o presta
OK [low_app_4_com_176] Uma bosta nem abril
OK [low_app_4_com_177] N√£o funciona. Diz sempre "aparelho n√£o localizado". Mesmo estando na mesma rede, mesmo colocando a tv em modo "screen mirroring".
ok [low_app_4_com_178] N√£o Abri! üëä
ok [low_app_4_com_179] N foi e ruim
ok [low_app_4_com_180] Minha televis√£o √© Smart da Samsung meu celular √© da Samsung e n√£o conecta propaganda enganosa um lixo de aplicativo
ok [low_app_4_com_181] Isso n pega
OK [low_app_4_com_182] No meu celular ele conecta e em seguida encerra a conex√£o. .... n√£o existe op√ß√£o para configurar o aparelho
OK [low_app_4_com_183] Uma bosta!!!!
OK [low_app_4_com_184] Odiei n√£o consigo conectar na tv tamb√©m t√° escrito ingl√™s
X [low_app_4_com_185] Lixo
OK [low_app_4_com_186] N√£o consigo entrar s√≥ fica mostrando aplicativo parou oque eu fasso
X [low_app_4_com_187] Bosta
OK [low_app_4_com_188] Algu√©m a√≠ com um j5 conseguiu conecta numa TV Philco pq eu n√£o?
X [low_app_4_com_189] Bosta
OK [low_app_4_com_190] Conectou mas e instavel e sai,pode melhorar
OK [low_app_4_com_191] Eu odiei esse aplicativo eu tentei botar conectar com a TV e n√£o d√° n√£o presta Esse aplicativo n√£o presta eu odiei ele vai mas √© culpa de voc√™s a√≠ voc√™s tem que melhorar esse aplicativo voc√™s tem que melhorar
OK [low_app_4_com_192] Um coco de pombo
OK [low_app_4_com_193] Vai toma no cu
X [low_app_4_com_194] P√©ssimo. N√£o cumpre o que promete.
OK [low_app_4_com_195] N√£o funciona, tv Samsung smart tv 43, tv nova
OK [low_app_4_com_196] As aplica√ß√µes de partilha de ecr√£ s√£o uma bosta
X [low_app_4_com_197] Lixo n√£o funciona na smart Panasonic
OK [low_app_4_com_198] Quer conectar seu smartphone a tv? compre um Chromecast, pois esse app n√£o funciona.
OK [low_app_4_com_199] √â uma bosta uma cagada igual √† cara de quem criou
X [low_app_4_com_200] N√£o funcionou no Moto G 4 plus
X [low_app_4_com_201] Tubio esbelha filmes, esse nem encontrou a tv
X [low_app_4_com_202] No meu celular n√£o pegou disse que ia localizar o dispositivo e n√£o localizou apesar da minha Smart TV t√° online
X [low_app_4_com_203] N√£o baixem
X [low_app_4_com_204] Bosta Bosta
OK [low_app_4_com_205] Bagulho nem abre mano
X [low_app_4_com_206] N√£o presta !
X [low_app_4_com_207] Nao fuciona!!!!
OK [low_app_4_com_208] Esse aplicativo √© muito ruim
X [low_app_4_com_209] Ele n√£o conecta com facilidade, mas quando conecta tem boa qualidade de transmiss√£o
X [low_app_4_com_210] Tubio esbelha filmes, esse nem encontrou a tv
OK [low_app_4_com_211] M....
X [low_app_4_com_212] Lixoooo
X [low_app_4_com_213] N√£o funciona
X [low_app_4_com_214] N√£o funciona
X [low_app_4_com_215] App n√£o abre
X [low_app_4_com_216] Uma bosta
X [low_app_4_com_217] E uma bosta voce click no start aparece a mensagens wifi nai responde
OK [low_app_4_com_218] N√£o localizou minha tv na rede.
X [low_app_4_com_219] √â uma bosta uma cagada igual √† cara de quem criou
X [low_app_4_com_220] Nao funciona
X [low_app_4_com_221] Como se abri ele
X [low_app_4_com_222] Bosta
OK [low_app_4_com_223] Propaganda Enganosa
OK [low_app_4_com_224] TRANSMITE TELA PARA A SMARTV? MENTIRA!!!!
OK [low_app_4_com_225] Li alguns coment√°rios, fui tirar minhas pr√≥prias conclus√µes, baixei o APP e n√£o funcionou deu erro v√°rias vezes. Fui obrigada a desinstalar.
OK [low_app_4_com_226] N√£o funciona na Samsung smart TV modelo UN32J4300, VERS√ÉO SOFTWARE 1047
X [low_app_4_com_227] Uma bosta!!!!
X [low_app_4_com_228] LIXOOOOOOOOüò†üò†
X [low_app_4_com_229] uma besta n√£o presta
X [low_app_4_com_230] Um grande luxooo s√≥ √© ir mais configura√ß√µes e colocar n√£o precisa do app
X [low_app_4_com_231] üí©üí©üí©üí©üí©
OK [low_app_4_com_232] ESSA BOSTA NAO PRESTA MESMO TODA HORA QUE TENTO ABRIR DIZ QUE O APP PAROU
X [low_app_4_com_233] Bosta
X [low_app_4_com_234] Podre
X [low_app_4_com_235] √â ruim para outras TVs mais para smart tv √© bom
OK [low_app_4_com_236] App uma bosta
X [low_app_4_com_237] n√£o funciona.
X [low_app_4_com_238] Lixoooo
OK [low_app_4_com_239] Eu instalei e disse que n√£o tinha encontrado nenhum dispon√≠vel
OK [low_app_4_com_240] Ele conecta mais cai a conex√£o antes de aparecer as imagens
OK [low_app_4_com_241] Desistalando em 3 2 1 N√£o funciona.
X [low_app_4_com_242] N√£o deu certo
OK [low_app_4_com_243] Horr√≠vel
OK [low_app_4_com_244] Huhum
OK [low_app_4_com_248] Serve pra nada
OK [low_app_4_com_246] N√£o pegou no meu celular minha internet estava conectada na TV e no celular e n√£o funcionou
X [low_app_4_com_245] Se eu gosta eu eu dou mas estrelas
X [low_app_4_com_249] N√£o funciona
X [low_app_4_com_250] N√£o abre o programa por nada
X [low_app_4_com_251] Nao fuciona!!!!
OK [low_app_4_com_252] Esses aplicativos e uma bosta n√£o funciona n√£o
X [low_app_4_com_253] Esse app n√£o funcionou no meu celular
OK [low_app_4_com_254] N√£o funciona no celular Z2 Zoom
OK [low_app_4_com_255] Aplicativo funciona apenas na primeira vez. Ao tentar reutiliz√°-lo d√° erro.
X [low_app_4_com_256] N√£o acha a tv
OK [low_app_4_com_257] In√∫til
X [low_app_4_com_258] Pessimo
OK [low_app_4_com_260] N√£o encontra minha smart tv lg 42. Meu smartphone √© j7 metal. At√© agora nenhum espelhou tela
X [low_app_4_com_259] N√£o encontra minha smart tv lg 42. Meu smartphone √© j7 metal. At√© agora nenhum espelhou tela
OK [low_app_4_com_261] E ema bosta
OK [low_app_4_com_262] Nao serve no motog 4 plus
X [low_app_4_com_263] Horr√≠vel
X [low_app_4_com_264] In√∫til
X [low_app_4_com_265] No meu celular n√£o pegou disse que ia localizar o dispositivo e n√£o localizou apesar da minha Smart TV t√° online
X [low_app_4_com_266] Sou um burro! Vi os coment√°rios negativos e ainda n√£o acreditei. n√£o funciona
