{'author': 'Ingridy Fontana', 'date': '2 de abril de 2018', 'score': 1, 'content': 'N√£o funciona! Abri o app no meu LG K10 e apenas aparecia uma mensagem dizendo que n√£o era poss√≠vel abrir!'},
{'author': 'souleremit', 'date': '1 de janeiro de 2018', 'score': 4, 'content': 'Faz o que diz sem problemas. O √©cran do seu telem√≥vel espelhado na sua TV'},
{'author': 'jailson moura', 'date': '28 de julho de 2017', 'score': 1, 'content': 'N√£o presta! Engana qdo baixa mostra no celular que n√£o tem nenhum disposito dispon√≠vel!! !!!'},
{'author': 'gui leonty', 'date': '4 de outubro de 2017', 'score': 1, 'content': 'Apk enganoso ,se o seu celular tiver o recurso espelhamento de tela nem precisa de apk s√≥ ligar o apk do celular √© pronto todos apk s√£o enganosos !!! ‚ò†Ô∏è'},
{'author': 'Thais', 'date': '13 de janeiro de 2018', 'score': 5, 'content': 'Pega mesmo !!! Conectou perfeitamente no meu Motorola S√≥ nao suportou os v√≠deos do aplicativo telecine ou Sky. Que infelizmente era o que eu buscava!! Mas recomendo o app !'},
{'author': 'Um usu√°rio do Google', 'date': '13 de setembro de 2017', 'score': 1, 'content': 'No meu celular zenfone2 funciona muito bem, instalei no tablet sony esse app n√£o encontra a TV.'},
{'author': 'Vanessa Nogueira', 'date': '10 de abril de 2018', 'score': 1, 'content': 'Quero transmitir meu g5s plus na tv sem smartphone..que est√° com anycast mas n√£o deu certo...n√£o achou dispositivo.'},
{'author': 'Roselene Soares', 'date': '15 de janeiro de 2018', 'score': 4, 'content': 'Gostei. O meu celular s√≥ aparecia screem mirrow no you tube e net flix. Agora est√° dando certo tudo. Gostei.'},
{'author': 'Um usu√°rio do Google', 'date': '30 de mar√ßo de 2018', 'score': 5, 'content': 'Eu n√£o sou mentiroso eu juro ele fusiona mas precisa de internet ele √© muito bom mesmo üòá'},
{'author': 'Adriano Le√£o', 'date': '30 de janeiro de 2018', 'score': 5, 'content': 'Funcionou a contento no Mirage 61S espelhando para a Smart TV LG webOS e android TV Box Tanix TX2.'},
{'author': 'jhoe ezeq', 'date': '30 de setembro de 2017', 'score': 1, 'content': 'So 1 estrela porque o app acha minha tv mais antes de conectar encerra a se√ß√£o'},
{'author': 'Um usu√°rio do Google', 'date': '6 de abril de 2018', 'score': 1, 'content': 'Horr√≠vel at√© aparece na TV que est√° conectando mais n√£o passa disso uma mera perca de tempo'},
{'author': 'fernanda karolina', 'date': '2 de abril de 2018', 'score': 1, 'content': 'Meu celular e um j5 prime e n√£o est√° co estando, s√≥ dar conex√£o encerrada'},
{'author': 'Jak bolinho Jakku', 'date': '25 de mar√ßo de 2018', 'score': 2, 'content': 'Se o app funciona s√≥ em TV smart √© porque √© enganoso. Eu tenho uma Smart TV Samsung'},
{'author': 'Um usu√°rio do Google', 'date': '4 de novembro de 2017', 'score': 3, 'content': '1estrela aplicativo n√£o funciona nao encontra tv.'},
{'author': 'Salusti Produ√ß√µes', 'date': '17 de fevereiro de 2018', 'score': 5, 'content': 'Muito bommm mesmo Tenho um galaxy a7 e funciona na minha smart tv lg'},
{'author': 'Fernando Avelino', 'date': '6 de mar√ßo de 2018', 'score': 4, 'content': 'Bom , por√©m n√£o funciona desde que meu celular atualizou pro android 8'},
{'author': 'Deivid Valter Oliveira', 'date': '7 de novembro de 2017', 'score': 1, 'content': 'Quando vc acha seu Televisor e conecta automaticamente ele ja encerra a se√ß√£o'},
{'author': 'Andre Anselmo', 'date': '30 de mar√ßo de 2018', 'score': 5, 'content': 'Funciona muito bem com o S7 e a TV samsung. A publicidade n√£o chega a incomodar.'},
{'author': 'raul santana', 'date': '17 de fevereiro de 2018', 'score': 1, 'content': 'Ele simplesmente abre a op√ß√£o do celular que faz isso, que bosta de app'},
{'author': 'Rio Niter√≥i', 'date': '13 de setembro de 2017', 'score': 5, 'content': 'MUITO BOM, espelha mesmo, uso TV smart Lg 50 polegadas'},
{'author': 'Blayver NB', 'date': '10 de novembro de 2017', 'score': 1, 'content': 'N√£o gostei. Usa as mesmas fun√ß√µes de origem que j√° tem no celular.'},
{'author': 'Son Goku', 'date': '12 de outubro de 2017', 'score': 1, 'content': 'Um lixo esses devolvendores s√£o bando de copi√£o apk lixo'},
{'author': 'Maria Moura', 'date': '25 de novembro de 2017', 'score': 1, 'content': 'P√©ssimo informa que n√£o suportado aff'},
{'author': 'Chrystian.bing@hotmail.com Chrystian', 'date': '17 de dezembro de 2017', 'score': 1, 'content': 'Uma bosta n pega n√£o acha o sinal'},
{'author': 'Rog√©rio Maciel', 'date': '14 de janeiro de 2018', 'score': 1, 'content': 'Tudo lixo!! Nenhum funciona na minha smart Toshiba'},
{'author': 'Jo√£o Walter', 'date': '6 de mar√ßo de 2018', 'score': 1, 'content': 'Lixo, t√¥ com tr√™s smart ligadas em n√£o conecta'},
{'author': 'Wisley Vilela', 'date': '8 de agosto de 2017', 'score': 1, 'content': 'C√≥pia de v√°rios outros aplicativos com fachada diferente.'},
{'author': 'Charles Sales', 'date': '28 de outubro de 2017', 'score': 1, 'content': 'E um lixo meu s5 n√£o conecta'},
{'author': 'GeeApaixonado porminisystem', 'date': '12 de fevereiro de 2018', 'score': 1, 'content': 'Lixo N√£o aparece a minha smart lg'},
{'author': 'gilberto bengoza', 'date': '14 de outubro de 2017', 'score': 1, 'content': 'Desgra√ßa n√£o acontece nada lixo'},
{'author': 'TAIK VITOR SANTOS MENDES', 'date': '3 de novembro de 2017', 'score': 1, 'content': 'Merece um OSCAR do pior app do mundo !'},
{'author': 'Stefania Lima', 'date': '8 de julho de 2017', 'score': 1, 'content': 'N√£o deixa agente mexer,horr√≠vel! N√£o recomendo!'},
{'author': 'WMC Torres', 'date': '3 de dezembro de 2017', 'score': 1, 'content': 'N√£o cumpre com o que promete!'},
{'author': 'Mayara Fialho', 'date': '24 de fevereiro de 2018', 'score': 1, 'content': 'N√£o Encontrou Meu Dispositivo!!! e apresentou comerciais'},
{'author': 'bruno melo', 'date': '3 de agosto de 2017', 'score': 1, 'content': 'N√£o baixe esse App e inganacao'},
{'author': 'Joyce Silva', 'date': '27 de janeiro de 2018', 'score': 1, 'content': 'LG k10 power n√£o suporta'},
{'author': 'Francinato Pereira dos Santos', 'date': '16 de mar√ßo de 2018', 'score': 1, 'content': 'N√£o funciona na Smart TV Semp tcl... desinstalando'},
{'author': 'Tatiana P S Pinheiro', 'date': '9 de abril de 2018', 'score': 1, 'content': 'N√£o funcionou do j7 para TV lg'},
{'author': 'Roberto nunes', 'date': '25 de novembro de 2017', 'score': 1, 'content': 'N√£o funciona!'},
{'author': 'Ana Mantovani', 'date': '9 de fevereiro de 2018', 'score': 5, 'content': 'O melhor que achei!'},
{'author': 'Wallison Santos', 'date': '1 de janeiro de 2018', 'score': 1, 'content': 'Fuciona nada nesse app'},
{'author': 'Rosa Silva', 'date': '11 de mar√ßo de 2018', 'score': 1, 'content': 'Muito ruim. N√£o funcionou'},
{'author': 'Valter Oliveira', 'date': '7 de fevereiro de 2018', 'score': 1, 'content': 'N√£o deu nada no meu'},
{'author': 'Um usu√°rio do Google', 'date': '15 de fevereiro de 2018', 'score': 1, 'content': 'Orrivel N√£o encontra a tv'},
{'author': 'Mary.kelvin Coleta', 'date': '21 de mar√ßo de 2018', 'score': 1, 'content': 'N√£o encontra a TV no samsung'},
{'author': 'Vitor Cristino', 'date': '1 de abril de 2018', 'score': 1, 'content': 'Para constantemente quando passa videos'},
{'author': 'deives Ikemori', 'date': '21 de janeiro de 2018', 'score': 1, 'content': 'Simplesmente um lixo de aplicativo!!!'},
{'author': 'Um usu√°rio do Google', 'date': '4 de agosto de 2017', 'score': 1, 'content': 'odiei queimou a minha TV üòàüò¨üò†'},
{'author': 'sergio oliveira', 'date': '30 de mar√ßo de 2018', 'score': 5, 'content': 'Simples e r√°pido. Impec√°vel'},
{'author': 'Um usu√°rio do Google', 'date': '23 de janeiro de 2018', 'score': 5, 'content': 'Jente √© muito bom'},
{'author': 'Natalia Dantas', 'date': '3 de novembro de 2017', 'score': 1, 'content': 'N√£o deu certo'},
{'author': 'Claudio Delfino', 'date': '8 de dezembro de 2017', 'score': 4, 'content': 'Muito bom App'},
{'author': 'Um usu√°rio do Google', 'date': '26 de setembro de 2017', 'score': 2, 'content': 'N√£o aparece a tv'},
{'author': 'Eduardo Evandro', 'date': '22 de julho de 2017', 'score': 1, 'content': 'Um lixo'},
{'author': 'Alessandro dos Santos Kister', 'date': '4 de julho de 2017', 'score': 1, 'content': 'Nao funciona'},
{'author': 'aurelizio guimaraes', 'date': '12 de fevereiro de 2018', 'score': 1, 'content': 'N√£o funciona no LG'},
{'author': 'Minha vida', 'date': '3 de abril de 2018', 'score': 1, 'content': 'N√£o instale isso'},
{'author': 'Um usu√°rio do Google', 'date': '14 de abril de 2018', 'score': 1, 'content': 'PESIMO. PESIMO. ORIVEL. N√ÉO. FUSIONOL'},
{'author': 'Wilton Luiz', 'date': '20 de setembro de 2017', 'score': 1, 'content': 'N√£o funciona'},
{'author': 'Clodoaldo Ortunho', 'date': '27 de agosto de 2017', 'score': 1, 'content': 'Nao funciona'},
{'author': 'Adam e Kevin', 'date': '7 de setembro de 2017', 'score': 1, 'content': 'N√£o funciona'},
{'author': 'francisco pereira', 'date': '22 de dezembro de 2017', 'score': 1, 'content': 'Um lixo.'},
{'author': 'Jo√£o Ribas', 'date': '3 de outubro de 2017', 'score': 1, 'content': 'N√£o funciona'},
{'author': 'Elielson Silva', 'date': '12 de janeiro de 2018', 'score': 1, 'content': 'N√£o presta'},
{'author': 'Um usu√°rio do Google', 'date': '17 de novembro de 2017', 'score': 1, 'content': 'N√£o funciona'},
{'author': 'Diego Cardoso', 'date': '19 de novembro de 2017', 'score': 1, 'content': 'N√£o presta'},
{'author': 'Um usu√°rio do Google', 'date': '5 de janeiro de 2018', 'score': 1, 'content': '√â uma bosta'},
{'author': 'Enzo Lima', 'date': '11 de outubro de 2017', 'score': 1, 'content': 'N√£o funciona'},
{'author': 'Rafael Cavalcante Ramalho', 'date': '27 de dezembro de 2017', 'score': 1, 'content': 'Um lixo'},
{'author': 'Aline Nepomuceno', 'date': '25 de setembro de 2017', 'score': 1, 'content': 'N√£o funciona'},
{'author': 'Um usu√°rio do Google', 'date': '14 de outubro de 2017', 'score': 1, 'content': 'N√£o funciona'},
{'author': 'Rodrigo Jax', 'date': '20 de janeiro de 2018', 'score': 1, 'content': 'N√£o funciona'},
{'author': 'fabio cruz', 'date': '20 de agosto de 2017', 'score': 1, 'content': 'N√£o funciona'},
{'author': 'Um usu√°rio do Google', 'date': '19 de janeiro de 2018', 'score': 1, 'content': 'Muito ruim'},
{'author': 'Albertin Gasques', 'date': '3 de novembro de 2017', 'score': 1, 'content': 'N√£o funciona'},
{'author': 'Um usu√°rio do Google', 'date': '10 de fevereiro de 2018', 'score': 1, 'content': 'Nao presta'},
{'author': 'Samuel Oliveira', 'date': '9 de fevereiro de 2018', 'score': 1, 'content': 'N√£o funciona'},
{'author': 'Thiago C', 'date': '11 de fevereiro de 2018', 'score': 1, 'content': 'N√£o funciona'},
{'author': 'ernilson monteiro', 'date': '24 de fevereiro de 2018', 'score': 1, 'content': 'N√£o presta'},
{'author': 'Um usu√°rio do Google', 'date': '1 de mar√ßo de 2018', 'score': 5, 'content': 'Gostei muito'},
{'author': 'Francisco Moreira', 'date': '18 de mar√ßo de 2018', 'score': 1, 'content': 'N√£o funciona'},
{'author': 'Emilio Flausino Cristiano', 'date': '13 de abril de 2018', 'score': 1, 'content': 'N√£o funciona'},
{'author': 'Um usu√°rio do Google', 'date': '11 de agosto de 2017', 'score': 1, 'content': 'Horr√≠vel'},
{'author': 'Um usu√°rio do Google', 'date': '4 de novembro de 2017', 'score': 5, 'content': 'Otimo'},
{'author': 'Andreia Santos', 'date': '7 de outubro de 2017', 'score': 5, 'content': 'Legal'},
{'author': 'Ricardo Rodrigues', 'date': '27 de agosto de 2017', 'score': 4, 'content': 'bom'},
{'author': 'JEAN clash', 'date': '20 de agosto de 2017', 'score': 1, 'content': 'Lixo'},
{'author': 'Clecyo Bernardo', 'date': '21 de novembro de 2017', 'score': 1, 'content': 'Lixo'},
{'author': 'Ibere Castro', 'date': '26 de outubro de 2017', 'score': 1, 'content': 'Engana√ß√£o'},
{'author': 'Um usu√°rio do Google', 'date': '30 de outubro de 2017', 'score': 1, 'content': 'Lixo'},
{'author': 'Um usu√°rio do Google', 'date': '21 de novembro de 2017', 'score': 1, 'content': 'Lixo'},
{'author': 'Fabuloso AJ', 'date': '12 de novembro de 2017', 'score': 1, 'content': 'Odiei'},
{'author': 'Fillipe Augusto', 'date': '14 de outubro de 2017', 'score': 1, 'content': 'Lixo'},
{'author': 'Um usu√°rio do Google', 'date': '8 de fevereiro de 2018', 'score': 1, 'content': 'bosta'},
{'author': 'THIAGO 13 da SuL', 'date': '2 de mar√ßo de 2018', 'score': 1, 'content': 'Odiei'},
{'author': 'Paulo Rocha', 'date': '29 de mar√ßo de 2018', 'score': 5, 'content': 'Excelente'},
{'author': 'UZUMAKI GAMES 03437117', 'date': '8 de abril de 2018', 'score': 1, 'content': 'Lixo'},
{'author': 'Kelly iock', 'date': '9 de outubro de 2017', 'score': 4, 'content': 'Oi gente eu queria falar que o aplicativo √© muito bom Tina muito bem em meu celular K10 LG obrigado a quem fez esse aplicativo facilita muito a minha vida mas muito muito muito mesmo um beijo'},
{'author': 'Roberto Brito', 'date': '21 de fevereiro de 2018', 'score': 1, 'content': 'App nao serve. Se o uso seria mais eficaz se nao precisasse de usar wifi. Pq o youtub ja fornece o espelhamento conectado.'},
{'author': 'Wenderson Mendes Ferreira', 'date': '26 de fevereiro de 2018', 'score': 1, 'content': 'S√≥ usa o Android. N faz nd q o Cel j√° fa√ßa por si s√≥'},
{'author': 'Wilker Lima', 'date': '3 de abril de 2018', 'score': 1, 'content': 'So funciona se o seu disposito j√° tiver essa fun√ß√£o'},
{'author': 'Thatielly Silva', 'date': '18 de setembro de 2017', 'score': 3, 'content': 'Olhei um coment√°rio dizendo que queimou a televis√£o dele üòÆ'},
{'author': 'Um usu√°rio do Google', 'date': '29 de janeiro de 2018', 'score': 5, 'content': 'Orrivel n√£o presta no jogador logo no lixo esse app'},
{'author': 'Nerivaldo Matos', 'date': '22 de setembro de 2017', 'score': 3, 'content': 'eu estou estalando se for bom eu dou mas estrela'},
{'author': 'Ju Sousa', 'date': '24 de setembro de 2017', 'score': 5, 'content': 'O app e mto bom cumpre o que promete'},
{'author': 'Silvano Mattos', 'date': '12 de fevereiro de 2018', 'score': 1, 'content': 'Conectta e encerra a Sessao em seguida,n√£o da pra nada'},
{'author': 'Edic√°cio 54371', 'date': '12 de novembro de 2017', 'score': 1, 'content': 'N√£o prestou na minha LG smart TV'},
{'author': 'Christiandeisson Santos', 'date': '11 de agosto de 2017', 'score': 1, 'content': 'Eu odiei eu testei e n√£o deu'},
{'author': 'Vinicius Mazoco', 'date': '6 de mar√ßo de 2018', 'score': 1, 'content': 'P√©ssimo ele s√≥ habilita a fun√ß√£o do celular'},
{'author': 'GOLDEN PB', 'date': '11 de abril de 2018', 'score': 5, 'content': 'T√¥ instalando minha TV smart tv da'},
{'author': 'Daniel Costa', 'date': '18 de agosto de 2017', 'score': 1, 'content': 'N√£o encontra a minha tv na rede'},
{'author': 'Marcos Almeida', 'date': '29 de novembro de 2017', 'score': 5, 'content': 'Este √© bom eu j√° osei'},
{'author': 'M√°rio Cardoso de Ara√∫jo', 'date': '28 de fevereiro de 2018', 'score': 5, 'content': 'Parece ser bom vamos ver'},
{'author': 'Wellington Lima', 'date': '8 de mar√ßo de 2018', 'score': 1, 'content': 'N√£o funcionou no meu celularüòë'},
{'author': 'Marcos Antonho', 'date': '30 de dezembro de 2017', 'score': 4, 'content': '√â muito bom ooo!!!'},
{'author': 'Guilherme Lima', 'date': '15 de fevereiro de 2018', 'score': 1, 'content': 'Nao funciona,perda de tempo'},
{'author': 'Um usu√°rio do Google', 'date': '16 de janeiro de 2018', 'score': 1, 'content': 'O aplicativo n√£o instala'},
{'author': 'andeson alves', 'date': '9 de janeiro de 2018', 'score': 1, 'content': 'Nem encontro meu dispositivo'},
{'author': 'Gilmar Junior', 'date': '17 de janeiro de 2018', 'score': 1, 'content': 'N√£o presta essa mrd'},
{'author': 'HOMEM-ARANHA V√çDEOS', 'date': '21 de fevereiro de 2018', 'score': 1, 'content': 'Porque ele n√£o presta'},
{'author': 'alex da mota farias', 'date': '30 de dezembro de 2017', 'score': 1, 'content': 'Todos os aplicativos s√£o horr√≠veis... Nem promete o que cumpri... Lixo...'},
{'author': 'C Maciel', 'date': '28 de janeiro de 2018', 'score': 1, 'content': 'N√£o presta... n√£o reproduz nada'},
{'author': 'Silvio Couto da Silva', 'date': '27 de janeiro de 2018', 'score': 1, 'content': 'Lixo. N√£o funciona'},
{'author': 'Raphaella Rocha', 'date': '24 de julho de 2017', 'score': 1, 'content': 'Horr√≠vel N√£o recomendo!!!!!'},
{'author': 'Ederson Silva', 'date': '6 de outubro de 2017', 'score': 1, 'content': 'N√ÉO funciona!'},
{'author': 'LA√âRCIO UBIRAJARA DOS SANTOS', 'date': '18 de janeiro de 2018', 'score': 4, 'content': 'Esse faz jus.'},
{'author': 'Um usu√°rio do Google', 'date': '15 de janeiro de 2018', 'score': 1, 'content': 'E um coco bosta'},
{'author': 'cassiano dutravieira', 'date': '10 de mar√ßo de 2018', 'score': 5, 'content': '√â fatoo de boc√≥'},
{'author': 'Maicon Evil. com', 'date': '29 de mar√ßo de 2018', 'score': 4, 'content': 'E bombom bom'},
{'author': '0 0', 'date': '8 de abril de 2018', 'score': 1, 'content': 'Lixo n√£o presta'},
{'author': 'ANNE KIDS', 'date': '19 de fevereiro de 2018', 'score': 1, 'content': 'Odieiiiiiiiiiiiiiiiiii √© muito ruim n√£o pega nada esse jogo üëéüëéüëéüëéüëéüëéüëéüëéüëéüëéüëéüëéüëéüëéüëé'},
{'author': 'ozaias carapu√ßa', 'date': '12 de dezembro de 2017', 'score': 1, 'content': 'N√°o funciona'},
{'author': 'Um usu√°rio do Google', 'date': '10 de janeiro de 2018', 'score': 5, 'content': 'Muito bom'},
{'author': 'Marinilson Moreira', 'date': '4 de novembro de 2017', 'score': 1, 'content': 'N√£o funciona'},
{'author': 'Marcio Alexandre Alexandre', 'date': '9 de outubro de 2017', 'score': 1, 'content': 'Outra bosta'},
{'author': 'gisele aleixo', 'date': '11 de janeiro de 2018', 'score': 1, 'content': 'N√£o funciona'},
{'author': 'Tiago Kico', 'date': '19 de novembro de 2017', 'score': 1, 'content': 'N√£o gosto'},
{'author': 'VLOGS EH', 'date': '16 de setembro de 2017', 'score': 1, 'content': 'que bosta de app'},
{'author': 'Claucia Brandao', 'date': '23 de novembro de 2017', 'score': 1, 'content': 'Uma bosta'},
{'author': 'Rique Valle', 'date': '26 de setembro de 2017', 'score': 1, 'content': 'nao presta'},
{'author': 'Um usu√°rio do Google', 'date': '1 de abril de 2018', 'score': 5, 'content': 'Bom de mas'},
{'author': 'Um usu√°rio do Google', 'date': '4 de abril de 2018', 'score': 1, 'content': 'N√£o preta'},
{'author': 'Mesaque Mota', 'date': '5 de abril de 2018', 'score': 1, 'content': 'Nao funciona'},
{'author': 'Um usu√°rio do Google', 'date': '6 de mar√ßo de 2018', 'score': 1, 'content': 'Odiei √© uma m**** üòï'},
{'author': 'Andr√© L N G', 'date': '17 de agosto de 2017', 'score': 1, 'content': 'Lixo'},
{'author': 'Um usu√°rio do Google', 'date': '12 de janeiro de 2018', 'score': 1, 'content': 'Bosta'},
{'author': 'canal da brincadeira', 'date': '11 de outubro de 2017', 'score': 5, 'content': 'Amei'},
{'author': 'Ramon Cass√≠miro De Andrade Cass√≠miro De Andrade', 'date': '26 de agosto de 2017', 'score': 5, 'content': 'Bom'},
{'author': 'Jose Costa', 'date': '18 de janeiro de 2018', 'score': 5, 'content': 'Legal'},
{'author': 'Um usu√°rio do Google', 'date': '3 de fevereiro de 2018', 'score': 1, 'content': 'Desgra√ßadamente'},
{'author': 'Adenilson gomes', 'date': '21 de mar√ßo de 2018', 'score': 1, 'content': 'Lixo'},
{'author': 'DAMDAM', 'date': '31 de mar√ßo de 2018', 'score': 5, 'content': 'Oi'},
{'author': 'Tiago Brito', 'date': '8 de abril de 2018', 'score': 5, 'content': 'N'},
