OK [low_app_3_com_2] Nunca consegui usar. Mesmo mostrando as redes dispon√≠veis vc seguindo o passo a passo, ela nao conecta.
OK [low_app_3_com_1] N√£o conecta
OK [low_app_3_com_3] App com propagandas chatas. Velocidade √© sofr√≠vel e fica desconectando direto.
OK [low_app_3_com_4] Sou cliente TV+NET 60MB, e n√£o consigo conectar, entrei com meu login e senha (que funciona em todos os outros produtos da NET, site, aplicativo NET) por√©m sempre da erro de autentica√ß√£o e pede para tentar mais tarde, mesmo com o sinal forte.
OK [low_app_3_com_7] P√©ssimo! O aplicativo identifica onde existe WiFi dispon√≠vel, mas n√£o consegue fazer a autentica√ß√£o. N√£o serve pra nada!!!
OK [low_app_3_com_6] N√£o funciona.
OK [low_app_3_com_5] Muito fraco e lenta a conex√£o.
OK [low_app_3_com_9] Deveria ser melhor
OK [low_app_3_com_11] Muito ruim falha de autentica√ß√£o toda vez
OK [low_app_3_com_8] Nao funciona...propaganda enganosa
OK [low_app_3_com_10] Fica falhando ao validar os dados... p√©ssimo servi√ßo, se precisar vai ficar na m√£o!
OK [low_app_3_com_12] Raramente funciona no Rio de Janeiro regi√£o de Jacarepagu√°
OK [low_app_3_com_13] N√£o conecta. Perdi um temp√£o e nada.
OK [low_app_3_com_14] P√©ssimo!!!!!!!! ! Um dos piores servi√ßos da net! Em alguns locais leva horas pra conectar, mesmo que haja sinal!!!
OK [low_app_3_com_15] P√©ssimo. Fui confiar nessa bosta, e n√£o funciona nunca. Lixo.
OK [low_app_3_com_16] S√≥ pq n√£o d√° pra dar zero S√≥ o n√£o d√° pra dar zero
OK [low_app_3_com_17] Atualizem por favor, o app est√° horr√≠vel.
OK [low_app_3_com_18] Praticamente nunca funciona o login autom√°tico. Sempre acabava por realizar o login manualmente pelo navegador do celular que era muito mais r√°pido. Isso quando conseguia conectar de fato √† rede. H√° muita propaganda para pouca efici√™ncia do servi√ßo prestado.
OK [low_app_3_com_19] Horr√≠vel, precisa melhorar
OK [low_app_3_com_20] Primeiro que para achar as redes Wi-Fi, ele requer estar conectado na internet, de n√£o d√° o erro de sem conex√£o.
Ou seja n√£o vejo sentido. Segundo quando acha temos que tentar v√°rias e v√°rias vezes pra conseguir conectar. Ent√£o praticamente n√£o vejo muita
utilidade assim.
OK [low_app_3_com_21] A minha net e 10mg A√≠ eu liguei pra central que estava muita lenta n√£o chegava a 2mb a√≠ a atendente me informou que
tenho que pagar 90 reais pro t√©cnico vir a minha casa para ver o problema se eu j√° pago pelo servi√ßo que n√£o presta isso √© um absurdo
OK [low_app_3_com_22] Conecta mas sempre est√° sem internet. Ent√£o n√£o adianta muito.
OK [low_app_3_com_25] Se tivesse como dar nota -0,0000000000000 eu daria !!!
OK [low_app_3_com_23] N√£o conecta de jeito algum!! Estou de frente pra antena e o app n√£o conecta.
As vezes fica inicializando, as vezes pede pra aguardar e outras vezes simplesmente n√£o faz nada!!! Pago caro e quero uma resposta √© uma solu√ß√£o!!
OK [low_app_3_com_24] N√£o conectar da erro
OK [low_app_3_com_26] falha no login mesmo recebendo nova senha da claro
OK [low_app_3_com_27] Lixo puro. N√£ perca seu tempo...
OK [low_app_3_com_28] N√£o aut√™ntica autom√°tico
OK [low_app_3_com_29] Eu preciso de medir e acompanhar a qualidade e velicidade do sinal... esse App √© piada.
OK [low_app_3_com_30] N√£o funciona N√£o aut√™ntica!!!!
OK [low_app_3_com_31] Da erro toda hora.
OK [low_app_3_com_32] Funciona quando quer!!!
OK [low_app_3_com_33] Uma BOSTA.. Como sempre a NET enganando os clientes. Aparece a rede #NET-CLARO-WIFI mas n√£o conecta ela muda pra sua particular..
Uma verdadeira MENTIRA isso. Merecia um PROCESSO COLETIVO..
OK [low_app_3_com_34] Horrivel N√£o funciona, aparece os locais com Wi-Fi, mas n√£o funciona
OK [low_app_3_com_35] S√≥ falta funcionar!!!
OK [low_app_3_com_36] Trava, pede login novamente.... Horr√≠vel!!!!!
OK [low_app_3_com_37] Rede s√≥ fica obtendo endere√ßo IP, quando conecta e pega um IP n√£o autentica diz que n√£o estou autorizado a usar o
servi√ßo. Ligo para a NET os atendentes n√£o entendem que estamos falando do Wi-Fi fora de casa. E pedem para desligar o modem!!! Muito dif√≠cil. Minha
senha funciona normalmente no site da NET. Pra mim nunca funcionou.
OK [low_app_3_com_38] Um lixo! Sequer consigo fazer o cadastro, quanto mais usar! A Claro devia ter vergonha de divulgar algo que simplesmente n√£o funciona.
Palha√ßada!
OK [low_app_3_com_39] N√£o funciona! Impressionante isso.
OK [low_app_3_com_40] Nunca conecta.
OK [low_app_3_com_41] N√£o consegui encontrar nenhuma rede dispon√≠vel em BH.
OK [low_app_3_com_42] Pessimo
OK [low_app_3_com_43] N√£o funciona nunca
OK [low_app_3_com_44] N√£o funciona,n√£o realiza o cadastro,n√£o presta e ningu√©m responde sobre o problema
OK [low_app_3_com_45] So nao fonciona como deveria. Nao autentica! Justo oque ele deveria fazer.
OK [low_app_3_com_46] So da erro de dados! Tenho q ficar usando o navegador pra logar '-'
OK [low_app_3_com_47] N√£o funciona N√£o serve de nada se n√£o realiza o que promete, simplesmente in√∫til.
OK [low_app_3_com_48] O aplicativo at√© funciona, o problema √© achar um ponto de wi fi funcionando. Muitas vezes conecta a um ponto com sinal √≥timo,
por√©m a internet n√£o funciona.
OK [low_app_3_com_49] Muito ruim Nunca conecta.
OK [low_app_3_com_52] N√£o funciona
OK [low_app_3_com_50] Derruba a minha rede e fica pedindo autentica√ß√£o, n√£o adianta o app, pois a cada 5 minutos tem que logar. Detestei.
OK [low_app_3_com_51] Um lixo Quando voce localiza uma rede e vai fazer a conex√£o, por mais r√°pido que voce seja ao preencher vem sempre a mesma mensagem:
"voce excedeu o tempo limite". Sou cliente Net e n√£o consigo enxergar esse tipo de desservi√ßo como um diferencial.
OK [low_app_3_com_53] N√£o conecta automaticamente, vc precisa ficar ca√ßando as redes e mandando conectar, e demora muito pra conectar tbm
OK [low_app_3_com_54] Nunca consegui conectar.
OK [low_app_3_com_55] Nunca funciona. Ele sempre diz que nao pode se conectar a rede.
OK [low_app_3_com_56] N√£o funciona N√£o conecta nos pontos dispon√≠veis, mesmo vc sendo cliente net.
OK [low_app_3_com_57] Se n√£o pode cumpri n√£o promete, n√£o funciona, desinstalando....
OK [low_app_3_com_58] N√£o funciona de jeito nenhum
OK [low_app_3_com_59] Mesmo em √°rea com acesso de v√°rios pontos, o wi fi oscila muito e acaba n√£o conectando e n√£o funcionando corretamente, no come√ßo funcionava com excel√™ncia, agora n√£o mais.
OK [low_app_3_com_60] N√£o Conecta S√£o Carlos -SP acha um monte de hotspots na NET mas n√£o conecta.. Sozinho melhore e se funcionar dou mais estrela
OK [low_app_3_com_61] N√£o funciona NET...piada pronta
OK [low_app_3_com_62] Far√ßa A net e apenas mais uma empresa que rouba o que √© de direito do seu consumidor tenho um plano de 15 megas e de costume jogo
 lol e o Ping fica 76 ou 60 mas de uma cena na pra c√° o Ping prevalece em 568 apenas mais um golpe aonde esse pa√≠s vai parar
OK [low_app_3_com_63] Engodo, lero-lero, papo furado, engana-bobo... Aqui em Belo Horizonte/MG n√£o conecta em canto algum, seja na zona sul, norte,
qualquer lugar. A NET vende essa ilus√£o de "Wifi fora de casa", tal como o NOW que n√£o passa de uma locadora paga. Quando o telemarketing da picaretagem
nos procura pra vender seus servi√ßos e oferecem essas coisas como "benef√≠cios" omitem que uma coisa nunca vai funcionar e outra √© paga...
Devem ficar rindo da gente depois: "enganamos mais um bobo, meta cumprida!".
OK [low_app_3_com_64] 99% das tentativas de conex√£o falharam.
OK [low_app_3_com_65] N√£o desabilita Voc√™ tem que instalar o programa somente se for utilizar. Pois enquanto sua WiFi wstiver ligada ele vai tentar
se conectar a uma rede netwifi
OK [low_app_3_com_66] N√£o funciona. E quando vc est√° na rede privada ele te desconecta o tempo todo. A proposta do app e boa,mas infelizmente n√£o funciona.
OK [low_app_3_com_67] Dificilmente funciona tu tem que ficar tentando o dia inteiro ora conseguir utilizar. Dei 2 estrelas pq a ideia ate que √© legal
OK [low_app_3_com_70] uma bostaaaaa nao baixem
OK [low_app_3_com_68] Simplesmente n√£o funciona.
OK [low_app_3_com_69] N√£o consigo nem me cadastrar... Nem nesse app e nem pelo site que redireciona quando nos conectamos direto na rede.
D√° erro no meu c√≥digo net que copiei do pr√≥prio site "Minha Net"
OK [low_app_3_com_71] P√©ssimo!! Toda vez q CONSEGUE achar algum hotspot eu tenho que fazer a verifica√ß√£o...e sempre perde o sinal antes q eu consiga
digitar meus dados
OK [low_app_3_com_72] Tenta conectar e n√£o conecta, fico no meu 4g ou no Wi-Fi d√° minha casa...
OK [low_app_3_com_73] N√£o conecta, muito ruim
OK [low_app_3_com_74] P√©ssimo. Tem tanta propaganda que torna quase imposs√≠vel se conectar. E quando consegue n√£o fica muito tempo logado.
OK [low_app_3_com_75] N√£o aceita "@" para o login, que √© o endere√ßo de email do cadastro. Necess√°rio atualizar. Por ora vou autenticando direto "na m√£o".
OK [low_app_3_com_76] App entra em conflito com a rede a ser acessada #net-wifi, parese com o app d√° oi so que o d√° oi funciona!
e o d√° NET n√£o! Presisa muito melhorar
OK [low_app_3_com_77] T√° horr√≠vel ageitem isso nunca entra na rede
OK [low_app_3_com_78] N√£o funciona
OK [low_app_3_com_79] Autentica√ßao complicada Vai tentando...nunca conecta de primeira...muito inst√°vel
OK [low_app_3_com_80] raramente conecta automaticamente.
OK [low_app_3_com_81] Derruba a minha rede e fica pedindo autentica√ß√£o, n√£o adianta o app, pois a cada 5 minutos tem que logar. Detestei.
OK [low_app_3_com_84] Pera? Propaganda em um app pago? Que absurdo.
OK [low_app_3_com_82] Segui todos os passos do app por√©m ele n√£o cumpre o que promete!! N√£o funciona, n√£o conecta! Nem pelo app nem direto!
OK [low_app_3_com_83] Atualize Melhorem o app. Sou cliente net e n√£o consigo acessar a #net wifi. O app tem uma boa inten√ß√£o, mais n√£o cumpre com o que diz.
OK [low_app_3_com_85] Antes o app abria sozinho qnd conectava num Wi-Fi coberto, agora n√£o faz mais. Isso era uma m√£o na roda antes...
OK [low_app_3_com_86] N√£o conecta
OK [low_app_3_com_87] Uma bosta
OK [low_app_3_com_88] N√£o conecta de jeito nenhum estou decepcionado üòîüòîüòî
OK [low_app_3_com_89] T√£o ruim quanto a pr√≥pria NET cabo... To fora!!! Empresinha enganosa... Vou cancelar assinatura de casa. Propaganda ENGANOSA!!!
OK [low_app_3_com_90] N√£o conecta. N√£o consigo nem fazer meu cadastro!
OK [low_app_3_com_91] Instalei v√°rias vezes e n√£o abre j√° manda enviar relat√≥rio Que horror, instalei e desinstalei muitas vezes e em nenhuma,
se quer abriu o App, j√° fica enviar relat√≥rio. Pelo amor n√©! P√©ssimo, horr√≠vel.
OK [low_app_3_com_92] N√£o aparece nenhum hotspot Eu consulto, e n√£o aparece nada.
OK [low_app_3_com_93] Trava, pede login novamente.... Horr√≠vel!!!!!
OK [low_app_3_com_94] T√° p√©ssimo
OK [low_app_3_com_95] N√£o conecta Nunca conecta
OK [low_app_3_com_96] Muito ruim Mesmo com redes com sinais fortes ele n√£o conecta, nem pelo smartphone nem pelo computador
OK [low_app_3_com_97] Cada vez pior...
OK [low_app_3_com_98] App ruim. Trava e n√£o conecta nada com nada. Fora que s√≥ funciona as propagandas
OK [low_app_3_com_99] N√£o conecta. Apenas fica tentando conectar por muito tempo e nada acontece
OK [low_app_3_com_100] Conxao fracs pede atualiza√ßao o tempo todo
OK [low_app_3_com_101] LIXO! N√ÉO FUNCIONA
OK [low_app_3_com_102] N√£o conecta mesmo com rede dispon√≠vel.
OK [low_app_3_com_103] Infelizmente quase in√∫til... Demora uma infinidade para autenticar na rede e n√£o conecta
automaticamente mesmo estando configurado para isso. O que resta para ele? Apenas a facilidade de n√£o precisar digitar o login e senha. P√©ssimo.
OK [low_app_3_com_104] Para cliente Net tem an√∫ncios e a maioria de redes #NET-CLARO-WIFI n√£o funciona
OK [low_app_3_com_105] N√£o consigo habilitar minha senha app n√£o permite
OK [low_app_3_com_106] Um lixo de aplicativo e um lixo essa net vou trocar pela vivo fibra
OK [low_app_3_com_107] N√£o conecta. O app encontra a rede e depois diz "houve mudan√ßa na rede aguarde" e fica apenas nisso.
OK [low_app_3_com_108] Horrivel, so atualiza mas nunca acaba
OK [low_app_3_com_109] p√©ssimo servi√ßo. Quase nunca funciona.
OK [low_app_3_com_110] N√£o consigo fazer meu cadastro. Sempre da erro e diz tente mais tarde.
OK [low_app_3_com_111] Parou de funcionar, est√° muito ruim..tem sinal e n√£o conecta, informa o seguinte:
*ocorreu uma mudanca na rede, aguarde etc etc*.. cad√™ o atendimento p este servi√ßo? N√£o tem!!!:'üò°
OK [low_app_3_com_112] Muito #m mmmmmmdddddd
OK [low_app_3_com_113] P√©ssimo. Possui uma quantidade insuport√°vel de propagandas obstrutivas, sem falar que n√£o conecta a rede alguma. √â tipo de app que n√£o ajuda nada.
OK [low_app_3_com_114] N√£o conecta por mais que 20 seg...
OK [low_app_3_com_115] autentica, muitas das vezes nem conecta.
OK [low_app_3_com_116] Ruim e nao funciona direito App nao funciona direito...varias tentativas pra conectar...bem amador
OK [low_app_3_com_117] N√£o consigo nem cadastrar pelo app. Sai uma msg q diz: pedido invalido.
OK [low_app_3_com_118] Nunca conecta
OK [low_app_3_com_119] Precusa melhorar muito...fraco.
OK [low_app_3_com_120] N√£o aceita de modo algum que eu fa√ßa cadastro, mesmo eu sendo cliente claro
OK [low_app_3_com_121] Lixo N√£o conecta nunca tem ponto mas d√° erro
OK [low_app_3_com_122] N√£o funciona ... Sempre estou em lugar com sinal mas n√£o conecta de jeito nenhum!! Reflete o sistema da claro e Net... Horr√≠vel!!
OK [low_app_3_com_123] Nunca conecta, tem ads totalmente invasivos
OK [low_app_3_com_124] Da erro toda hora.
OK [low_app_3_com_125] Lixo N√£o baixem √© perda de tempo voc√™ n√£o consegui usar nem a pau.
OK [low_app_3_com_126] Cai toda hora, e demora horas para conectar novamente.
OK [low_app_3_com_127] S√≥ conecta na primeira vez que usa. Tem como resolver esse problema?
OK [low_app_3_com_128] Horr√≠vel N√£o funciona
OK [low_app_3_com_129] A rede #NET-WIFI est√° sempre dispon√≠vel, mas nunca funciona, mesmo usando login NET da qual sou cliente h√° mais de
15 anos. Como disseram aqui abaixo, uma engana√ß√£o. Eh como as redes Wi-Fi de parques q nunca funcionam. Jos√© Cancio
OK [low_app_3_com_130] Mas d 1 ano s√≥ consegui conectar 1 vez e durou 5 minutos.
OK [low_app_3_com_131] De um m√™s pra c√° piorou bastante. Cai muito a conex√£o.
OK [low_app_3_com_132] N√£o consegui conectar em uma √°rea imensas comi Jd. S√£o Dimas SJC
OK [low_app_3_com_133] N√£o gostei N√£o tem ponto de acesso em lugar nenhum
OK [low_app_3_com_134] N√ÉO FUNCIONA! S√≥ funciona quando estou na cobertura do meu wifi da NET, na rua nunca, mesmo tendo pontos de acesso!
OK [low_app_3_com_135] N√£o conecta de jeito algum.
OK [low_app_3_com_136] Nao se chega a lugar nenhum com isso. So perdi meu tempo. @$#&*@&
OK [low_app_3_com_137] N√£o conecta via app. Pela rede wifi di celular consegui. App muito ruim.
OK [low_app_3_com_138] N√£o conecta
OK [low_app_3_com_139] L√° de vez em quando, conecta...
OK [low_app_3_com_140] Aplicativo nao funciona.
OK [low_app_3_com_141] Deveria conectar autom√°tico pois todas vez tenho que fazer login fora do aplicativo pra funcionar.
OK [low_app_3_com_142] APP in√∫til, toda vez tenho que logar manualmente.
OK [low_app_3_com_143] Horr√≠vel, precisa melhorar
OK [low_app_3_com_144] 10 m. Quem tem 10 megas n√£o pega na rua.
OK [low_app_3_com_145] De um m√™s para c√° ficou muito ruim n√£o conecta ,fica dando erro de conex√£o direto ,terr√≠vel.. Mas j√° foi bom
OK [low_app_3_com_146] N√£o serve para nada, no site diz que no app voc√™ pode verificar a exist√™ncia de problemas t√©cnicos de sinal de internet na sua
regi√£o. Pode coisa nenhuna at√© agora n√£o descobri qual a utilidade do app
OK [low_app_3_com_147] Que horror! Todo mundo reclamando aqui desse app, acabei de ser uma cliente net e s√≥ reclama√ß√µes aqui...affe! E n√£o consigo me
cadastrar, s√≥ d√° erro.
OK [low_app_3_com_148] Simplesmente n√£o funciona
OK [low_app_3_com_149] Nunca consigo conectar mesmo pondo usu√°rio e senha corretoa
OK [low_app_3_com_150] Um LIXO !!! 1 DIA BOM E 29DIAS FORA DO AR
OK [low_app_3_com_151] N√£o aceita fazer o cadastro. Al√©m de dar erros a mensagem de falha est√° com erros de portugu√™s.
OK [low_app_3_com_152] Instalei e s√≥ passo raiva! At√© hoje n√£o consegui pegar um sinal. Fica conectando e n√£o consegue.
Vou para conectar novamente e tamb√©m nada!!! Melhorem o servi√ßo!!
OK [low_app_3_com_153] Antes funcionava, agora s√≥ d√° erro ao validar os dados de acesso. A√≠ autentico pelo m√©todo tradicional
com os mesmos dados de acesso e funciona. Precisa melhorar bastante...
OK [low_app_3_com_154] Nunca conecta.
OK [low_app_3_com_155] N√£o consegui acessar em lugar nenhum mesmo tendo cobertura
OK [low_app_3_com_156] N√£o conecta, vive trocando rede, cai a todo momento, pede autentica√ß√£o a cada acesso...
ou seja, n√£o funciona. E se vc n√£o tiver um pacote de dados ativo, ele nem sequer abre a tela para logar.
OK [low_app_3_com_157] Cai toda hora. A√≠ tem que mandar conectar novamente. Pelo menos n√£o precisa inserir login e senha toda vez.
OK [low_app_3_com_158] Horr√≠vel n√£o funciona uma bosta
OK [low_app_3_com_159] N√£o conecta
OK [low_app_3_com_160] Lixo....... desinstalando....
OK [low_app_3_com_161] Toda hora aparece propagandas e nunca conecta a rede nenhuma que apk rid√≠culo
OK [low_app_3_com_162] Eu n√£o entendi como voc√™s querem que fa√ßa o login com email se n√£o d√° pra digitar o @ ¬Ø\_(„ÉÑ)_/¬Ø
OK [low_app_3_com_163] Cadastro dando erro.
OK [low_app_3_com_164] Muito p√©ssimo Porque n√£o desenvolvem um app que conecta direto o cliente Net, √© a cada Hotspot diferente fica pedindo pra logar, a p√°gina mal abre, √© quando aparece fica um erro de falha na comunica√ß√£o e n√£o altentica. Se foi criado para facilitar, que funcione corretamente.
OK [low_app_3_com_165] Horr√≠vel, nunca conecta na rede, mesmo onde tem 100% de sinal, ent√£o pra que serve? Minha resposta at√© que melhorem √© nada!
OK [low_app_3_com_166] N√£o serve pr√° nada! Me obriga a deixar o GPS ligado pr√° acabar com a bateria e tenho que abrir app para para dar o comando de conectar. T√° de brincadeira! Melhor fazer login manualmente!
OK [low_app_3_com_167] Nunca conecta, s√≥ descobre a rede. Nunca conecta, s√≥ descobre a rede.
OK [low_app_3_com_168] Os caras nem se esfor√ßam pra melhorar o aplicativo que funciona uma vez ou outra
OK [low_app_3_com_169] n√£o sei o porque mas n√£o conecta no meu aparelho porem no da minha irm√£ funciona , na mesma rede e com a mesma conta
OK [low_app_3_com_170] Nao consigo conectar
OK [low_app_3_com_171] O aplicativo n√£o reconhece no campo de senha o caractere & e por isso n√£o consigo validar meus dados.
O aplicativo tamb√©m possui in√∫meras propagandas, o que dispensa coment√°rios.
OK [low_app_3_com_172] Uma palavra resume o app.. UM LIXO
OK [low_app_3_com_173] Acabei de baixar. E mesmo o sinal da #NET-CLARO-WIFI estando bom, n√£o conecta.
OK [low_app_3_com_174] N√£o conecta com rede dispon√≠vel. Sou cliente NET e mere√ßo um app melhor.
OK [low_app_3_com_175] Horr√≠vel . P√©ssimo
OK [low_app_3_com_176] Quando estiver funcionando em Goi√¢nia eu instalo de novo
OK [low_app_3_com_177] Essa propaganda da Ford que vem logo depois de executar, vc n√£o consegue desabilitar esse Ad.
OK [low_app_3_com_178] Nunca consigo conectar
OK [low_app_3_com_179] Simplesmente n√£o funciona In√∫til. O login pelo browser √© bem melhor.
OK [low_app_3_com_180] P√©ssimo N√£o funciona em lugar nenhum. Nunca acha rede dispon√≠vel.
OK [low_app_3_com_181] Nunca funciona √© lixo n√£o baixe, Sou cliente Net ele pede login e senha que uso para ascesso a conta Net, encontra rede dispon√≠vel #Net-clao-wafi mas nunca conecta.
OK [low_app_3_com_182] Muito üëø ruim n√£o funciona em lugar nenhum, s√≥ funciona com meus dados da minha rede.
OK [low_app_3_com_183] N√£o atende o prop√≥sito Hot spot com sinal forte e n√£o conecta de jeito nenhum.
Cadastro tudo certo, mas sem conex√£o. Ent√£o o que a empresa far√° a respeito?
OK [low_app_3_com_184] Nunca consegui conectar com ele. Avisa que est√° atualizando a rede, mas n√£o conecta
OK [low_app_3_com_185] Muito inst√°vel! Conecta e desconecta toda hora! N√£o d√° pra navagar... Puro marketing!
OK [low_app_3_com_186] Que bosta N√£o serve pra nada esse aplicativo
OK [low_app_3_com_189] Nunca conecta
OK [low_app_3_com_187] Lixo, n√£o conecta!
OK [low_app_3_com_188] da erro sempre odiei
OK [low_app_3_com_190] P√©ssimo. Com tanta propaganda consumindo meu 4G e nunca conecta ao Wi-Fi. N√£o estou conseguindo usar o servi√ßo pelo qual estou pagando, tem propagandas, o que √© rid√≠culo, j√° que n√£o √© gratuito, tem que ser assinante para usar, consigo conectar pelo login do aparelho em alguns casos mas logo cai, o mapa mostra uma antena em cada rua onde n√£o tem sinal... Melhor refazer o app do zero.
OK [low_app_3_com_191] Sinto muito !!! Horr√≠vel n√£o funciona
OK [low_app_3_com_192] Lixo
OK [low_app_3_com_193] Uma üí©
OK [low_app_3_com_194] N√£o conecta nunca. S√≥ quando quer
OK [low_app_3_com_195] Parece piada... Fico me perguntando se os aplicativos da net s√£o criados por amadores, nenhum dos aplicativos deles funcionam... O now trava direto, esse apenas encontra o Hotspot, Mas n√£o consegue o principal, CONECTAR O WIFI, n√£o baixem √© s√≥ perda de tempo... Ps: Minha Net √© de 60 megas
OK [low_app_3_com_196] N√£o sei pq ainda acreditei que iria conectar.... nunca conecta em nenhuma rede #Net Wi-fi.
OK [low_app_3_com_197] N√£o funciona Perda de tempo!
OK [low_app_3_com_198] Publicidade, precisa disso?
OK [low_app_3_com_199] N√£o funciona Aplicativo n√£o funciona, n√£o conecta com nenhuma rede que esteja vis√≠vel.
OK [low_app_3_com_200] N√£o consigo conectar Toda vez que abre pra incluir o login e senha a p√°gina atualiza....
OK [low_app_3_com_201] N√£o conecta da erro de autentica√ß√£o liguei na central e eles n√£o sabem resolver o problema...
OK [low_app_3_com_204] Horr√≠vel, pago quase 250 reais todo m√™s de Net. Esse app √© uma mentira nunca funciona
OK [low_app_3_com_202] n√£o conecta em lugar nenhum uma bosta
OK [low_app_3_com_203] Realiza a autentica√ß√£o normalmente, por√©m n√£o conecta a nenhum ponto de acesso.
OK [low_app_3_com_205] P√©ssimo. Fui confiar nessa bosta, e n√£o funciona nunca. Lixo.
OK [low_app_3_com_206] T√° muito ruim parou de conectar automaticamente em BH
OK [low_app_3_com_207] Orriveu
OK [low_app_3_com_208] Aplicativo in√∫til, s√≥ ocupa espa√ßo, diz que tem rede dispon√≠vel mas n√£o conecta, como podem oferecer um servi√ßo assim?
OK [low_app_3_com_209] N√£o funciona nenhum hotspot, da v√°rios erros de autentica√ß√£o e n√£o consegue gerenciar o Wi-Fi do celular muito ruim....
A net j√° foi melhor...
OK [low_app_3_com_210] N√£o conecta e cai sempre, mesmo que o sinal cheio. Antes era melhor arrumem isso logo.
OK [low_app_3_com_211] P√âSSIMO √â POUCO. Baixei este aplicativo e mesmo informando tds os dados corretamente para efetuar o cadastro me informa que h√° erro e,
 detalhe n√£o informa "qual" √© o erro. At√© ligando na Net passei nervoso, atendente despreparada e se irritou com facilidade j√° que n√£o sabia me ajudar.
 Ou seja, propaganda enganosa de Internet gr√°tis pra assinantes.
OK [low_app_3_com_212] N√£o funciona Nunca acha a rede e todas as vezes preciso digitar login e senha sendo que a promessa do aplicativo √© contar autom√°tico
OK [low_app_3_com_213] N√£o est√° autenticando. √â necess√°rio logar pelo navegador. Isso inutiliza esse app.
OK [low_app_3_com_214] Em Goi√¢nia n√£o tem praticamente em nenhum lugar p√∫blico
OK [low_app_3_com_215] T√° horr√≠vel, toda hora tem que abrir o app pra logar e fica dando falha na autentica√ß√£o dos dados, ai tenho que colocar o login e senha novamente e mesmo assim tem hora que d√°.
OK [low_app_3_com_216] Nao Consigo cadastra so da erro apos eu colocar tudo certinho
OK [low_app_3_com_217] Ruim Demais p√©ssimo
OK [low_app_3_com_218] Aparece conectar, mas nunca se conecta...n√£o gostei...
OK [low_app_3_com_219] Tive que desinstalar pois d√° sempre falha de credencial Usei por alguns meses e depois das √∫ltimas atualiza√ß√µes n√£o
funciona mais Uso as mesmas credenciais no login manual sem nenhum problema
OK [low_app_3_com_220] Nunca conecta
OK [low_app_3_com_221] N√£o conecta, o sinal de wifi t√° "cheio" mas fica mandando eu me logar. Diz que estou conectada, mas continua sem funcionar, e fica o tempo todo apitando mandando eu me logar, sendo que j√° estou ligada e sem navegar, pq n√£o funciona.
OK [low_app_3_com_222] Bastante instavel, nao sei se o problema e o aplicativo ou a rede
OK [low_app_3_com_223] Pq n√£o adiciona essa fun√ß√£o no APP minha net? Pra que outro aplicativo?
OK [low_app_3_com_224] Tem que melhorar muito pra ficar horr√≠vel! N√£o conecta nunca!
OK [low_app_3_com_225] Nunca funciona
OK [low_app_3_com_226] N√£o consigo efetuar a compra pelo pr√© pago e o app s√≥ serve para clientes.
OK [low_app_3_com_227] Horr√≠vel. N√£o funciona. N√£o conecta. Sou cliente NET, uso servi√ßo Wi-Fi das ruas em BH, SP e RJ. Mas pelo aplicativo simplesmente n√£o funciona
OK [low_app_3_com_228] N√£o funciona. S√≥ d√° erro na valida√ß√£o do login.
OK [low_app_3_com_229] Muda nada ter ou n√£o o app, embuste lotador de mem√≥ria
OK [low_app_3_com_230] N√£o‚Äã cadastra s√≥ d√° erro
OK [low_app_3_com_231] Demora muito para conectar e n√£o consigo conectar, n√£o vejo vantagem neste app
OK [low_app_3_com_232] N√£o conecta mais, mudaram a forma de autentica√ß√£o e esqueceram do aplicativo.
OK [low_app_3_com_233] Est√£o usando o cpf do meu marido com este aplicativo ,ele tentou se cadastrar com o cpf dele ,ele desconhece o email
cadastrado com o cpf dele ,por favor desenvolvedor ajudem a resolver isso por favor !
OK [low_app_3_com_234] Sou cliente mas n√£o conecta nem com app nem sem app. Fica s√≥ conectando e aguarde. Vou desinstalar.
OK[low_app_3_com_235] Nunca consegui entrar Somos cliente net h√° anos mas nunca conseguimos entrar. O aplicativo tem a mal√≠cia de quando vc esta
escrevendo a senha, a p√°gina atualiza pra p√°gina inicial e assim se torna imposs√≠vel o login. Teoricamente o servi√ßo √© cobrado, vc paga por ele,
mas na pr√°tica √© outra hist√≥ria.
OK [low_app_3_com_236] üí©ü§ñ
OK [low_app_3_com_237] N√£o conecta nada. O aplicativo e nada e a mesma coisa. Horr√≠vel s√≥ d√° erro. Sem o aplicativo conecta
OK [low_app_3_com_238] Fraqu√≠ssimo Sem utilidade, nota zero.
OK [low_app_3_com_239] N√£o vou entrar na discuss√£o que a maioria dos wifis n√£o funcionam, mas, esse app que teoricamente √© pra logar nos hotspots da net, √© in√∫til pois se vc for cliente da NET e tiver um cadastro no site, basta usar o seu usu√°rio e sua senha e logar pela pr√≥pria p√°gina do login do Wi-Fi. A √∫nica "utilidade" que encontrei nele √© para visualizar os hotspots mais pr√≥ximos, mas, nem sempre ele mostra corretamente os hotspots pr√≥ximos.
OK [low_app_3_com_240] N√£o conecta
OK [low_app_3_com_241] Horr√≠vel Apareceu a tal net wifi no meu modem.aqui. Pediu pra baixar e n√£o conecta. Conecta quando quer. Leva 2 anos pra funcionar e
ainda compartilha minha internet com quem eu n√£o quero.
OK [low_app_3_com_242] pessimo.... mesmo com login e senha diz que √© invalido... e outro celular com o mesmo login e senha conecta...
sempre da isso dai depois de tentar umas 10 vezes conecta. Um lixo de app
OK [low_app_3_com_243] Pe√ßam ajuda ao criador do aplicativo Oi, o app deles funciona perfeitamente, estou seriamente pensando em cancelar
a Netvirtua e ficar s√≥ com minha linha Oi
OK [low_app_3_com_244] Lento Tentei usar em dois aeroportos. √â lento demais! Melhor buscar pelo navegador.
OK [low_app_3_com_245] Imposs√≠vel fazer login o app n√£o est√° aceitando o @ no login
OK [low_app_3_com_246] N√£o gostei N√£o tem ponto de acesso em lugar nenhum
OK [low_app_3_com_249] Quando instalei uns tr√™s meses atr√°s ele conectava automaticamente quando encontrava rede, agora n√£o mais, s√≥ manual e olhe l√°....
OK [low_app_3_com_251] Ruim Ruim n√£o tem em Arraial do Cabo
OK [low_app_3_com_250] Tem sinal bom n√£o conectar
OK [low_app_3_com_247] Deveria ser igual o APP do oi WiFi fon...e deixar gratuito sobre a condi√ß√£o de ver propagandas na tela
OK [low_app_3_com_248] Arrumem isso antes conectava que era uma beleza agora n√£o conecta mais s√≥ fica obtendo endere√ßo do IP e nada
OK [low_app_3_com_252] Claro q n√£o presta!!!
OK [low_app_3_com_253] Funcionou conecta a rede sem muito problema o sinal fica est√°vel
OK [low_app_3_com_257] Instalei v√°rias vezes e n√£o abre j√° manda enviar relat√≥rio Que horror, instalei e desinstalei muitas vezes e em nenhuma,
se quer abriu o App, j√° fica enviar relat√≥rio. Pelo amor n√©! P√©ssimo, horr√≠vel.
OK [low_app_3_com_255] Simplesmente n√£o funciona.
[low_app_3_com_254] N√£o funciona, localiza a rede e tenta conectar, mas n√£o conecta. Al√©m de ter que esperar a propaganda
[low_app_3_com_256] Raramente funciona no Rio de Janeiro regi√£o de Jacarepagu√°
[low_app_3_com_258] Est√° longe de ser utiliz√°vel. √â mais simples buscar e fazer login manual do que usar o app
[low_app_3_com_259] N√£o funciona
[low_app_3_com_261] Fraco Sinal ruim
[low_app_3_com_260] Muito ruim! Funcipna quando quer e mesmo qdo vc est√° conectado √© lento e oscila muito.
[low_app_3_com_262] Dificilmente se consegue logar nas redes dispon√≠veis!
[low_app_3_com_263] O App √© lento, e depois que instalei s√≥ funcionou uns dias e agora n√£o conecta rede nenhuma da net Wi-Fi fica apenas dizendo dispon√≠vel atualizando mas n√£o conecta.
[low_app_3_com_264] o app nunca conecta e raramente a rede est√° dispon√≠vel. s√≥ mais lixo no celular.
[low_app_3_com_266] S√≥ aparece que "N√£o foi poss√≠vel efetuar sua autentica√ß√£o no momento, tente novamente."
OK [low_app_3_com_267] Horr√≠vel n√£o funciona uma bosta
[low_app_3_com_265] Quase n tem em Goi√¢nia
[low_app_3_com_268] Uma bosta n√£o conecta automaticamente mesmo estando configurado
[low_app_3_com_270] Sinal fraco, toda hora sai, toda hora tem que fazer login. Um custo.
[low_app_3_com_271] Dif√≠cil conectar a rede sozinho toda vez tem que colocar login e senha
OK [low_app_3_com_269] Uma bosta
[low_app_3_com_272] N√£o conecta da erro de autentica√ß√£o liguei na central e eles n√£o sabem resolver o problema...
[low_app_3_com_274] Acabei de baixar. E mesmo o sinal da #NET-CLARO-WIFI estando bom, n√£o conecta.
[low_app_3_com_273] Propaganda enganosa! !!!
[low_app_3_com_275] Ruim At√© conectava, mas agora s√≥ d√° conflito de IP
[low_app_3_com_276] N√£o conecta. O app encontra a rede e depois diz "houve mudan√ßa na rede aguarde" e fica apenas nisso.
[low_app_3_com_277] Em Mogi das cruzes n√£o funciona uma basta
[low_app_3_com_278] Quero saber como desabilita essa rede netclarowifi do meu modem Net.
[low_app_3_com_279] Vc paga, paga... E as redes nunca funcionam... Sempre atualizaram a rede mas nunca funciona
[low_app_3_com_280] Para esse aplicativo ficar ruim ... Ele precisa melhorar muito !!!
[low_app_3_com_281] Ainda bem que tenho Oi-Wifi que funciona. E olha que minha banda √© s√≥ de 1Mb. Na Net s√£o 60Mb. Propaganda enganosa.
[low_app_3_com_282] P√©ssimo esse app. Precisa ficar reconectando a cada 5min. Rid√≠culo dar isso como solu√ß√£o de conex√£o para os usu√°rios.
OK [low_app_3_com_283] Mentira. Nunca tem sinal.
[low_app_3_com_284] Nunca funcionou.
OK [low_app_3_com_285] N√£o entendo como tem internet mais n√£o tem conex√£o, servi√ßo burro!!!
OK [low_app_3_com_286] N√£o conecta, muito ruim
[low_app_3_com_288] Uma MERDA. √â o.pior aplicativo que j√° instalei desde a era do in√≠cio dos APPs. N√£o acessa a rede, nem se estiver em baixo da torre de transmiss√£o. N√ÉO INSTALEM, √© perda de tempo.
[low_app_3_com_287] Wifi Perda de tempo, a cidade n√£o tem pontos de Wi-Fi da Net para seus assinantes. Propaganda enganosa.
[low_app_3_com_289] N√ÉO FUNCIONA! S√≥ funciona quando estou na cobertura do meu wifi da NET, na rua nunca, mesmo tendo pontos de acesso!
[low_app_3_com_290] O meu celular nao eh compativel com o aplicativo. Entao eles mandam usar o claro wifi 2. Mas nao sei como fazer isso.... ja pesqiisei bastante. Meu net eh de 10 megas.
[low_app_3_com_291] Lixo de aplicativo
OK [low_app_3_com_292] N√£o conectar da erro
[low_app_3_com_293] Mesmo em √°rea com acesso de v√°rios pontos, o wi fi oscila muito e acaba n√£o conectando e n√£o funcionando corretamente, no come√ßo funcionava com excel√™ncia, agora n√£o mais.
[low_app_3_com_294] App funciona. Mostra o mapa dos pontos de acesso. Mas sendo app oficial NAO DEVERIA conter varias propagandas!
[low_app_3_com_296] Simplismente n√£o funciona.
[low_app_3_com_295] N√£o consigo conectar, fica com um ponto de exclama√ß√£o.
[low_app_3_com_297] N√£o conecta nem mesmo onde o sinal √© forte.
[low_app_3_com_298] Mesmo com sinal o aplicativo n√£o autentica o usu√°rio de forma autom√°tica/transparente, tornando-se al√©m de in√∫til, um consumidor da bateria do celular. Lament√°vel um provedor desse tamanho com seguir oferecer um app t√£o ruim assim.
[low_app_3_com_299]
OK [low_app_3_com_300] N√£o aut√™ntica autom√°tico
[low_app_3_com_301] N√£o consigo conectar em nenhuma rede dispon√≠vel
[low_app_3_com_302] Arrumem isso antes conectava que era uma beleza agora n√£o conecta mais s√≥ fica obtendo endere√ßo do IP e nada
[low_app_3_com_304] N√£o conecta nem diz o erro
[low_app_3_com_303] Cheio de bugs, p√©ssima conectividade, n√£o faz bem aquilo que se prop√µe. Tem que melhorar muito para come√ßar a ficar bom.
[low_app_3_com_305] Simplesmente n√£o funciona. Detecta a rede mas n√£o conecta. Por fora do aplicativo conecta normalmente.
[low_app_3_com_306] Horr√≠vel
[low_app_3_com_308]
[low_app_3_com_307] P√©ssimo!!!!!!!! ! Um dos piores servi√ßos da net! Em alguns locais leva horas pra conectar, mesmo que haja sinal!!!
[low_app_3_com_310] Nao autentica automaticamente.... Nao funciona... So toma espa√ßo... Esse app √© uma m*rda..
[low_app_3_com_309] Aparece status de conectado., por√©m n√£o abre nada.
[low_app_3_com_312] Lixo.
[low_app_3_com_311] Pe√ßam ajuda ao criador do aplicativo Oi, o app deles funciona perfeitamente, estou seriamente pensando em cancelar a Netvirtua e ficar s√≥ com minha linha Oi
[low_app_3_com_314] N√£o funciona ... Sempre estou em lugar com sinal mas n√£o conecta de jeito nenhum!! Reflete o sistema da claro e Net... Horr√≠vel!!
OK [low_app_3_com_313] N√£o conecta
OK [low_app_3_com_316] N√£o conecta nunca. Horr√≠vel.
OK [low_app_3_com_315] N√£o executa o cadastro
OK [low_app_3_com_318] O app n√£o cumpre o que fala. Sou cliente NET e n√£o consigo me logar pelo app. Mensagens de erro √© o que aparecem na tela do celular. O aparelho encontra o sinal d√° NET e n√£o consegue logar.
[low_app_3_com_317]
OK [low_app_3_com_319] Bosta So caia a internet toda hora e demora para conectar denovo.
OK [low_app_3_com_322] N√£o consigo usar
OK [low_app_3_com_320] √â bom quando conecta, isso se conseguir conectar.
OK [low_app_3_com_321] Das poucas vezes que conecta, n√£o autentica
