[##]Imposs√≠vel contratar/mudar de pacote sempre d√° erro, disseram que se eu passasse a fatura para digital ganharia 500 Mb de Internet e nunca vi essa internet podiam ao menos melhor a conecx√£o do aplicativo
[##]Depois da atualiza√ß√£o n√£o tem op√ß√£o de envio de c√≥digo de barras por SMS, ou simples op√ß√£o para copiar, todas as op√ß√µes selecionadas como exemplo troca de plano e troca de aparelho aparece "ops" identificamos que seu cadastro est√° incompleto, preencha os campos solicitados, ai voc√™ clica em OK, ‚Ä¶Resenha completaDepois da atualiza√ß√£o n√£o tem op√ß√£o de envio de c√≥digo de barras por SMS, ou simples op√ß√£o para copiar, todas as op√ß√µes selecionadas como exemplo troca de plano e troca de aparelho aparece "ops" identificamos que seu cadastro est√° incompleto, preencha os campos solicitados, ai voc√™ clica em OK, e volta a mesma mensagem, sem chance de atualizar o cadastro ou de consultar qualquer op√ß√£o!
[##]J√° tem uns 3 meses que n√£o consigo entrar no meu app. As vezes quero ver meu consumo da internet ou mesmo imprimir minha fatura e √© imposs√≠vel. Acho que est√° mais do que na hora de verificarem esse erro e corrigir. Pq √© um transtorno enorme ter que ir recorrer a uma loja para poder pegar a segunda v‚Ä¶Resenha completaJ√° tem uns 3 meses que n√£o consigo entrar no meu app. As vezes quero ver meu consumo da internet ou mesmo imprimir minha fatura e √© imposs√≠vel. Acho que est√° mais do que na hora de verificarem esse erro e corrigir. Pq √© um transtorno enorme ter que ir recorrer a uma loja para poder pegar a segunda via para pagamento.
[##]Era √≥timo, mas de umas semanas para c√°, n√£o consigo logar. Da um erro e diz pra tentar mais tarde, arrumem isso por favor.
[##]Simplesmente n√£o funciona. N√£o compartilha internet. S√≥ diz "tente mais tarde" n√£o consigo fazer nada com o aplicativo. O que est√° acontecendo Vivo?
[##]Ops. Algo deu errado tente mais tarde. Sempre esse erro bem "claro" e nunca consigo acessar!! V√£o resolver quando?
[##]Era bom, a√≠ atualizei e n√£o consigo ver mas nada, s√≥ fica aparecendo a mensagem, ops algo deu errado tente mais tarde...
[##]√© poss√≠vel enviar parte de seu plano de internet para outra pessoa? j√° no meu moto g4 plus a op√ß√£o n√£o aparece, des de setembro esperando consertarem isso!
[##]Horr√≠vel
[##]Depois de um tempo que usamos quando vai abrir fala que da erro at√© j√° decorei meu n√∫mero de tantas vezes que tentei
[##]Primeiros dias tudo bem depois tento entrar s√≥ da erro renovar a sess√£o ... precisa melhorar bastante esse App
[##]Vivo, por que est√° aparecendo 2 planos de 3 gigas no meu app. Sendo q eu cadastrei s√≥ uma vez
[##]Por favor gostaria que voc√™s entrasse em contato comigo,porque assinei um plano e ate agora ainda nao conseguir nada nem creditos e nem sms;e nem internet. Por favor se vou pagar vou precisa usar n√©!. Por favor verifique isso!!
[##]Poha eu comprei um cel octacore e ainda n√£o presta pra funcionar esse app de voc√™s, pelo amor de Deus n√©. Consertem essa poha. Pois se eu n√£o precisasse, n√£o estaria aqui reclamando
[##]O App ate que √© bom mas ,n√£o funciona n√£o consigo entra ,arrume isso uma empresa conceituada como a vivo pode cria um App melhor ,por favor
[##]Absolutamente in√∫til,j√° fiz instala√ß√£o e desinstala√ß√£o,e o problema persiste, total falta de compet√™ncia,mas isso √© para que n√£o possamos acompanhar os gastos que na maioria das vezes est√° grosseiramente exorbitante,vou ajuizar a√ß√£o de indeniza√ß√£o contra a operadora,li alguns coment√°rios e antes de ‚Ä¶Resenha completaAbsolutamente in√∫til,j√° fiz instala√ß√£o e desinstala√ß√£o,e o problema persiste, total falta de compet√™ncia,mas isso √© para que n√£o possamos acompanhar os gastos que na maioria das vezes est√° grosseiramente exorbitante,vou ajuizar a√ß√£o de indeniza√ß√£o contra a operadora,li alguns coment√°rios e antes de fazer meu coment√°rio,fiz todos os procedimentos sugeridos pelas respostas e n√£o adiantou, n√£o resolve, decep√ß√£o
[##]Esta operadora esta cada dia pior, n consigo logar no aplicativo sem contar q ontem botei cr√©ditos e hj quando fui usar n tinha mais nada, quero saber como isso √© possivel se eu nem toquei no celular, isso vem acontecendo frequentemente, por favor vejam isso, os clientes sao a base de qualquer empre‚Ä¶Resenha completaEsta operadora esta cada dia pior, n consigo logar no aplicativo sem contar q ontem botei cr√©ditos e hj quando fui usar n tinha mais nada, quero saber como isso √© possivel se eu nem toquei no celular, isso vem acontecendo frequentemente, por favor vejam isso, os clientes sao a base de qualquer empresa e se n sao bem tratados eles se vao
[##]N√£o d√° pra dar mais que duas estrelas, j√° que o aplicativo n√£o obedece aos comandos e diz que n√£o tenho promo√ß√£o ativa sendo que pago 15 reais por semana pra ter a promo√ß√£o vivo turbo. Tem miito ainda pra melhorar, e por ser um app desenvolvido pra uma empresa conceituada como a vivo isso deveria se‚Ä¶Resenha completaN√£o d√° pra dar mais que duas estrelas, j√° que o aplicativo n√£o obedece aos comandos e diz que n√£o tenho promo√ß√£o ativa sendo que pago 15 reais por semana pra ter a promo√ß√£o vivo turbo. Tem miito ainda pra melhorar, e por ser um app desenvolvido pra uma empresa conceituada como a vivo isso deveria ser visto com urg√™ncia.
[##]P√©ssimo √© pouco! Tem 2 dias que estou tentando mudar meu plano de boleto para cart√£o e n√£o consigo!!!! Quando ligo na central dizem q s√≥ pode ser mudado via aplicativo. P√©ssimo, p√©ssimo, p√©ssimo!!!
[##]Lixo n√£o funciona j√° t√¥ a quase um m√™s sem consegui abri o aplicativo v√≥ desinstalar s√≥ pesa mem√≥ria atoa
[##]Este aplicativo somente funciona com a cantora baiana. No meu caso n√£o compartilha internet nem a pr√≥pria operadora VIVO sabe informar o motivo ou resolver o problema.
[##]Nova atualiza√ß√£o ta pugada n√£o consigo mais fazer nada fica dando erro por favor arrumem isso
[##]Ta p√©ssimo esse app.. ja usei, e funcionava normal, agora vive dando erro e n√£o consigo entrar, fica no "Bem vindo" carregando e da erro! Vivo decadente!
[##]E quando contratei o pacote, de imediato ja levaram 27% dele. Vou registrar ocorr√™ncia na Anatel. Isso n√£o pode ficar assim!
[##]Algumas fun√ß√µes do aplicativo d√£o erro. Recebo uma mensagem que o site est√° com problemas, mais passa semanas e este problema continua. A √°rea de comprar aparelhos tamb√©m n√£o abre. J√° desinstalei e instalei o aplicativo √© continuam os erros. Obrigado
[##]Pior aplicativo instalado da minha vida, s√≥ gastei tempo instalando essa po**, UI cara VC se loga no "APP" e fala que n√£o foi poss√≠vel logar no APP e fala p se logar de novo, VC se liga e fala a mesma mer** UI que saco, obrigada, estarei desinstalandoüôÑüôÑüôÑüôÑüôÑüôÑ vcs precisam melhorar essa coisa
[##]quero falar com o atende e n√£o consigo resolver o meu problema pois j√° fui pra loja mais pr√≥xima da minha casa e nada foi resolvido e nem o aplicativo me ajuda a resolver o meu problema ent√£o vou cancelar o chip pois n√£o h√° atendimento digno
[##]S√≥ funciona no Wi-Fi e cada vez pior trava o tempo todo, uma pena a vers√£o antiga funcionava muito bem mas piorou totalmente
[##]Depois da √∫ltima atualiza√ß√£o n√£o mostra o consumo de internet. T√° sempre 0% utilizado. Se acabar vou ter direito de reclamar, j√° que n√£o sei a utiliza√ß√£o?fora que n√£o gasta Internet, desde que tenha Internet!
[##]De uma semana para outra meu pacote de internet come√ßou a ser consumido rapidamente e n√£o consigo acessar o App pra tentar ver o que est√° acontecendo, s√≥ da falha
[##]Muito ruim toda hora fica dando ero e toda vez que vou entrar nele tem que fazer tudo di novo.
[##]Eu n√£o to conseguindo entra mas no aplicativo, n√£o sei oq ouve que do nada ficou assim e j√° faz quase um m√™s esse problema! Gostaria de consultar minha conta do meu vivo movel agora n√£o da mas, antes eu conseguia! Por favor ageite isso pq assim n√£o dar. Gostaria muito de uma resposta que relate o pr‚Ä¶Resenha completaEu n√£o to conseguindo entra mas no aplicativo, n√£o sei oq ouve que do nada ficou assim e j√° faz quase um m√™s esse problema! Gostaria de consultar minha conta do meu vivo movel agora n√£o da mas, antes eu conseguia! Por favor ageite isso pq assim n√£o dar. Gostaria muito de uma resposta que relate o problema. Pq eu preciso do aplicativo.
[##]O APP n√£o reconhece o n√∫mero quando quero entrar novamente, sempre tenho que ficar fazendo um novo login
[##]Esse App estava muito bom, mas agora est√° p√©ssimo nem consigo entrar no aplicativo sempre dar erro. E pior toda vez tem que cadrastar. Seria melhor se entrasse uma vez e j√° ficasse conectado neh? Nessas √∫ltimas atualiza√ß√µes a minha nota e 0,0 quando vcs melhorem voltarei pra agradecer...
[##]Aplicativo da erro toda vez, ent√£o pede pra fazer login novamente. Sempre que vou usar tenho que refazer login
[##]N√£o consigo entrar nem com o meu telefone e com o meu CPF, a p√°gina s√≥ fica carregando e d√° um erro..."ops algo deu errado", errado √© voc√™s n√£o facilitarem a vida do usu√°rio, se eu instalo o aplicativo √© para n√£o falar com pessoas. Se nem coisas simples e b√°sicas o aplicativo presta para que est√° no‚Ä¶Resenha completaN√£o consigo entrar nem com o meu telefone e com o meu CPF, a p√°gina s√≥ fica carregando e d√° um erro..."ops algo deu errado", errado √© voc√™s n√£o facilitarem a vida do usu√°rio, se eu instalo o aplicativo √© para n√£o falar com pessoas. Se nem coisas simples e b√°sicas o aplicativo presta para que est√° no ar? Obrigada por n√£o ajudarem.
[##]MELHOREM A QUALIDADE, ESTABILIDADE DE CONEX√ÉO DO H+ S√ì COLOCO CR√âDITO PRA JOGAR, JOGOS PRECISAM DE MS(PING) BAIXO.
[##]App fica frequentemente fora do ar! Do que adianta mencionar que o app n√£o utiliza dados se tem q ter internet pra ver uma simples fatura? Propaganda enganosa! Estou querendo obter o c√≥digo de barras para pagar e n√£o consigo. N√£o recomendo enquanto n√£o corrigirem!
[##]Esse App demora muito para acessar a nossa conta √© demora muito para atualizar as informa√ß√µes do plano na linha vcs tem que melhorar muito ainda esse App gente
[##]Fiz um plano no valor de 29,90 e agora me dizem que a fatura √© de 32,99. Isso √© muita falta de respeito com o cliente, o plano √© √≥timo e n√£o vou cancelar por isso mais o que me chateia √© n√£o manterem a palavra de voc√™s.
[##]Ta bugado, dizendo que utilizei 0% sendo que j√° utilizei muito mais que isso
[##]Que √© isso que t√° acontecendo? N√£o consigo entrar no App sempre da dando erro ao entrar. Sou plano p√≥s e tudo certo com minha linha, √© sacanagem que est√£o fazendo com o consumidor.
[##]N√£o costumo reclamar dos aplicativos, sempre tento ver o lado positivo sobre algo que uso, mas esse aqui sem brincadeira, funciona muito mal (quando ainda funciona, que n√£o √© sempre) desde o dia que instalei, √© uma experi√™ncia decepcionante de um servi√ßo que √© t√£o importante para o usu√°rio.
[##]Era um App bom, mas agora nem se quer consigo acessar. Desinstalei e baixei novamente, mas n√£o funciona. √â revoltante essa situa√ß√£o. #PropagandaEnganosa
[##]Foi s√≥ elogiar o aplicativo que voltou a ser como a operadora VIVO ! N√£o funciona!Toda vez pede c√≥digo de acesso! Lento ou seja invi√°vel usar a operadora e o aplicativo! Ou seja n√£o percam tempo e dinheiro tamb√©m!!
[##]N√£o t√¥ conseguindo acessar J√° botei n√∫mero de telefone tudo direitinho e-mail e n√£o t√¥ conseguindo por favor me ajude a√≠
[##]N√£o consigo abrir a 3 semanas depois que baixei Achei interessante mais n abre no meu celular J7prime
[##]P√©ssimo n√£o cumpre o que promete....n√£o loga em nenhum momento reenvia v√°rias vezes o c√≥digo e da erro ao tentar logar. Est√° sendo in√∫til.
[##]N√£o entra mais arrumem isso.
[##]Estou tentando entrar no Vivo fixo e cai no vivo m√≥vel assim fica dif√≠cil
[##]Horrivel cada vez que acesso os dados entrando com o n√∫mero e enviam o c√≥digo pra navegar da algum erro e raridade conseguir na primeira por isso √© horr√≠vel p√©ssimo
[##]LIXO, voc√™ cancela o pacote mas continua cobrando, e a mensagem de confirma√ß√£o demora at√© dias, ruim igual todo o lixo qie a vivo sucata faz.
[##]N√£o consigo entrar no meu vivo Nem com meu cpf,email e nem com o n√∫mero esse aplicativo depois da atualiza√ß√£o piorou
[##]N√£o consigo entrar para compartilhar net com os amigos da sempre erro ao logar ou renovar a sess√£o consertem isso por favor vivo
[##]N√£o est√° entrando no app quando estou usando a net da vivo. Agora se estou conectada a outra rede movel ele abre. ü§î
[##]N√£o consigo acessar consumo, conta e nem saldo, fica tudo branco e n√£o da pra acessar
[##]Al√©m de ter o pior atendimento por telefone agora tem o pior APP de consulta
[##]J√° fazem 4 dias que tento entrar no app e n√£o consigo! J√° desinstalei e instalei v√°rias vezes e at√© agora nada. O app me desconectou sozinho depois deu receber uma mensagem dizendo que tinha acabado "meus b√¥nus". Depois disso n√£o consigo entrar no app. MUITO ESTRANHO
[##]Horr√≠vel! O App demora um s√©culo pra logar, sendo que temos que digitar v√°rias vezes o nosso n√∫mero e a senha que eles enviam por SMS. Na maioria das vezes perco a paci√™ncia. Vamos melhorar isso a√≠, pois est√° horr√≠vel.
[##]Baixei o aplicativo pq o site nunca funciona e adivinha? O aplicativo tb diz: tente mais tarde. E por telefone se ouve uma missa antes de falar com atendente
[##]S√≥ conecta no wifi e √© uma dificuldade para entrar, antes n√£o funcionava com meu numero, s√≥ com o CPF, e agora nem com o CPF quer entrar. Ajeitem isso!
[##]P√©ssimo aplicativo, s√≥ diz que meu n√∫mero n√£o √© da vivo mesmo o aplicativo preenchendo automaticamente o c√≥digo que eles mandam para o meu n√∫mero!
[##]Foi paga fatura do mes de dezembro vcs nao manda a minha conta q ja foi ligada ai pra vim.a fatura q e melhor pra paga ai nada at√© agora pago pelo codido ai c nao consta pagamento e problema de vcs eu paguei a culpa e de vcs a tempo foi ligado pra manda a fatura na minha casa ai ligam cobrando haa‚Ä¶Resenha completaFoi paga fatura do mes de dezembro vcs nao manda a minha conta q ja foi ligada ai pra vim.a fatura q e melhor pra paga ai nada at√© agora pago pelo codido ai c nao consta pagamento e problema de vcs eu paguei a culpa e de vcs a tempo foi ligado pra manda a fatura na minha casa ai ligam cobrando haaa pela mor de deus n√©
[##]O wapp n√£o abre n√£o consigo acessar minha conta nem ver muito ruim demais e preciso melhorar muito a Internet desse app e muito lenta demais n√£o funciona a vivo operadora de Internet fiz um plano controle de 3 gigas de Internet recebi 500 MB de Internet e o √†s 2,5 Gigas a vivo comeu sumiu e fiqu‚Ä¶Resenha completaO wapp n√£o abre n√£o consigo acessar minha conta nem ver muito ruim demais e preciso melhorar muito a Internet desse app e muito lenta demais n√£o funciona a vivo operadora de Internet fiz um plano controle de 3 gigas de Internet recebi 500 MB de Internet e o √†s 2,5 Gigas a vivo comeu sumiu e fiquei a ver navios quando ligei pra ouvidoria da vivo me informaram que eu tinha consumido os 3 Gigas de Internet em 7 dias n√£o recomendo a vivo pra ningu√©m √© s√≥ bucha quem procura a Internet da vivo procura problemas pois a operadora n√£o cumpre com o acordo firmado entre o cliente e a operadora vivo n√£o indico a Internet da vivo pra ningu√©m√© s√≥ problemas e Bucha
[##]Fala que √© de gra√ßa acaba a internet e n√£o abre mais s√≥ sabem roubar os credito coloca 15 reais desconta coisas que nem e pra descontar a melhor operadora da Tim nao tem muita frescura
[##]Cansada das promessas da operadora de buscar melhorias para satisfa√ß√£o do cliente. No meu conceito a vivo no geral (aplicativo, atendimento, planos) est√° deixando a desejar, est√° p√©ssima. N√£o consigo acessar o App meu vivo e nem usar os benef√≠cios que est√£o inclu√≠dos no meu plano. Solu√ß√£o pra buscar‚Ä¶Resenha completaCansada das promessas da operadora de buscar melhorias para satisfa√ß√£o do cliente. No meu conceito a vivo no geral (aplicativo, atendimento, planos) est√° deixando a desejar, est√° p√©ssima. N√£o consigo acessar o App meu vivo e nem usar os benef√≠cios que est√£o inclu√≠dos no meu plano. Solu√ß√£o pra buscar melhorias " mudar pro concorrente"
[##]Eh muito ruim esse app, vc instala ele no cel a√≠ vc entra com seu dados ok, mas quando vc sai dele √© entra um pr√≥xima vez a√≠ q come√ßa a historia tido se novo tem q vim outro novo c√≥digo e sem contar q ele demora muito pra entrar fica rodando muito tempo. N√£o parece q eu j√° tenho o app no meu cel tod‚Ä¶Resenha completaEh muito ruim esse app, vc instala ele no cel a√≠ vc entra com seu dados ok, mas quando vc sai dele √© entra um pr√≥xima vez a√≠ q come√ßa a historia tido se novo tem q vim outro novo c√≥digo e sem contar q ele demora muito pra entrar fica rodando muito tempo. N√£o parece q eu j√° tenho o app no meu cel toda vez eh o mesmo procedimento.
[##]Depois da atualiza√ß√£o s√≥ acesso √†s informa√ß√µes referentes ao vivo m√≥vel internet. N√£o consigo acesso ao vivo m√≥vel celular que conseguia antes porque √© outro n√∫mero mas o CPF √© o mesmo
[##]Depois da √∫ltima atualiza√ß√£o s√≥ d√° erro ao entrar. Sem contar que,antes, toda hora que ia fazer o login tinha que colocar o n√∫mero, esperar chegar msg..... Pessimo app
[##]n√£o gostei. Quando sua conta √© paga o sistema demora um temp√£o para aparecer ESCRITO que a mesma foi paga...
[##]T√° muito ruim, √© lenta em responder algumas informa√ß√µes, √© toda hora pedi para atualizar quando entra no aplicativo, e quando pede o c√≥digo demora de mais para enviar
[##]Muito ruim n√£o consigo fazer nada no aplicativo
[##]P√©ssimo , nunca consegui logar desde de que baixei esse aplicativo. Desistalando imediatamente. A quem possa interessar n√£o perca nem tempo baixando esse app.
[##]Depois da ultima atualiza√ß√£o, nao consigo mais ver o meu consumo, contas e etc.. da erro na tela, arrumem isso.
[##]√â simplesmente imposs√≠vel acessar o aplicativo. Estou h√° dias tentando faz√™-lo e nada... Isso sem falar da internet intermitente da operadora...
[##]T√° dando erro!!!! Demora pra abrir e qdo. abre n√£o consigo ver troca de aparelho. Diz atualizar cadastro e qdo. clico pra atualizar diz erro
[##]Informa√ß√µes n√£o aparecem,aparentemente n√£o tenho internet, mas a mensagem de texto diz que minha internet mensal e o b√¥nus da conta digital j√° entraram desde ontem
[##]Primeira vez entro f√°cil, depois s√≥ da erro erro e erro de novo, n√£o entra mais, eu coloco o n√∫mero ai confirma o c√≥digo e da erro toda hora vo desistala de novo se n√£o melhora porque ta aqui s√≥ pra ocupa mem√≥ria
[##]Esse APP esta cada vez pior agente tenta entrar mais s√≥ da erro arrumem isso por favor
[##]O app e Uma Bosta Vey N√£o Presta Pra entra toda vez fica dando erro affs a vivo n√£o presta nem pra fazer app por**
[##]Horr√≠vel, tem uma semana que estou tentando entrar no aplicativo e nao consigo. Arrempendi porque instalei ocupei espa√ßo no meu celular atoa. üò°üò°üò°
[##]Pior operadora. Se o atendente n√£o gostar de vc ele faz o que fez comigo. Cancela sua linha e seus cr√©ditos somem. Simplesmente assim!!
[##]Parou de funcionar, clicar no compartimento de internet desloga da conta, n√£o carrega o resto das fun√ß√µes.
[##]Esse app n√£o da a op√ß√£o de voltar para um plano mais barato. Voc√™ liga na central passa mais de hora e ningu√©m atende.
[##]Demora p fazer o login no aplicativo, n√£o salva os dados na hora de abrir o aplicativo e sempre pede p fazer o login novamente, isso quando nao est√° indispon√≠vel. Tamb√©m demora atuaizaros dados do pacote de internet as vezes, fica desatualizado 4 dias.
[##]Nem useei isso aqui. Mas vou amar deixar aqui. Que Minh fatura todo m√™s aumenta 20 centavos. Vcs acham que eu n√£o t√¥ vendo. Imundos era 49,00 ja to pagando 57
[##]Entro no App para consultar meu consumo de dados e fica aparecendo "n√£o foi poss√≠vel atualizar suas informa√ß√µes". J√° faz um bom tempo que t√° assim, deste jeito fica dif√≠cil
[##]O aplicativo √© muuuuuuito lento, muito devagar pra abrir e carregar as op√ß√µes. Deveria n√£o precisar de internet para acessar.
[##]Antes, todas as linhas em um s√≥ aplicativo. Agora, s√≥ uma linha.
[##]Dando muito erro na hora de logar, n√£o abre de jeito nenhum. Deveria ter um login permanente no telefone do usu√°rio. Se melhorar, melhoro as estrelas rsrs. Abra√ßo
[##]Pq n√£o consigo abrir o App pra compartilhar Internet. T√° horr√≠vel dar erro toda hora. T√¥ precisando usar ele
[##]N√£o aparece mais a op√ß√£o de compartilhar internet no meu app! Gostaria que isso fosse resolvido o quanto antes pois esse servi√ßo √© muito √∫til no meu dia a dia! Aguardo retorno!
[##]Vivo eu baixei o app de voc√™s e quando fui ver ele havia botado uma promo√ß√£o de 100mb sem eu ter pedido discontou 1,50 no meus cr√©ditos por favor resolvam esse problema
[##]O aplicativo simplesmente n√£o faz login mais. Da erro toda vez.
[##]N√£o consigo cancelar, trocar, comprar planos. Aplicativo que s√≥ serve pra ver quanto falta de internet e o saldo, porque qualquer coisa q eu tente fazer da error 500
[##]O galera da vivo , o app agora so fica aparecendo a msg que "algo deu errado", olha ai pra gente , ta osso viu!!
[##]No come√ßo funcionava perfeitamente... Depois come√ßou a dar uns bugs, tinha que cadastrar a o n√∫mero toda vez que entrava, acabei desinstalando, agora voltei e vejo que os problemas continuam. Uma pena hj estou muito insatisfeita.
[##]Sinceramente...√© a primeira vez que estou usando o App e n√£o consigo acessa-lo! Espero que melhorem seu modo de se comunicar com os consumidores, porque dete modo n√£o est√° dando certo.
[##]Esse aplicativo ta um lixo √± carrega nada vive dando error assim fica dif√≠cil manter-se com a vivo √± prestam um auxilio. Toda hora que va logar da erro ao logar ou reiniciar sess√£o
[##]Sempre que entro ele simplesmente sai do app e faz novamente todo o procedimento de mandar um c√≥digo no celular pra ativar seu numero no app e bla bla bla.. Isso √© irritante e sem sentido!!!! Arrume isso por favor
[##]Esta operadora esta cada dia pior, n consigo logar no aplicativo sem contar q ontem botei cr√©ditos e hj quando fui usar n tinha mais nada, quero saber como isso √© possivel se eu nem toquei no celular, isso vem acontecendo frequentemente, por favor vejam isso, os clientes sao a base de qualquer empre‚Ä¶Resenha completaEsta operadora esta cada dia pior, n consigo logar no aplicativo sem contar q ontem botei cr√©ditos e hj quando fui usar n tinha mais nada, quero saber como isso √© possivel se eu nem toquei no celular, isso vem acontecendo frequentemente, por favor vejam isso, os clientes sao a base de qualquer empresa e se n sao bem tratados eles se vao
[##]N√£o faz login, antes a atualiza√ß√£o tv at√© bom mas ficou p√©ssimo E o problema persiste .
[##]Ap√≥s a atualiza√ß√£o, n√£o mostra mais o consumo de internet. O mesmo se mant√©m em zero nas duas linhas que possuo. Isso j√° fazem 2 semanas e de bastante uso na rede 4g.
[##]N√£o tem como ativar o pagamento de d√©bito em conta pelo app. N√£o pode ativa pacotes de internet do vivo valorize. Quando que vcs v√£o acerta isso.
[##]Bom
[##]Como pode eu contratar 2 gigas avulso no s√°bado e na segunda acabar sendo q n√£o usei pra nada nem v√≠deo eu olhei pq sei como √© ...isso t√° errado essa maneira d comer os dados m√≥veis
[##]ficou p√©ssimo... Lament√°vel...
[##]Pelo amor de deus, vcs v√£o fazer uma nova atualiza√ß√£o nessa jo√ßa neh ? Ficou p√©ssimo, porq eu fui inventa de atualizar isso. N√£o consigo ver o consumo de internet, n√£o consigo fazer recarga... lixo
[##]Simplesmente n√£o faz login pelo n√∫mero de celular, chega o c√≥digo autom√°tico e tudo mas depois aparece mensagem de erro... Cada vez ficando pior!
[##]N√£o estou conseguindo compartilhar Internet,toda vez que tento aparece que deu algo errado e tente mais tarde, aguardo solu√ß√£o.
[##]P√©ssimo; pesado at√© para um moto G4 consome dados m√≥veis sim, tanto que voc√™ n√£o consegue acessar se n√£o tiver internet m√≥vel ou se wi-fi. Acabei de utilizar como 20MB de velocidade no wi-fi e comportou-se com em internet discada, üò§
[##]Pensa num app bosta, vc tem que tentar mil vezes pra conseguir acessar mesmo na banda larga fixa.
[##]Era muito bom e agora diz que meu n√∫mero nem √© da vivo. Da pra voc√™s cuidarem dessa √∫ltima atualiza√ß√£o.
[##]Ap√≥s atualiza√ß√µes n√£o consigo entrar no App de forma alguma, nem via n√∫mero, nem via CPF e nem por e-mail, se precisar de algo tenho de entrar no site atrav√©s do navegador.
[##]Muito pouco interessante e quase nunca funciona corretamente. Quando quero logar tenho que fazer v√°rias tentativas mas nem sempre consigo, fica dando erro e volta tudo do come√ßo.
[##]Tir√° essa vers√£o nova por favor isso focou um lixo deixa como estava mexer de mais estraga assim como vc fizeram
[##]Gente, oque oque houve? O app era √≥timo agora s√≥ trava, mesmo com a internet boa ele disse que deu erro o que era pra ajudar os clientes s√≥ faz irritar, t√° p√©ssimo o app
[##]Bagun√ßa,toda vez que entro na loja pede para fazer cadastro, ar vou l√° e diz e-mail j√° cadastrado, ae pe√ßo senha diz que n√£o existe,Cansei,vou trocar 3 linhas para outra operadora!! Falta de respeito ao consumidor
[##]Lixo, toda vez pede de novo meu n√∫mero √© senha e quando eu quero mandar internet para algu√©m o lixo do app est√° em manuten√ß√£o!!!!!! A vivo est√° cada dia pior estou quase indo para a Claro
[##]Aplicativo in√∫til, preciso de ajuda com o atendimento manda baixar esse app e n√£o serve para nada, que empresa in√∫til mercen√°ria como as outras, nem pra can√ßelar a promo√ßao o app nao serve mais.
[##]Muito ruim esse app Voc√™s tem que melhorar, eu nunca consigo entrar e quando entro demora abrir. Fora que n√£o entendo ele direito, por favor melhore
[##]Como avaliar um app que n√£o loga! Entra o c√≥digo de seguran√ßa, mas n√£o carrega, nem consegui acessar o app! E a vivo n√£o atende, por SMS pedem pra baixar o app! COMO ESTABELECER UMA COMUNICA√á√ÉO???? üò°üò°üò°üò° SOLU√á√ÉO √â MUDAR DE OPERADORA!
[##]E BAIXEI NOVAMENTE VOU TESTAR!! N√ÉO TEM GEITO. PORISSO A NOTA BAIXA!! S√ì DAR ERRO. = Ops! ERRO RENOVAR SE√á√ÉO. OU TENTE NOVAMENTE... FA√áAM UM APLICATIVO QUE FUNCIONE OK? MESMO QUE A NET ESTEJA LENTA. OU ENT√ÉO RETIRA DE VEZ POR TODAS.
[##]Percebi pelos coment√°rios que todo mundo ta tendo o mesmo problema que eu, tento logar no app, recebo o c√≥digo, mas n√£o loga e pede para tentar mais tarde! A√≠ galera da Vivo, o app tava √≥timo,mas n√£o sei o que voc√™s fizeram,mas estou tendo que desinstalar e instalar novamente
[##]Ja faz mais de dois meses que eu n√£o consigo entrar na minha conta, nesse aparelho, so da mensagem de erro. ARRUMEM
[##]N√£o cumpre com que fala! N√£o d√° pra comprar pacotes e ainda na maioria das vezes quando voc√™ vai acessar j√° estando cadastrado, pede o n√∫mero √© ainda assim n√£o acessa! Da erro!
[##]Est√° mais lento...
[##]Olha n√£o consigo entrar no app e quando entra aparece todo quebrado, sem formata√ß√£o, vou fazer portabilidade para a Nextel, chama algu√©m de l√° para fazer um app decente. N√£o √© a toa que a Nextel tem o app com melhor nota na loja do Google.
[##]Esse aplicativo √© muito ruim n√£o abre sempre diz que algo deu errado. Retiro o aplicativo e instalo novamente e, volta sempre com o mesmo problema. Fa√ßam alguma coisa por gentileza.
[##]N√£o t√¥ conseguindo acessar J√° botei n√∫mero de telefone tudo direitinho e-mail e n√£o t√¥ conseguindo por favor me ajude a√≠
[##]P√©ssimo √© pouco! Tem 2 dias que estou tentando mudar meu plano de boleto para cart√£o e n√£o consigo!!!! Quando ligo na central dizem q s√≥ pode ser mudado via aplicativo. P√©ssimo, p√©ssimo, p√©ssimo!!!
[##]Pq n√£o consigo recarregar s√≥ diz cliente cancelado a 30 dias?
[##]To na d√∫vida,dizem que n√£o gasta meus dados mas tentei abri sem internet n√£o consegui.E depois n√£o consegui registra meu n√∫mero no app.O que fazer nessa situa√ß√£o??
[##]A internet da vivo e t√£o ruim que nem seu pr√≥prio app abre. Eu preciso estar logado num wi-fi pra conseguir acesso ao app por isso estou cancelando meu plano controle da vivo.
[##]Muito ruim, maior dificuldade pra entrar, tem que por o n√∫mero toda vez e depois de mt espera e tentativas ainda da erro.
[##]Estou tentando mudar de plano. Maa o app ta dando erro e nao estar mudando. Por favor consertem isso!
[##]N√£o funciona, mensagem de erro toda vez que tento acesso. Precisa sim estar conectado a internet para usar o aplicativo! Tentando a dias renovar meu plano e sem sucesso üëéüèæüëéüèæ.
[##]P√©ssimo . esse app nunca abre .. Sempre dar erro e fala pra gente abrir mais tarde .E cada vez mais s√≥ piora.
[##]quero falar com o atende e n√£o consigo resolver o meu problema pois j√° fui pra loja mais pr√≥xima da minha casa e nada foi resolvido e nem o aplicativo me ajuda a resolver o meu problema ent√£o vou cancelar o chip pois n√£o h√° atendimento digno
[##]J√° faz mais de 2 meses que n√£o consigo mais compartilhar internet. E pela demora para logar, muito chato. Entre outros problemas.
[##]Vivo sempre deixando a desejar. Imposs√≠vel fazer a troca do plano controle, tanto pelo telefone quando por esse aplicativo que n√£o ajuda em nada e n√£o tem nada de novo.
[##]Aplicativo in√∫til, s√≥ da erro na hora de ver o extrato e mais informa√ß√µes, baixei para ver pois mibha Internet √© cobrada mesmo sem que eu ative os dados, essa operadora est√° pior que a minha anterior Tim
[##]Depois da √∫ltima atualiza√ß√£o, piorou 100% √© raro o dia que consigo abrir o app. Al√©m de ser demorado a abertura do mesmo.
[##]Pior aplicativo da telefonia brasileira, quase nunca funciona, e pra piorar quando pedimos detalhes de saldo e dados por sms enviam um sms pedindo pra baixar o app, mas como vou usar se ele n√£o funciona? Vivo lixo...
[##]Ta Horrivel, tem duas semanas que tento logar mas da erro, desinstalei e instalei novamente mas estar mesma coisa
[##]Sem acesso desde a atualiza√ß√£o. Diz que n√£o √© um Vivo Movel!
[##]N√£o consigo compartilhar Internet com amigos desde que baixei o app nunca consegui s√≥ diz pra tentar mais tarde.
[##]Nao aparece nada no menu. Esta travando o app. Ou apenas uma tela azull. Ficou pessimo.
[##]Baixei e n√£o consigo acessar. Aparece a mensagem que minha linha n√£o √© compat√≠vel com o APP. J√° encaminhei e-mail e at√© agora n√£o tive resposta.
[##]J√° foi bom... Tento compartilhar internet e n√£o consigo... Propaganda enganosa... ViVo n√£o morre n√£o t√°? Arrumem isso ou n√£o coloquem um servi√ßo que n√£o tenham condi√ß√µes de manter.
[##]N√£o consigo compartilhar internet cada vez o aplicativo manda antecipar cr√©dito. Resumindo gastei um monte estou com 16 GB que n√£o consigo compartilhar. Preju√≠zo! N√£o usem! Continuo sem conseguir compartilhar a internet , como solicitado j√° enviei o e-mail e nada aconteceu!
[##]P√©ssimo aplicativo, fiz altera√ß√£o do meu plano por ele e o valor foi descontado 2 vezes, liguei na vivo para reclamar e eles me disseram que eu havia feito a antecipa√ß√£o da promo√ß√£o sendo que apenas a alterei e n√£o devolveram o valor....essa vivo √© uma vergonha
[##]O app tem fun√ß√µes √≥timas. Mas para conseguir fazer loguin √© terrivel! Estou tentando h√° dias entrar usando n√∫mero de telefone, email ou cpf... Todos eles apresentam erro tente mais tarde!
[##]Depois da √∫ltima atualiza√ß√£o n√£o mostra o consumo de internet. T√° sempre 0% utilizado. Se acabar vou ter direito de reclamar, j√° que n√£o sei a utiliza√ß√£o?fora que n√£o gasta Internet, desde que tenha Internet!
[##]N√£o consigo fazer nada com esse aplicativo pq esta dando erro logo na hora de logar pois n√£o carrega! Por favor ajustem isso, para assim eu poder us√°-lo
[##]Acabei de comprar um chip vivo plano controle. E na tela di cadastro do fica indo e voltando pedindo meu CPF. Apk n√£o funciona
[##]N√£o funciona quando a gente mais precisa, n√£o contrata pacotes adicionais, sempre d√° erro, tem dias que n√£o funciona de jeito nenhum, HORR√çVEL
[##]Essa vivo robalo agente porque eu contratei dois pacotes de 1.5 de internet e tinha validade o qu√™ n√£o era para acontecer agora mesmo vou trocar o meu chip para clara
[##]Atualiza√ß√£o horrorosa. A nova vers√£o √© muito ruim. V√°rios bugs, at√© mesmo para fazer o login √© dif√≠cil, v√°rias vezes aparece a mensagem "ocorreu um erro, tente mais tarde". N√£o vale a pena o download, horr√≠vel.
[##]O APP simplesmente n√£o funciona... eu coloco meu n√∫mero, entro e n√£o posso mexer em mais nada que recebo a mensagem que deu "ERRO" e sou obrigado a sair do APP
[##]Come√ßou muito bom, mas j√° alguns dias n√£o acessa mais. Insiro meu numero de telefone e recebo o c√≥digo de acesso via sms. A√≠ informa que n√£o √© um numero movel. Se tento acessa via cpf e senha, aparece a mensagem "Ops, algo deu errado". Muito ruim.
[##]N√£o consigo entrar t√° travando meu celular todo j√° formatei duas vezes o celular e o app n√£o sai da mem√≥ria
[##]N√£o est√° tendo como compartilhar internet, s√≥ aparece a mensagem de erro ou que o n√∫mero n√£o √© cliente vivo, arrumem isso.
[##]Hoje troquei o meu plano e quando fui abri o App, N√£o abre mais fala que o meu n√∫mero n√£o √© um n√∫mero m√≥vel. E nao entra de jeito nenhum
[##]Aplicativo da erro toda vez, ent√£o pede pra fazer login novamente. Sempre que vou usar tenho que refazer login
[##]Esse aplicativo √© muito ruim. Trava bastante e tem bugs. Pra conseguir fazer uma recarga por ele √© dif√≠cil. Ja tentei 3 vezes seguidas e nada. As outras fun√ß√µes demoram para carregar. Al√©m disso, se voc√™ n√£o tiver cr√©ditos ou algum plano para usar a internet, ou n√£o estiver conectado a algum WIFI v‚Ä¶Resenha completaEsse aplicativo √© muito ruim. Trava bastante e tem bugs. Pra conseguir fazer uma recarga por ele √© dif√≠cil. Ja tentei 3 vezes seguidas e nada. As outras fun√ß√µes demoram para carregar. Al√©m disso, se voc√™ n√£o tiver cr√©ditos ou algum plano para usar a internet, ou n√£o estiver conectado a algum WIFI voc√™ n√£o tem acesso.
[##]Sacanagem n√£o ter como navegar no app, usando internet via wi-fi. Fuca a sugest√£o de melhoria! üëç
[##]N√£o consigo mais logar, sempre aparece a mensagem "ops, algo deu errado tente novamente mais tarde"
[##]Sim do que me adianta ter o app se quando quero fazer login n√£o consigo. Se voc√™s disponibilizam um aplicativo por favor fa√ßam funcionar corretamente para atender as necessidades do mesmo.
[##]N√£o consigo entrar t√° travando meu celular todo j√° formatei duas vezes o celular e o app n√£o sai da mem√≥ria
[##]Na regi√£o que moro, MT, o app custa abrir. N√£o consigo colocar cr√©dito por conta disso e agora que o tu Go ser√° desativado vou desativa lo tamb√©m pois n√£o terei como receber o c√≥digo que enviam para acessar, onde moro n√£o tem sinal de celular somente internet
[##]Estou muito triste com esse App pois tenho quase 1G e meio e no App n√£o est√° aparecendo que eu tenho a franquia. Eu queria compartilhar pra n√£o voltar tudo pra vivo novamente. E n√£o aparece que tenho net. Sem contar que esse App √© horr√≠vel pra entrar. Se n√£o tiver uma internet muito boa n√£o consegue‚Ä¶Resenha completaEstou muito triste com esse App pois tenho quase 1G e meio e no App n√£o est√° aparecendo que eu tenho a franquia. Eu queria compartilhar pra n√£o voltar tudo pra vivo novamente. E n√£o aparece que tenho net. Sem contar que esse App √© horr√≠vel pra entrar. Se n√£o tiver uma internet muito boa n√£o consegue entrar no App. E a internet da vivo aqui √© muito ruim. Era Boa, agora est√° uma bosta. Nem no 4G n√£o entra! Muito chateada!!!!!
[##]Todas vezes que vou entrar demora um s√©culo depois que quase entra , n√£o entra meu n√∫mero de Some e c√≥digo denovo, mais de cem vezes ja foi trocado de c√≥digo, depois que vem o c√≥digo entra , fui entrar outro dia , vou entra para ver o consumo da Net sumiu meu n√∫mero de novo preciso ponha meu n√∫mero‚Ä¶Resenha completaTodas vezes que vou entrar demora um s√©culo depois que quase entra , n√£o entra meu n√∫mero de Some e c√≥digo denovo, mais de cem vezes ja foi trocado de c√≥digo, depois que vem o c√≥digo entra , fui entrar outro dia , vou entra para ver o consumo da Net sumiu meu n√∫mero de novo preciso ponha meu n√∫mero pra vim outro c√≥digo de novo por n√£o arruma este app ?
[##]Tem um problema contratei um pacote 1.5 MB e menos de dois dias acabou eu s√≥ entrei na rede social rapidamente e simples mente sumiu a Net n√£o vou usar mais Net da vivo e roubo
[##]Realmente a lentid√£o do app √© generalizada. As informa√ß√µes do vivo valoriza n√£o carregam e diz para verificar mais tarde, j√° faz 1 m√™s.
[##]Essa vivo est√° de palha√ßada comigo! J√° liguei 6 vezes para mudar meu plano para um plano mais simples e todas as vezes que liguei, falaram que tinha acabado de mudar o plano e at√© agora n√£o foi mudado. Acho que depois que eu entrar com um processo, a√≠ eles mudam rapidinho üò†
[##]Cansada das promessas da operadora de buscar melhorias para satisfa√ß√£o do cliente. No meu conceito a vivo no geral (aplicativo, atendimento, planos) est√° deixando a desejar, est√° p√©ssima. N√£o consigo acessar o App meu vivo e nem usar os benef√≠cios que est√£o inclu√≠dos no meu plano. Solu√ß√£o pra buscar‚Ä¶Resenha completaCansada das promessas da operadora de buscar melhorias para satisfa√ß√£o do cliente. No meu conceito a vivo no geral (aplicativo, atendimento, planos) est√° deixando a desejar, est√° p√©ssima. N√£o consigo acessar o App meu vivo e nem usar os benef√≠cios que est√£o inclu√≠dos no meu plano. Solu√ß√£o pra buscar melhorias " mudar pro concorrente"
[##]O aplicativo era √≥timo. Atualizou falando que ia poder usar sem ter internet, o que n√£o funciona, e ficou horr√≠vel. Trava sempre e ainda perdeu varias funcionalidades, como ver as contas dos meses anteriores!! Ficou p√©ssimo!!!
[##]Vamos tentar novamente, se melhorou foi mais estrelas. Torcendo que tenha melhorado um pouquinho que seja. üôè
[##]Quando vou acess√° sempre tem uma mensagem de um problema ocorrido e pede pra tentar novamente, por√©m n√£o funciona
[##]O app era bom mas com a nova atualiza√ß√£o ficou p√©ssimo. N√£o consigo fazer mais nada nem ver o quanto tenho de credito !!
[##]Depois da atualiza√ß√£o, n√£o entra s√≥ erro direto, t√° muito ruim mesmo
[##]Nunca funciona, outro detalhe estou tentando instalar o App vivo fixo ele manda baixar e instalar este para prosseguir na instala√ß√£o, chegando aqui n√£o funciona.
[##]Est√° muito ruim. Toda vez que tento entrar nao consigo. J√° desinstalei e nada de entrar. So da erro cara. Tenta resolver isso, nao e s√≥ uma pessoa que ta tendo esse problema nao s√£o V√ÅRIAS pessoas com o mesmo erro. Nao sei pra que vcs criaram esse App que nao serve pra bosta nenhuma, serve so pra vc‚Ä¶Resenha completaEst√° muito ruim. Toda vez que tento entrar nao consigo. J√° desinstalei e nada de entrar. So da erro cara. Tenta resolver isso, nao e s√≥ uma pessoa que ta tendo esse problema nao s√£o V√ÅRIAS pessoas com o mesmo erro. Nao sei pra que vcs criaram esse App que nao serve pra bosta nenhuma, serve so pra vcs ganharem dinheiro de uma forma ou de outra... uma bosta. P√©ssimo odiei
[##]Est√° com problemas, n√£o atualiza o saldo, ele trava e mesmo tendo saldo de internet, acusou de n√£o ter mais, fica mais em manuten√ß√£o constante. Por enquanto desinstalando.
[##]N√£o consigo v√™ o meu consumo de internet no aplicativo.
[##]Horr√≠vel n√£o consigo fazer o login sempre da erro voc√™s deviam ter vergonha de colocar um app t√£o ruim...
[##]O App √© bem mais ou menos, eu n√£o posso nem alterar o meu endere√ßo de envio, por que simplesmente n√£o tem como mudar, carrega e carrega mas volta pra mesma tela novamente.
[##]Nunca consigo acessar o extrato, procuro por qualquer per√≠odo de movimenta√ß√£o e surge a msg " caro cliente n√£o existe movimenta√ß√£o para este per√≠odo", como n√£o???? Sou cliente a mais de 5 meses... Al√©m disso o app consome minha internet. Muito decepcionada
[##]App n√£o funciona fala que minha linha n√£o √© compat√≠vel. √â a Vivo me mandando SMS sobre o aplicativo que n√£o funciona. E n√£o adianta me pedir para enviar email para voc√™s. Pois j√° fiz isso e at√© agora nada
[##]Antes da atualiza√ß√£o conseguia controlar as contas muito bem. Agora t√° tudo atrasado por que nem d√° op√ß√£o. P√©ssimo
[##]N√£o funciona...tento abri e fica apenas a tela roxa
[##]Era super bom,r√°pido e pratico antes da atualiza√ß√£o, to tentando usar ele sem perder a paci√™ncia, mas ta dif√≠cil.toda hora da bug
[##]N√£o atualiza o consumo dos dados em tempo real. Quanto vc est√° sem o pacote de dados, o app n√£o inicializa. Na promo√ß√£o "Vivo Bis", o pacote de dados fica dispon√≠vel s√≥ depois que vc consome o pacote de dados da semana, deveria ser o contr√°rio. Essas promo√ß√µes da vivo s√£o pra ingl√™s ver.
[##]Antes, todas as linhas em um s√≥ aplicativo. Agora, s√≥ uma linha.
[##]Que falta de respeito dessa empresa,pra que criar um App que n√£o se consegue nem entrar ? Tenham mais respeito pelos seus clientes!
[##]Ops, aconteceu um erro tente mais tarde ü§î sempre acontece esse erro, j√° desinstalei e instalei denovo o aplicativo diversas vezes, a vivo est√° cada vez pior sou um cliente insatisfeito üëç
[##]Todas as vezes que tento conectar, o aplicativo aparece erro no login, pelos coment√°rios dos outros usu√°rios vejo que o problema √© recorrente, a Vivo poderia ser mais incisiva na resolu√ß√£o do problema afim de n√£o perder clientes por ao meu ver uma coisa simples de se resolver!
[##]Mandei o e-mail cade a resposta
[##]Quero saber se voc√™s n√£o v√£o resolver o problema de n√£o estar conseguindo compartilhar internet j√° fiz tr√™s reclama√ß√µes e nada ser√° q vou ter que reclamar nas redes sociais
[##]Parou de funcionar. Simplesmente n√£o faz mais login. Acabei de atualizar e continua com erro no login por acesso de email. Nem login com o n√∫mero do celular funciona.
[##]Depois da atualizacao n√£o da pra fazer nada, diz que tenho que cadastra n√£o consigo mandar a conta por e-mail. Estava melhor antes da atualiza√ß√£o
[##]Eu nunca consigo entrar usando o meu n√∫mero, da erro sempre. Voc√™s poderiam me ajudar nesse problema?
[##]Arruma isso, ap√≥s a atualiza√ß√£o ficou um lixo!
[##]Este app piorou so da erro.
[##]O app n√£o abre nada depois dessa atualiza√ß√£o.
[##]N√£o est√° funcionando!!!
[##]Infelizmente a operadora est√° √≥tima na presta√ß√£o de servi√ßo, mas o App so erro... √© pelo que verifiquei nos coment√°rios de outros usu√°rios √© uma constante...
[##]N√£o funciona faz meses! Pe√ßo solicita√ß√£o e n√£o sou atendida! J√° mandei email, liguei....dessa forma nem deveria existir o app
[##]O aplicativo era bom,mas agora ficou muito ruim n consigo entrar e muito menos me cadastrar üñïüëé
[##]O meu vivo App est√° solicitando um login via Oracle. N√£o est√° sendo √∫til
[##]Vcs tem que melhorar o contato cliente empresa √© muito importante para as duas partes passei quase meia hora tentando fazer uma recarga e n√£o consegui.
[##]J√° vai fazer 5 dias que eu estou tentando falar com a Vivo e n√£o estou conseguindo . Cada dia Vivo est√° pior tanto quanto no atendimento ao cliente, tanto quanto no app a cada dia pior tratem jaah!!! De arrumar isso da√≠ √© um absurdo isso que voc√™s fazem com a gente √© um absurdo!üò†üò†üò†üò†üò†
[##]O app garra muito parece muito pesado demora abrir
[##]As vezes cai e demora um pouco para abrir, mas fora isso √© bem melhor que os 40 minutos que eu ficava esperando pra ser atendida no Callcenter. Hoje 11/02 tentei abrir v√°rias vezes o App, mas s√≥ consegui depois que contratei o pacote De Internet por SMS. Se n√£o consome dados pq s√≥ voltou a funcionar‚Ä¶Resenha completaAs vezes cai e demora um pouco para abrir, mas fora isso √© bem melhor que os 40 minutos que eu ficava esperando pra ser atendida no Callcenter. Hoje 11/02 tentei abrir v√°rias vezes o App, mas s√≥ consegui depois que contratei o pacote De Internet por SMS. Se n√£o consome dados pq s√≥ voltou a funcionar depois que fiz isso?
[##]Meus saldos acabaram e eu j√° paguei a conta j√° faz uns 15 dias e nada de recarga como poso fazer para regaregar meus cr√©ditos?
[##]Nao consigo enviar internet pra minha filha. Todo mes eu ganho internet do meu pacote e eu nao consigo enviar. No app nao tem a opcao de compartilhar.
[##]N√£o baixem n√£o entra por nada nesse mundo, tentei n√£o foi s√≥ uma vez n√£o, foi v√°rias, tem 2 dias que estou tentando.... Aproveitando aki a net da vivo aki em Jo√£o Pinheiro MG ja foi boa, mas ultimamente ta um lixo... ser√° mesmo que se enviar email vai resolver???ü§î
[##]quero compartilhar internet com meu amigo e o App n√£o est√° funcionando
[##]Uma bosta, n√£o loga de jeito algum so fica dando erro ta p√©ssimo o novo app.
[##]Nunca consigo ver meu consumo de internet, NUNCA! Sempre mostra zerado e nunca sei o quanto utilizei! Reparem isso, t√° feio.
[##]Depois da nova atualiza√ß√£o n√£o consigo comprar nenhum pacote pelo App
[##]App horr√≠vel! ! ! Quando acaba a Internet tento entrar nele pra comprar pacote e nao funciona. E olha que fala que n√£o consume dados.Nao funciona !
[##]O aplicativo sempre d√° erro ao logar e tamb√©m ao tentar compartilhar Internet. N√£o vejo muita funcionalidade. Afinal se for s√≥ pra acompanhar o saldo disco *8000 n√£o preciso ocupar mem√≥ria do telefone com algo que n√£o funciona. J√° desinstalei e reinstalei v√°rias vezes e o erro continua üëé
[##]Pois tento entrar e pede o meu n√∫mero eu coloco e a√≠ trava e quando isso n√£o acontece sai sozinho
[##]Ops. Algo deu errado tente mais tarde. Sempre esse erro bem "claro" e nunca consigo acessar!! V√£o resolver quando?
[##]Eu n√£o sei o que fizeram com o app n√£o abri mais, j√° liguei pra Vivo eles responderam que est√£o atualizando pra melhora, que √© pra baixar novamente o app, ok fiz e a√≠ nada n√£o resolveu nada, mais uma obs:vivo para de fazer assinatura sem permiss√£o da pessoas.
[##]A primeira vers√£o era bem melhor , depois que mudaram s√≥ ficou pior da erro n√£o entra e tb n√£o envia c√≥digo para acessar, devia melhorar mais o aplicativo , simplificar mais e n√£o dificultar , s√≥ da erro . E tb n√£o entra depois que a internet acaba . N√£o gostei
[##]Vou d√° s√≥ uma estrela, depois q baixei usei apenas duas vezes agora n√£o consigo entrar mas.
[##]Kkkkk, diz que n√£o consome internet mas quando acaba minha internet ou o sinal fica fraco o app n√£o abre kkk, vai entender kk
[##]INSTALEI...E AP√ìS OUVIR OS COMENT√ÅRIOS E AS NOTAS, DESINSTALEI IMEDIATAMENTE!! CHEGA DE PROBLEMAS VIVO!! O site deveria ser preciso rapido e pr√°tico. E na atual conjuntura da correria que temos, se complicam ninguem vai acessar, pois foi s√≥ que ouvi nos comentarios,negatividades!!
[##]N√£o instalem esse aplicativo, s√≥ d√° erro ou s√≥ funciona no wi-fi, a√≠ voc√™ liga na operadora √© dizem pra instalar o aplicativo, mas como se j√° est√° instalado e n√£o funciona,a√≠ pedem pra excluir e instalar novamente
[##]Coloquei tr√™s recarga voc√™s n√£o renovo meu plano onde foi parar meu dinheiro da recarga
[##]O app antigo era bem melhor. Essa √∫ltima atualiza√ß√£o n√£o √© funcional. Meus n√∫meros sumiram e n√£o consigo cadastrar. N√£o consigo gerenciar as contas. Podia voltar a antiga vers√£o. N√£o existe op√ß√£o no canto superior esquerdo para acessar as contas de mesmo CPF.
[##]Coisa rara e este app abrir, tem ate algumas coisas boas mas N√ÉO abre de primeira sempre demora muito e logo depois da erro ! Melhorem! Pagamos nesse caso caro pra ter um p√©ssimo app.
[##]Ap√≥s atualiza√ß√µes n√£o consigo entrar no App de forma alguma, nem via n√∫mero, nem via CPF e nem por e-mail, se precisar de algo tenho de entrar no site atrav√©s do navegador.
[##]Tem que melhorar muito..deixei de pegar plano com outra operadora...estou com liga√ß√µes ilimitadas que de nada adiantam...porque ou minha liga√ß√£o fica muda sem explica√ß√£o ou cai do nada...realmente decepcionada com servi√ßo.. .
[##]N√£o baixem toda hora tem que digitar senha....ele n√£o mostra o consumo de liga√ß√µes deveria ter ficado na oi
[##]Eu s√≥ queria saber pq diminu√≠ram a minha internet que era de 4 GB para 2GB,eo valor continua o mesmo,e pq que demora tanto pra liberar a internet que a conta j√° foi paga e n√£o consigo usar a internet.
[##]Baixei o aplicativo pq o site nunca funciona e adivinha? O aplicativo tb diz: tente mais tarde. E por telefone se ouve uma missa antes de falar com atendente
[##]O aplicativo diz que nao precisa de internet para entrar, mas se tu for tentar entrar sem tu nao consegue.. Isso √© uma baita mentira de voces
[##]N√£o consigo fazer nada com esse aplicativo pq esta dando erro logo na hora de logar pois n√£o carrega! Por favor ajustem isso, para assim eu poder us√°-lo
[##]Infelizmente relatei a dificuldade de compartilhar dados m√≥veis e nada foi resolvido, tenho essa op√ß√£o e n√£o posso utilizar. A resposta foi apenas, nos envie seu n√∫mero e e-mail, em seguida me enviaram os passo que j√° fa√ßo, s√≥ isso. Estou decepcionada com esse App. "Estou dificuldade de comparti‚Ä¶Resenha completaInfelizmente relatei a dificuldade de compartilhar dados m√≥veis e nada foi resolvido, tenho essa op√ß√£o e n√£o posso utilizar. A resposta foi apenas, nos envie seu n√∫mero e e-mail, em seguida me enviaram os passo que j√° fa√ßo, s√≥ isso. Estou decepcionada com esse App. "Estou dificuldade de compartilhar dados para outro vivo, sempre diz que ocorreu um erro. Estou tentanto fazer esse compartilhamento desde de segunda feira qnd mudei de plano. Preciso que resolvam esse problema."
[##]Seria mais √∫til e pr√°tico se n√£o pedisse login toda HR q for usar o app, sem falar q √†s vezes n √© poss√≠vel fzr o login. Bom, se poss√≠vel tentem simplificar isso, caso melhore eu reavalio o app.
[##]Mandei o e-mail cade a resposta
[##]s√≥ trava no login e quando d√° pra entrar demora uma vida pra carregar. o extrato do uso dos cr√©ditos √© t√£o ruim que n√£o √© capaz de mostrar como nossos cr√©ditos somem, precisa ficar ligando pra ver qual que √© o golpe da vez
[##]N√£o entra mais j√° tentei de tudo e n√£o entra AFF nota 0 para esse aplicativo tive que baixar outro para acompanhar minhas mensalidades do meu plano
[##]Aff Nao envia Sms nem com cr√©dito.. arrumem isso logo q tem tempo j√° q t√° ruim assim
[##]N√£o abre quando coloco meu email e minha senha,aparece ,"Ops,algo deu errado.Tente novamente mais tarde". Por favor consertam isso.
[##]P√©ssimo . esse app nunca abre .. Sempre dar erro e fala pra gente abrir mais tarde .E cada vez mais s√≥ piora.
[##]Como vcs colocam um App Desse que n√£o funciona. Toda vez que tento entrar, diz Ops erro ao tentar logar ou renovar a sess√£o. Gostava muito da vivo, mas n√£o t√° dando mais para elogiar n√£o. Tento ver meu saldo de cr√©dito e de net e n√£o vejo porq o n√∫mero que a gente usava n√£o funciona mais. Tentei es‚Ä¶Resenha completaComo vcs colocam um App Desse que n√£o funciona. Toda vez que tento entrar, diz Ops erro ao tentar logar ou renovar a sess√£o. Gostava muito da vivo, mas n√£o t√° dando mais para elogiar n√£o. Tento ver meu saldo de cr√©dito e de net e n√£o vejo porq o n√∫mero que a gente usava n√£o funciona mais. Tentei esse App e sem sucesso. Estou decepcionada!
[##]N√£o serve para nada n√£o loga de jeito nenhum liga l√° fica meia hora e nem at√©ndido e um droga s√≥ mais um meio pro usu√°rio ficar put....
[##]N√£o abre o app. Desde q baixei n√£o consigo usar o aplicativo, surge a mensagem de que n√£o foi poss√≠vel abrir o aplicativo
[##]O App tava bom antes da √∫ltima atualiza√ß√£o agora ficou um lixo n√£o carrega f√°cil n√£o se n√£o deixarem mais leve eu vou desinstalar
[##]N√£o gostei quando ligamos no *8486 N√£o atende a op√ß√£o desejada e pede para entra no aplicativo so que n√£o resolve seu problema se a conta viver errada o App n√£o tem op√ß√£o e o 8486 n√£o at√©nde ...orrivel
[##]Eu uso plano controle 4g e n√£o consigo compartilhar internet. Por favor resolva meu problema
[##]App horr√≠vel. Nao loga com cpf ou email, sempre aparece a msg, algo deu errado. Se nao faz login com essa forma pq da essa op√ß√£o? Pra completar se entrar no site o site te for√ßa a ir para o app por direcionamneto. HORR√çVEL.
[##]Com a atualiza√ß√£o n√£o estou conseguindo acessar todas as minhas linhas, e n√£o tem op√ß√£o para cadastrar no app.. via web est√° normal....
[##]O aplicativo diz que nao precisa de internet para entrar, mas se tu for tentar entrar sem tu nao consegue.. Isso √© uma baita mentira de voces
[##]Nunca abri minha conta aqui sempre esta em manuten√ß√£o. üò†
[##]Ficou p√©ssimo a nova atualiza√ß√£o!Desde de ontem tentando abrir o aplicativo e n√£o abre ! Volta a vers√£o antiga !Desde do dja que foi atualizado ,n√£o abriu mais! Melhor desintalar esse aplicativo!Desintalando ....
[##]Essa bosta desse aplicativo est√° com bug Depois da √∫ltima atualiza√ß√£o n√£o prestou mais eu tento entrar com meu n√∫mero com DDD e n√£o carrega
[##]Essa √∫ltima atualiza√ß√£o n√£o est√° mais funcionando nada
[##]T√° horr√≠vel o meu quase todo acesso tenho que fazer logar de novo da erro ao tenta logar ou renovar a se√ß√£o horr√≠vel saudade dos primeiros apk
[##]N√£o consigo acessar, sempre da erro quando tento.Pedem para colocar o n√∫mero mandam o c√≥digo mas n√£o entra de jeito nenhum, p√©ssimo mesmo.
[##]Quando consegue entrar de primeira at√© vai. Mas parece que tem que ter internet 6G no celular para conseguir entrar com facilidade. Exige mais internet que o Facebook para funcionar com fluidez.
[##]ALGU√âM conseguiu usar esse App? Na boa, s√≥ me deixou sem paci√™ncia! !!! N√£o percam o precioso tempo de voc√™s galera.
[##]A Vivo est√° p√©ssima, tenho 6 anos na Vivo, o 4g ta horr√≠vel e eu estava pagando 3giga por m√™s ,110 reais, sendo que na Tim pago 7gb por m√™s 99 reais. Foi o tempo da Vivo....Vc liga na Vivo os atendentes te enfiam servi√ßo e s√≥ aumentam o valor da sua conta. Saiam fora desta operadora que √© roubada
[##]O aplicativo est√° cheio de erros. Tem vezes que o app s√≥ fica na tela de carregamento e nem entra. A ideia do app √© boa, mas tem que corrigir muito coisa. Parece que eu estou testando um aplicativo em desenvolvimento devido a s√©rie de erros que encontrei nele. Com todo respeito, produtor(es) do app,‚Ä¶Resenha completaO aplicativo est√° cheio de erros. Tem vezes que o app s√≥ fica na tela de carregamento e nem entra. A ideia do app √© boa, mas tem que corrigir muito coisa. Parece que eu estou testando um aplicativo em desenvolvimento devido a s√©rie de erros que encontrei nele. Com todo respeito, produtor(es) do app, este aplicativo √© uma vergonha. Espero que corrijam os erros e fa√ßam o app funcionar corretamente.
[##]O aplicativo est√° cheio de erros. Tem vezes que o app s√≥ fica na tela de carregamento e nem entra. A ideia do app √© boa, mas tem que corrigir muito coisa. Parece que eu estou testando um aplicativo em desenvolvimento devido a s√©rie de erros que encontrei nele. Com todo respeito, produtor(es) do app,‚Ä¶Resenha completaO aplicativo est√° cheio de erros. Tem vezes que o app s√≥ fica na tela de carregamento e nem entra. A ideia do app √© boa, mas tem que corrigir muito coisa. Parece que eu estou testando um aplicativo em desenvolvimento devido a s√©rie de erros que encontrei nele. Com todo respeito, produtor(es) do app, este aplicativo √© uma vergonha. Espero que corrijam os erros e fa√ßam o app funcionar corretamente.
[##]Vc realiza o pagamento da conta do m√™s e continua dizendo que sua linha est√° bloqueada. N√£o gostei n√£o facilita em nada. N√£o recomendo.
[##]T√° uma bosta esse aplicativo, quando vou acessar, s√≥ d√° mensagem de tente mais tarde ou n√£o dispon√≠vel, nunca funciona quando eu queroüò°üò†
[##]Depois dessa atualiza√ß√£o ficou mais lento do que um c√°gado! Irritante demais piorou muito
[##]O app n√£o est√° funcionando bem sempre fala pra tentar novamente mais tarde e t√° travando muito
[##]Nunca funciona! S√≥ funciona quando quer e por isso acabo fazendo recarga em outras operadoras de vez em quando por n√£o conseguir entrar. S√≥ hoje tentei 6 vezes e s√≥ da erro.. Pqp
[##]Foi atualizar app para ficar recebendo liga√ß√µes de venda da vivo que n√£o sei como fazer parar, tive de desligar o chip.... muito inconveniente
[##]Sempre quando saio do App e entro novamente, tenho que colocar o DDD e n√∫mero tudo novamente. Ajeitem isso por favor!
[##]Esse app est√° um lixo eu n√£o consigo fala com a atendente, eu n√£o consigo longa toda hora t√° dando erro eu n√£o consigo tr√°sfiri internet eu pasei 150MB o sms chegou no meu c√©lula que descontou 150MB mais n√£o chegou no c√©lula da minha m√£e os 150MB eu perdi MB esse App est√° um lixo.
[##]VIVO.SA J√° fiz isso que me pediu abaixo, enviei o e-mail, mas ainda n√£o tive retorno. J√° liguei, j√° questionei via chat e fui pessoalmente .... e nada... n√£o resolve nada.... A atendente me orientou comprar outro chip, meu esposo comprou e ficou ainda pior üòïüò≤ *Ops algo deu errado! N√£o consegui‚Ä¶Resenha completaVIVO.SA J√° fiz isso que me pediu abaixo, enviei o e-mail, mas ainda n√£o tive retorno. J√° liguei, j√° questionei via chat e fui pessoalmente .... e nada... n√£o resolve nada.... A atendente me orientou comprar outro chip, meu esposo comprou e ficou ainda pior üòïüò≤ *Ops algo deu errado! N√£o conseguimos carregar o conte√∫do* S√≥ aparece isso agora, eu j√° tinha outras linhas cadastradas, agora manda cadastrar novamente, mas n√£o cadastra de jeito nenhum, cada vez que atualiza, piora! O Vivo valoriza, nunca consigo acessar, nem indo pessaolamente na Vivo, est√° sempre fora! Como usa os pontos desse jeito? Quero trocar o celular usando benef√≠cios, mas que benef√≠cios?? üñì
[##]P√©ssimo, n√£o funciona quase nada.
[##]A vivo √© uma frescura!(burocracias)pra podermos ser atendidos e ainda manda instalar o aplicativo que ainda trava!!üò§
[##]A vivo j√° foi uma operadora √≥tima mais agora s√≥ engana.... N√£o consigo logar nem abrir novo cadastro √© humilhante precisar de servi√ßos t√£o ruins.
[##]Baixei e n√£o consigo acessar. Aparece a mensagem que minha linha n√£o √© compat√≠vel com o APP. J√° encaminhei e-mail e at√© agora n√£o tive resposta.
[##]Depois desta atualiza√ß√£o, o aplicativo ficou horr√≠vel. Todas √†s vezes que vou acessar o app surgir a seguinte mensagem: Estamos em manuten√ß√£o, tente mais tarde. Que saco. Tamb√©m n√£o estou conseguindo compartilhar internet com meus amigos :( aplicativo est√° horr√≠vel
[##]Cheio de Bugs. J√° mais de 10 dias tento contratar pacotes adicionais e aparece a resposta: Servi√ßo indispon√≠vel. Qualquer pacote √© a mesma coisa.
[##]N√£o abre no meu J7. Quando n√£o d√° erro, aparece a mensagem ops! Algo deu errado, tente mais tarde. üòë
[##]As vantagens do App s√£o excelentes, facilitam muito a minha vida corrida. O problema √© conseguir acessar... N√£o conecta da erro com muita frequ√™ncia. Ha dias preciso e n√£o consigo entrar. Sem contar que o App divulga que n√£o consome minha Internet mas como eu entro pra comprar Internet se o App n‚Ä¶Resenha completaAs vantagens do App s√£o excelentes, facilitam muito a minha vida corrida. O problema √© conseguir acessar... N√£o conecta da erro com muita frequ√™ncia. Ha dias preciso e n√£o consigo entrar. Sem contar que o App divulga que n√£o consome minha Internet mas como eu entro pra comprar Internet se o App n√£o funciona sem Internet?
[##]Tento compartilhar dados de uma linha para outra da vivo via aplicativo e sempre da a informa√ß√£o OPPS DEU ALGO ERRADO TENTE MAIS TARDE e nunca da ferro na desinstalei e reinstale e o erro persiste
[##]Depois da √∫ltima a atualiza√ß√£o o App n√£o funciona, n√£o consigo mais acessar meus dados. A mensagem tente novamente aparece toda a hora. FICOU PESSIMO.
[##]Essa m√≠sera toda vez que vou olhar meus b√¥nus ele n√£o abre o app Aparece Ops algo deu errado Tente mais tarde... . melhora essa desgra√ßa a√≠
[##]O app era fluido e com uma interface moderna, mas depois da √∫ltima atualiza√ß√£o perdeu essas duas caracter√≠sticas... Uma pena..
[##]App depois da atualiza√ß√£o n√£o reconhece meu n√∫mero favor consertem o mesmo
[##]Depois do reajuste do valor dos planos, n√£o √© poss√≠vel controlar o consumo de internet pelo app. Meu plano √© o de 2gb, mas somando o dispon√≠vel com o ultilizado resulta em 1,5 GB e n√£o 2gb.
[##]Muito ruim toda hora fica dando ero e toda vez que vou entrar nele tem que fazer tudo di novo.
[##]Desde o √∫ltimo acesso,que foi a 4 dias, o app s√≥ da erro, diz que meu n√∫mero n√£o √© vivo e n√£o me da acesso, um lixo, literalmente. Se n√£o √© para usar, n√£o disponibilize. Total falta de respeito com o consumidor, pass√≠vel at√© de processo se juntar todos os insatisfeitos aqui.voces deveriam ter vergon‚Ä¶Resenha completaDesde o √∫ltimo acesso,que foi a 4 dias, o app s√≥ da erro, diz que meu n√∫mero n√£o √© vivo e n√£o me da acesso, um lixo, literalmente. Se n√£o √© para usar, n√£o disponibilize. Total falta de respeito com o consumidor, pass√≠vel at√© de processo se juntar todos os insatisfeitos aqui.voces deveriam ter vergonha de colocar no ar uma coisa que n√£o funciona. Lixo, lixo, lixo x 3
[##]Antes era bom mas agora n√£o quer compartilhar internet, s√≥ avisa que o n√∫mero n√£o pode receber pq j√° tem um plano na linha sendo que j√° cancelei todos as promo√ß√µes e esses dias tinha 500 Mb e s√≥ dizia que n√£o tinha internet suficiente pra compartilhar üò†üòí
[##]At√© esses dia compartilhava internet normal agora porque meu plano √© de 1.5 nao consigo corpartilha seis nao fazem nada lda perde msm bando de ladrao lazarentos
[##]O aplicativo n√£o te d√° o op√ß√£o de cancelar um pedido. E vc tamb√©m n√£o consegui cancelar por nenhum dos contatos. Que inferno!
[##]Bem, o APP at√© que √© legal. Mais est√° havendo alguns bugs. N√£o estou conseguindo compartilhar internet com meus amigos, sempre diz "opera√ß√£o n√£o dispon√≠vel, tente mais tarde". Corrijam isso , por favor...
[##]Preciso mudar meu email √© n√£o to conseguindo e colocar√£o meu email errado uma letra preciso de uma resposta da vivo
[##]Meu plano e de 2.5 GB Ganhei mais 500 MB no caso e pra mim ter 3GB E no aplicativo aparece so 2.5GB Ta errado.
[##]Muito ruim nada carrega s√≥ diz tente mais tarde
[##]O aplicativo demora muito de carregar e a todo momento fica dando erro tenho que ficar tentando v√°rias vezes para conseguir entrar no aplicativo
[##]Eu acabei de baixar o app meu vivo m√≥vel e n√£o consigo entrar? Ja botei o meu n√∫mero de contato e CPF e c√≥digo? O app fica so dizendo pra mim que algo deu errado volte mais tarde? O que ouve por que n√£o consigo entrar no app????
[##]Pensa num aplicativo horr√≠vel, al√©m de toda a vez precisar colocar o n√∫mero de telefone, se a internet acabou ele n√£o conecta pra poder ver o saldo ou algo assim, al√©m disso demora demais para conectar
[##]Eu simplesmente n√£o consigo mais entrar no aplicativo!!! Toda vez que tento ligar d√° erro... Tentei desinstalar e instalar de novo mas n√£o funciona!!! (Moto G 2¬∞)
[##]N√£o abre nada e sempre est√° com defeito. N√£o baixem, dor de cabe√ßa. P√©ssimo atendimento ao cliente.
[##]O galera da vivo , o app agora so fica aparecendo a msg que "algo deu errado", olha ai pra gente , ta osso viu!!
[##]Assim como a operadora, app ruim!
[##]Muito ruim, maior dificuldade pra entrar, tem que por o n√∫mero toda vez e depois de mt espera e tentativas ainda da erro.
[##]Vcs tem que melhorar o contato cliente empresa √© muito importante para as duas partes passei quase meia hora tentando fazer uma recarga e n√£o consegui.
[##]O app garra muito parece muito pesado demora abrir
[##]Tinha dois n√∫meros controles cadastrados que est√£o no meu nome onde gerenciava, agora s√≥ ficou um e n√£o consigo cadastrar o outro n√∫mero. Depois dessa atualiza√ß√£o ficou infinitamente p√©ssimo. üò§üò§üò§
[##]N√£o consome dados m√≥veis hahaha, eu vou chorar cara. P√©ssimo, in√∫til, j√° liguei umas 3 vezes e ele fica fechando.
[##]O aplicativo √© eficiente quando a gente consegue logar. Por√©m pra voc√™ conseguir o acesso que √© o problema. Sempre vem uma uma msg de falha pedindo pra tentar mais tarde!!!
[##]Nossa depois da ultima atualiza√ß√£o o app ficou um LIXO trava toda hora isso quando ele abre, e n√£o consigo achar mais nada, os b√¥nus, vivo Bis (por exemplo) mais nada...RESUMINDO ESTA P√âSSIMO...se n√£o melhorarem vou desistalarüò†üò†üò†
[##]N√£o consigo entrar no app da Vivo h√° 1 semana!Aparece mensagem de erro toda vez, preciso q voc√™s da vivo tivessem um pouco mais de responsabilidade √© respeito com o consumidor,pois creio que a maioria t√° passando pelo mesmo problema.
[##]N√£o est√° funcionando o App corretamente nem com cr√©dito ativo.. d√° erro e funciona s√≥ uma vez na vida e outra na morte, coloco o n√∫mero tudo certinho, chega o c√≥digo, depois na hora de carregar d√° erro e n√£o consigo entrar
[##]Esta horr√≠vel a √∫ltima atualiza√ß√£o, sempre d√° erro.
[##]Ta demorando muito a logar, e quando finalmente para... Da erro... Isso v√°rias vezes, sei que podemos melhorar isso. Em compara√ß√£o com o app da oi, perde √© feio.
[##]Horr√≠vel!!O app vive dando problema e n√£o estou conseguindo mais logar. Nunca baixei um app de servi√ßo t√£o ruim
[##]Tava bom at√© uns dias atr√°s, agora t√° uma droga, cada vez que eu entro no aplicativo, vem um novo c√≥digo. A internet que compartilhei, com uma amiga, ela n√£o recebeu nada, e foi descontado da minha franquia ( 200 MB ). Isso n√£o t√° certo ! Por favor arrumem isso !!
[##]Depois dessa atualiza√ß√£o n√£o consigo mais usar, sempre aparece uma mensagem dizendo : - ocorreu um erro. At√© pelo site n√£o consigo mais usar fala a mesma coisa ou a p√°gina n√£o pode ser exibida e ou fica tudo branco e n√£o carrega nada, n√£o sei o que est√° acontecendo.
[##]N√£o funciona. Quando tento fazer login passa v√°rios minutos logando e da erro. Baixei para trocar meu plano controle mais n√£o funciona
[##]A conta logada sai sozinha, tda vez q tento entrar novamente carrega e n√£o entra, super dif√≠cil conseguir logar-se com o telefone.. Corrigi e dou 5 estrelas. J7 pro
[##]Era um App bom, mas agora nem se quer consigo acessar. Desinstalei e baixei novamente, mas n√£o funciona. √â revoltante essa situa√ß√£o. #PropagandaEnganosa
[##]Ent√£o. Esse app demora demais pra abrir . Vcs tem que arrumar isso. Tirar aquele come√ßo enorme e deixar ele abrir mais r√°pido. üñì
[##]Ta um lixo agora depois da atualiza√ß√£o nova pois n√£o pode mais compartilha internet
[##]N√£o abre mais outra vez com problemas... indo pra Oi pois esta funciona e tamb√©m consigo usar dados m√≥veis aqui na cidade. Fui!
[##]App muito ruim t√¥ tentando entrar no aplicativo e n√£o consigo coloco o n√∫mero e o c√≥digo e depois n√£o entra dia ops tente novamente mais tarde muito ruim
[##]Estava funcionando normalmente agora tudo desatualizado,paguei contas normalmente est√° mostrando s√≥ at√© outubro paga.enfim est√° deixando a desejar.
[##]A 4 dias o meu aplicativo n√£o funciona. Est√° desatualizada. N√£o mostra nenhum dado, d√° erro de atualiza√ß√£o. Todo os outros aplicativos do meu celular est√£o funcionando.
[##]O App n√£o abre minha conta vivo segunda via detalhada no meu smartphone S8+ atualizado, porqu√™?
[##]N√£o consigo compartilhar Internet com amigos desde que baixei o app nunca consegui s√≥ diz pra tentar mais tarde.
[##]Depois dessa atualiza√ß√£o ficou mais lento do que um c√°gado! Irritante demais piorou muito
[##]J√° perdi as contas de quantas vezes eu precisei solicitar uma nova senha e o app voltar no in√≠cio. Ao inv√©s de ser um app pra facilitar, somente complica!
[##]N√£o gostei N√£o vi o meu saldo
[##]Estar horr√≠vel n√£o consigo fazer nada
[##]Oi vivo espero que me responda me liga mande um e-mail algo assim esse App meu vivo so e pra ocupar espa√ßo n telefone por que n√£o abre pra nada pra ser sincero nao presta a gente faz tudo o que pede ai vai entra aparece opis nao deu tenta mais tarde aaaaaa e palha√ßada isso j√° baixei fiz o cadastro ‚Ä¶Resenha completaOi vivo espero que me responda me liga mande um e-mail algo assim esse App meu vivo so e pra ocupar espa√ßo n telefone por que n√£o abre pra nada pra ser sincero nao presta a gente faz tudo o que pede ai vai entra aparece opis nao deu tenta mais tarde aaaaaa e palha√ßada isso j√° baixei fiz o cadastro mais de 5 vez e nada faz algo que funciona ok
[##]Entro no App para consultar meu consumo de dados e fica aparecendo "n√£o foi poss√≠vel atualizar suas informa√ß√µes". J√° faz um bom tempo que t√° assim, deste jeito fica dif√≠cil
[##]√öltima atualiza√ß√£o n√£o funciona mais. Como fazemos?
[##]Vcs falam que nao consome dados m√≥veis??? Mas nem pode consumir.... O app nao funciona, como quase tudo da operadora vivo, s√≥ o que funciona bem da vivo e o sistema de cobran√ßa. NAO RECOMENDO ESSE APLICATIVO.
[##]N√£o estou conseguindo acessa,da em manuten√ß√£o ou erros
[##]Pessoal, pelo amor de Deus, quando eu vou conseguir compartilhar minha internet novamente? S√≥ d√° erro pedindo pra tentar mais tarde. J√° liguei diversas vezes na Vivo e me informaram que s√≥ na pr√≥xima atualiza√ß√£o do App √© que o problema poder√° ser resolvido.
[##]Antes da atualiza√ß√£o conseguia controlar as contas muito bem. Agora t√° tudo atrasado por que nem d√° op√ß√£o. P√©ssimo
[##]Gente n√£o fa√ßa plano da Vivo, eles roubam demais eu j√° fiz o cancelamento e mesmo assim eles continuam me mandando contas üò¨üò§ e esse app √© ruim demais, sempre falhou quando mais precisei dele!!
[##]P√©ssimo app, ele desloga toda hora e quando vai entrar denovo ele d√° erro, fora a paci√™ncia que tem que ter para ele carregar antes de entrar, √© muito lento, pelo amor de deus. Horr√≠vel. Cada vez q atualiza s√≥ piora e fica mais pesado
[##]N√£o funciona. Quando tento fazer login passa v√°rios minutos logando e da erro. Baixei para trocar meu plano controle mais n√£o funciona
[##]Essa bosta desse aplicativo est√° com bug Depois da √∫ltima atualiza√ß√£o n√£o prestou mais eu tento entrar com meu n√∫mero com DDD e n√£o carrega
[##]Parou de funcionar, clicar no compartimento de internet desloga da conta, n√£o carrega o resto das fun√ß√µes.
[##]0 aplicativos ficou um lixo n√£o consigo ver as contas minha.
[##]Era bom, a√≠ atualizei e n√£o consigo ver mas nada, s√≥ fica aparecendo a mensagem, ops algo deu errado tente mais tarde...
[##]Toda vez que tento entrar d√° erro, s√≥ consegui entrar uma vez e depois desconectou novamente. J√° estar na hora de concertar isso n√©, melhorem o App.
[##]O app at√© que √© bom mas ele entra quando ele quer. O problema n√£o √© meu celular, j√° desinstalei e instalei v√°rias vezes e mesmo assim continua o mesmo erro e eu dependo muito de olhar minha internet e assim n√£o estou conseguindo .
[##]Pow eu t√¥ tentando entrar no app faz meses e n√£o conseguo coloco o n√∫mero chegar o c√≥digo mas diz que d√° erro e tenho que fazer a se√ß√£o de novo ajeita isso n√©
[##]Olha ese aplicativo esta m√∫ito ruim eu tento abrir mas n√£o esta dando serto esta pecimo a a Vivo tem que melhorar muito isso
[##]Ent√£o eu queria trocar meu plano, mais quando pede meu Gmail eu coloco e coloco a senha tamb√©m, mas s√≥ fica dando erro. Como fa√ßo pra trocar?
[##]O app era √≥timo at√© a √∫ltima atualiza√ß√£o agora com meu plano n√£o consigo compartilhar minha internet com meus amigos agora est√° horr√≠vel muita coisa muita informa√ß√£o...
[##]Infelizmente o App n√£o funciona corretamente. Depois de colocar o n√∫mero ou o CPF, ele recebe o c√≥digo e quando termina o carregamento, d√° erro. Uma falta de responsabilidade com os clientes visto que esse acontecimento est√° presente a mais de 4 meses. E n√£o obteve solu√ß√£o at√© hoje!!
[##]Planos p√©ssimo eu vi uma coisa na pagina da vivo e no chip √© outra adeus vivo prefio a oi a tim e nextel muito melhor
[##]Ap√≥s atualiza√ß√£o meu vivo controle nao aut√™ntica diz q nao √© um vivo m√≥vel...
[##]Toda hora q eu entro tenho que fica logando s√≥ d√° erro fica encerrando se√ß√£o t√° um lixo
[##]Meu aplicativo n√£o abre, uma dificuldade pra abrir tem que perde mais de meia hora pra fica tentando abrir o aplicativo sendo que era pra facilitar e acaba demorando mais e irritando vamos da uma melhorada a√≠ n√©
[##]Pois d√™s da √∫ltima atualiza√ß√£o ele n√£o abre mais. Pois concertem isso urgente!!!üò°
[##]Como opinar se n√£o consegui nem entrar no App? So aparecia escrito q houve algum problema ! Assim fica dificil. Desistalando em 3,2,1..
[##]Sempre usei o APP e funcionava bem mas agora com essa √∫ltima atualiza√ß√£o nem entra mais pede o n√∫mero do celular e envia o c√≥digo por√©m fica carregando e n√£o carrega nunca affff
[##]N√£o presta baixei tentei entrar n√£o deu certo. Baixei de novo e tamb√©m n√£o entra. S√≥ tem reclama√ß√£o aqui. N√£o presta mesmo n√£o baixe
[##]So da em manuten√ß√£o, n√£o entra mais.
[##]Gente t√° ruim o sinal da vivo aqui viu, rede de Internet horr√≠vel em pariquera a√ß√∫ /SP nem esse App t√° abrindo de t√£o ruim que o sinal aqui t√°!
[##]Nem sempre funciona, quando vou enviar internet aos amigos, tem dia que vai no outro eu tento d√° um erro e diz para tentar mais tarde em cada 5 ou 10 dias √© raro mm as consigo enviar, o resto √© s√≥ stress.
[##]Deveria salvar os dados desde o primeiro acesso, acho desnecess√°rio todo vez que logar digitar o n√∫mero do telefone para receber o c√≥digo de acesso. Arrumem isso, siga as outras operadoras que uma vez logado entra direto.
[##]Vcs n√£o tem o direito de se apropriar do meu dinheiro .que dep√≥sito p fazer chamadas . Este esquema de de validade para recarga de valor de 30 dias √© roubo...seu n√£o usar o dinheiro em 30 dias √© proplema meu vcs n√£o tem direito de ficarem com meu dinheiro .. n√£o √© justo. Quero todo o meu dinheiro q‚Ä¶Resenha completaVcs n√£o tem o direito de se apropriar do meu dinheiro .que dep√≥sito p fazer chamadas . Este esquema de de validade para recarga de valor de 30 dias √© roubo...seu n√£o usar o dinheiro em 30 dias √© proplema meu vcs n√£o tem direito de ficarem com meu dinheiro .. n√£o √© justo. Quero todo o meu dinheiro que vcs j√° pegaram .vcs est√£o enganado a popula√ß√£o.quero meu dinheiro na minha conta agora.estou cansado desta roubalheira.vou processar est√° empresa.
[##]O App √© bem mais ou menos, eu n√£o posso nem alterar o meu endere√ßo de envio, por que simplesmente n√£o tem como mudar, carrega e carrega mas volta pra mesma tela novamente.
[##]N√£o vi vantagem nenhuma neste app,√© p√©ssimo. üëé
[##]Baixei este App √° fim de baixar a 2¬∞ via da fatura mas o arquivo estava em branco. Liguei mas eles coloca pra falar com uma m√°quina que leva onde voc√™ n√£o quer ir ou te coloca a esperar o atendente que n√£o atende e ainda ouvindo uma m√∫sica chata.
[##]At√© agora o problema de contratar um pacote adicional n√£o foi resolvido... A vivo fala "conte com a gente" mas na realidade n√£o d√° pra contar. Fora que o app n√£o est√° funcionando corretamente.
[##]Horr√≠vel! O App demora um s√©culo pra logar, sendo que temos que digitar v√°rias vezes o nosso n√∫mero e a senha que eles enviam por SMS. Na maioria das vezes perco a paci√™ncia. Vamos melhorar isso a√≠, pois est√° horr√≠vel.
[##]O aplicativo n√£o fica com minha senha gravada, toda hora ele pedi para colocar meu n√∫mero de celular para acessar.
[##]O app j√° d√° erro no primeiro login, n√£o consigo entrar. Vindo da Vivo n√£o poderia esperar algo bom.
[##]Esse app ta horeivel pq toda hr ki vou entra pra contratar um pacote e nn consigo enta ai o app nn loga e depois fala aconteceu algo! Tente novamente mais tarde üòê
[##]Antes funcionava perfeitamente. Pegava o c√≥digo de barras, atrav√©s do mesmo. Agora quando tento entrar no app, diz Ops! algo deu errado üòê. Tente mais tarde.
