"Muito bom,mais quando estou vendo a tela meio que fica pequena na parte superior da esquerda e abaixo na direita fica amostrando uma cena travada tipo um gifs e isso incomoda muito,observa√ß√£o meu celular n√£o e ruim. "
"Ultimamente Netflix n√£o est√° ficando boa pago um absurdo de caro e √© no come√ßo lan√ßar filmes novos tem filme que tem no YouTube mas n√£o tem na Netflix √© melhor voltar para o YouTube mesmo pois l√° temos filme toda hora de novos "
"Ultimamente est√° dando muitos erros ao assistir atrav√©s do aplicativo no smartphone. Quase todos os filmes e s√©ries n√£o abrem, mostrando uma mensagem de erro. E quando consegue reproduzir, em v√°rios momentos a imagem some, ficando apenas o √°udio. "
"O aplicativo n√£o abre mais os v√≠deos desde a √∫ltima atualiza√ß√£o, j√° reiniciei meu telefone duas vezes, sai da minha conta, desinstalei, instalei e ele continua a carregar mas sem verdadeiramente carregar o v√≠deo, em todos os filmes/s√©ries sempre aparece dando erro, independente se for no meu telefone ou no da minha irm√£!!!! Favor, ajeitar isto logo!!!! "
"O app √© √≥timo, tem de tudo, s√≥ acho que deveria melhorar na quest√£o de todos os epis√≥dios estarem bem dublados em algumas s√©ries. No mais tudo perfeito.‚ô° "
"O aplicativo √© maravilhoso s√≥ que eu n√£o t√¥ conseguindo entrar no meu celular carregamento parece n√£o ter fim e n√£o entra na s√©rie pra eu ve e eu estou em dias "
"Fala que est√° dispon√≠vel a 2 temporada de Jessica Jones ,mas n√£o aparece nada nada. Acabei de conseguir, eu reiniciei o app "
"Depois da √∫ltima atualiza√ß√£o n√£o aparece a temporada nem as op√ß√µes de epis√≥dios de algumas s√©ries, com o da J√©ssica Jones por exemplo. "
"Ta bom de voc√™s atualizar asatualizem o naruto shippuden botem a 3 4 temporada agente paga isso todo m√™s pra a serie q queremos assistir n ta atualizada ent√£o atualiza ae o naruto shippuden e as outras series e valeu eu agrade√ßo "
"e muito bom, mas desde a √∫ltima vers√£o tem dado erro me impedindo de assistir "
"Precisam botar iCarly, assim seria melhor pra n√≥s,e daria mais publicidade pra vcs,eu amo iCarly "
"Ele para de funcionar do nada , tenho que desinstalar e instalar todo dia pra conseguir mexer "
"Amo netflix recomendo a todos ,depois que tive nunca mas parei "
"Otimo mas poderia atualizar os novos episodios da serie logo "
"Esse APP esta aparecendo - netflix parou. N√£o sei por que "
"S√≥ falta o bot√£o de pular abertura no app para o Chromecast "
"coloca a novela Rebelde dnv na Netflix pfv "
"√â bom, s√≥ q... Dmr ano pra lan√ßar filmes novos !! "
"Melhor plataforma para assistir filmes‚ù§Ô∏è A S S I N E M ‚ù§Ô∏è "
"Ficou pessimo denovo nao conecta no chromecast... "
"o que aconteceu que n√£o conecta a Netflix "
"Adoro a Netflix! "
"N√£o to conseguindo entra "
"A nova interface est√° √≥tima!!! üëèüëèüëèüëè‚ù§ "
"Melhor app "
"Top üòçüòçüòÅ "
"Showww "
"Top "
"üíóüíóüíó "
"√â um bom aplicativo, pra quem gosta de assistir filmes e s√©ries com mais facilidade. MAS sinceramente... limite de downloads? Isso desvaloriza totalmente o aplicativo que na maioria das vezes eu s√≥ uso pra baixar series. Antes eu baixava 10 epis√≥dios de s√©rie pra maratonar agr n consigo baixar nem 4 "
"O aplicativo n√£o abre mais no tablet Dell Venue "
"N√£o esta carregando as series, mesmo com uma internet excelente, arrumem ou vou ser obrigado a cancelar. "
"E muito bom mas,vcs poderiam colocar a serie lenda de korra novamente "
"So trava um pouco. "
"Eu ameii mais queria a 8 temporada de di√°rio de um Vampiro "
"Pra melhorar. Coloque novela turcas e mexicanas "
"Voltem o player maior por favor "
"N√£o consigo acessar . "
"Top! "
"Incr√≠vel üíó "
"Amo "
"üíñüíñüíñüíñüíñüíñüíñüíñ "
"Esse dias esta tendo muito bug de tipo a cena para e o √°udio continua e tipo cada vez q vcs atualiza ta ficando pior vcs tiraram um neg√≥cio de 10seg pra frente e pra tr√°s sendo q era uma coisa muito boa e vc so t√£o estragando o app por favor consertem isso do bug e botem o neg√≥cio de 10seg a mais por favor "
"Pra ser 10/10 s√≥ falta atualizar as s√©ries automaticamente, todo mundo tem que ficar desinstalando e instalando o app pra assistir novos epis√≥dios que lan√ßam (comigo e o raio negro) "
"No meu celular n√£o abre o app. Desinstalei , n√£o serve pra nada!! "
"Pq as s√©ries s√£o t√£o atrasadas , demoram tanto a ser p√∫blicadas quando j√° est√£o dispon√≠veis outras temporadas ? Um belo exemplo √© riverdale ou L√∫cifer "
"Esse App,ultimamente est√° demorando muito pra carregar e d√° erro na maioria das vezes...vejam isso por favor que pago pra assistir e n√£o pra ficar sem! "
"E um app √≥timo, por√©m eu entro pra assistir e depois de um tempo ele trava na tela e s√≥ sai o som a imagem congela. "
"Este aplicativo era bom mais agora ele est√° muito ruim antes eu abaixa os epis√≥dios PR mim assitir agora se eu abaixa 10 j√° n√£o consigo baixa mais nada e quando apago o epis√≥dio e vou abaixa de novo n√£o est√° abaixo e fala q s√≥ depois de um ano PR abaixa de novo √â tbm no meu j7 prime est√° horril assisti online pq fica travando muito por isso prefiro abaixa mais agora nem abaixa t√° dando mais at√© acho que vou para de paga "
"Est√° faltando v√°rios filmes que j√° tem em todo site.! (Todos os filmes de velozes e furiosos. E cad√™ a 2¬∞ Temporada de ""LaCasa de Papel"" dublado.??? "
"Estou decepcionada pois no meu celular s√≥ fica carregando os t√≠tulos e n√£o consigo assistir e quando ligo e um descaso total "
"Nao esta funcionando desde a atualiza√ß√£o so fica carregando e nunca come√ßa , obs: a internet esta √≥tima! "
"Podia ter op√ß√£o de espelhamento de tela via wi-fi direct e n√£o somente pelo app "
"No meu aparelho j√° apareceu a op√ß√£o de voltar 10 segundo e prosseguir 10 segundos pq acabou ? "
"Foreign da para eu assisting me us doomed e series avontade e n hasta muita bacteria doreiii "
"P quem gosta de filmes velhos repetidos e s√©ries sem gra√ßa e enjoativo, √© um prato cheio "
"O bot√£o + e - 10 seg tem que voltar! Apenas o - 30 seg √© muito ruim. "
"MUITO LEGAL E MUITO BOM DE ASSISTI O FILME PARAB√âNS NETFLIX. "
"Est√° dando erro (-200) de conex√£o !! Pagar por uma coisa q n estou usando .. "
"Ja foi bom qdo n√£o tinha essa palha√ßada pra baixar. "
"Simplesmente amei a nova atualiza√ß√£o! Adorei!!!! Assisto tento no celular, computador, notebook quando na televis√£o üòú "
"Subtitles doesnt work in lg gpad 8. Legenda n√£o funciona no lg gpad 8. "
"Tem que ficar mas leve para n√£o pesar no celular "
"Topzera, s√≥ senti falta da op√ß√£o de pular segundos "
"N esta carregando as serie nem filmes üòì "
"O gr√°fico,√≥timo,os filmes series e etc,√≥timos tamb√©m "
"Melhor que isso s√≥ dois disso "
"A Netflix √© √≥tima! "
"Maravilhoso, simplesmente amo a Netflix üòçüòç "
"Coloca uma conta gr√°tis para Netflix üò¢üôèüôè "
"Da hora mano "
"Felipe mais high "
"Otimoooooooo‚ù§üòç "
"N√£o da pra loga "
"Muito top "
"Show "
"√≥timo "
"Perfeito "
"√ìtimo "
"Estava √≥timo, mas a op√ß√£o de avan√ßar ou voltar 10 segundos sumiu. Poderiam arrumar, por favor? "
"Nossa , horr√≠vel essa atualiza√ß√£o,cad√™ os comandos do centro da tela?? Ficou p√©ssimo com os comandos no canto da tela e s√≥ com 30s de voltar.. voltem a atualiza√ß√£o anterior a√≠ dou as 5 estrelas.. "
"O app √© bom por√©m trava bastante, fica retirando os desenhos, filmes e s√©ries meu filho assistia a um desenho e tiraram e a s√©rie sobrenatural n√£o era p sair e poderia colocar mais filme, desenhos e s√©ries ficaria show. "
"Est√° travando muito no Moto E 4, sempre fecha, consertem isso desenvolvedores. Poderia ter op√ß√£o de deixar filmes em uma fila de reproducao pra quando um filme terminar come√ßar outro da fila "
"Para acompanhar s√©ries √© o melhor, tem cada vez mais filmes originais Netflix, e s√£o todos muito bons. Essa novidade de baixar os EP foi maravilhosa! "
"Eu amei sim.. inumeras series e filmes incriveis para todos os gostos a um pre√ßo super acess√≠vel.. Facilidade em usar o app otimo desenvolvimento e recursos.. Estao de parabens! "
"Acho q deveria ter todos os filmes q acabaram de sair do cinema . Por exemplo a saga 50 tons de cinza completos , ter todos na netflix "
"Os v√≠deos n√£o est√£o carregando.. Se eu to pagando quero um servi√ßo de qualidade.. Melhorem isso o quanto antes!! Que absurdo "
"Pago pelo plano de 37, 90, por√©m n√£o consigo fazer download de nem um filme e s√©rie. Odieiüò£ "
"Essa √∫ltima atualiza√ß√£o foi uma bosta, n√£o estou conseguindo fazer download. D√™em um jeito nisso!!! üò° "
"poderia ter mais filmes e a alguns dias n√£o reproduz mais nenhum filme ! Da erro de reprodu√ß√£o reprodu√ß√£o "
"Eh mto bom o problema eh q nao tem tanta variedades. Falta mto conteudo bom "
"√â uma grande plataforma de filmes e s√©ries, o √∫nico problema √© a demora em chegar a continua√ß√£o das novas s√©ries "
"A tela fica sem nenhuma imagem tento assistir e n√£o consigo "
"Simplesmente incr√≠vel o que a Netflix faz, cada vez melhor a plataforma deles "
"Eu n√£o consegui achar filmes que j√° sa√≠ram de lan√ßamento. "
"Ultimamente tem deixado a desejar. N√£o estou conseguindo acesso. "
"Nao ta funcionando depois dessa atualiza√ß√£o "
"Melhor app de s√©ries kk amo muito "
"Gosto demais principalmente dos filmes antigos. "
"Nem todos as s√©ries est√£o em portugu√™s "
"Vers√£o anterior era top. "
"Rindo e se divertindo com a emmmilly "
"Nao ha critica. "
"Eh muito bao pra baixar m√∫sica e h r√°pido . Mas poderia melhorar numa coisa soh quando agente digitar o nome do cantor soh aparecer as m√∫sicas dele e n d outros cantores isso eh rui pois a√≠ agente baixa m√∫sica errado "
"Nss eu tinha um aplicativo ruim ... da√≠ veio esse e √© muitooo topeeeeee "
"Eu pesquiso uma m√∫sica s√≥ q n aparece ela, aparece musicas do msm cantor/nome mas n a que eu quero "
"Eu gosto s√≥ que deveria colocar op√ß√µes de baixar cd completo E mudaria o visual "
"Eu coloco o nome da m√∫sica e diz que n√£o foi encontrado "
"Muito bom o aplicativo ! "
"Ameiii, super recomendo "
"√â bom sim ‚úå "
"√ìtimo "
"Oi "
"N√£o gostei a minha opini√£o "
"Muito bom! "
"Muito bom üëèüëèüëè "
"Muito legal "
"√ìtimo "
"√ìtimo "
"O App √© bom mas tem algumas coisas que deixa a desejar. Mas da pra colocar 5 estrelas "
"Estava satisfeito mas come√ßou a bugar, e precisa aparecer a m√∫sica precisa, acontece bastante de baixar m√∫sica errada por aparecer v√°rias de v√°rios cantores diferentes "
"O melhor aplicativo ja baixei varios mas desinstalei todos mas esse nao deixo de usar muito bom. "
"E muito bom esse a plicativo da pra abaixa qual que coisa eu ame quem nao tem ta pedendo esse plicativo "
"√â muito bom pra baixa jogos para psp Pesquise iso ou cso pra baixar jogos ta "
"Intuitivo e f√°cil de usar, recomendo para quem deseja free sharing. "
"Pra mim esta perfeito baixa musica super rapido muito pratico em tudo... "
"N√£o da pra baixar algumas m√∫sicas e demora muito para pesquisar m√∫sica qwp "
"Gostei muito do aplicativo recomendo ele √© s√≥ saber usar ele parab√©ns "
"Gostei pq da pra salva v√°rias m√∫sicas e esculturas se NET "
"N√£o da pra baixar as musicas atuais pq o app n√£o tem "
"Adorei ja App bom mas esse √© perfeito "
"N√£o consigo escutar as m√∫sicas que baixei no 4Shared "
"Bom aplicativo recomendo pra todos e muito bom "
"O melhor at√© agora show de bola. "
"Uso no PC e no celular... nunca deu problemas! √â show de bola!!! Podem baixar sem medo!!!üëçüëçüëç‚ò∫‚ò∫‚ò∫üéßüéß "
"Ele √© bom mas falta orienta√ß√µes "
"poderia baixar par√≥dias do YouTube tamb√©m "
"Bem Mais ou menos "
"Muito bom eu recomendo "
"muito zika tenho gta4 "
"Gostei esse APP √© √≥timo "
"O epp √© bem legalüòä "
"N√£o tenho certeza "
"O MELHOR ! "
"Gostei muito! Super recomendo üëçüëçüëç "
"Gostei desse app "
"√ìtimo melhor n√£o a "
"√â bom gostei "
"Muito bomüëç "
"√ìtimo app "
"Muito bom "
"Muito bom "
"E bom "
"Uma porcaria "
"Trava muito "
"E bom "
"Bom demais "
"Show üòÅ "
"Profissional "
"√ìtimo "
"Perfect "
"√ìtimo "
"Show "
"Amei "
"Legal "
"Amei "
"Otimoooo "
"Maravilhoso "
"üòçüòçüòçüò¶üòçüòçüòç "
"Ele √© muito bom o √∫nico aplicativo que realmente baixa m√∫sicas au inv√©s de s√≥ poder escutar e voc√™ pode ouvir dentro dele aula inv√©s de ter que sair para o seu aplicativo de m√∫sica o que o torna bem pr√°tico. "
"T√° muito ruim. Essa nova vers√£o do aplicativo antes baixava r√°pido deviam melhorar esse √© o atual melhor aplicativo s√≥ melhorar pra achar as m√∫sicas que n√£o t√° achando s√≥ diz que n√£o foi encontrado "
"Muito Bom pra Musica mas tenque Melhorar Para baixar video e Horrivel nao tem o que eu quero, por exemplo tenque melhorar pra baixar videos do youtube!!! "
"a uns 2 anos atras (DAVA) para baixar rapido, mas hoje nem te conto a lentidao ate com internet boaaa "
"P√©ssimo,o App n√£o acha praticamente,quase,nenhum dos v√≠deos desejados(pesquisado),√© horr√≠vel, eu simplesmente n√£o indicaria a uma outra pessoa. "
"M√∫sicas com qualidade 10. Falta s√≥ remover essas propagandas que aparecem as vezes e vai ficar show "
"Estou gostando, o problema √© que alguns louvores tem sumido da minha playlist n√£o sei pq "
"Vai tom√° nu mey do ku poha, s√≥ tem live e cover , n tem versao de studio "
"Sumiu todos os meus arquivos salvo na minha conta do 4shared, voc√™s podem resolver isso?? "
"Eu quero baixar o v√≠deo, nao enviar link. "
"App bom! "
"Otimo "
"Bom "
"Muito bom "
"Muito bom "
"Top "
"Gostei "
"T√° cheio de v√≠deo que engana agente , e olha que √© desde fevereiro, t√° na hora de voc√™s olharem isso. "
"Muito bom continue assim World.buzz sou usu√°rio fiel "
"Top. Gostei de mas,recomendo h√° todos üëè "
"APP excelente. Meus parab√©ns "
"Incr√≠vel ‚ù§üòç "
"Otimo "
"√ìtimo "
"Muito bom adorei "
"Bom "
"Muito bom! "
"Muito bom "
"Muito bom "
"Bom "
"Amei eu consegui achar este App no canal Toda Meiga v√£o l√° ela fala sobre o aplicativo "
"Aplicativo show de bola "
"App bom "
"Muito bom "
"Ia ser bom se podesse baixa videos e gifs pra celular teria como coloka iso? "
"Muito bom "
"Muito bom "
"Bom "
"O melhor app pra v√≠deo do momento. "
"Muito legal!!! "
"Muito bom "
"E top galera .... "
"Muito bom excelente n√£o tem propaganda!!! "
"Aplicativo muito bom carai "
"emuitolegal "
"Bom de mas "
"Gostei, eu me divirto muito "
"MUITO bom recomendo "
"Bom "
"Muito bom!!! T√≥picos bem separados... Interage com o que vc curte selecionando mais v√≠deos do mesmo assunto. "
"Muito bom... "
"Bom "
"√≥timo "
"abaixei o app pois vi o nelso da casa do kame indicado pra abaixar gostei do app mas poderia ter umas melhorias! "
"Os v√≠deos s√£o muito engra√ßados "
"Esse APP e d+ "
"O melhor dos app "
"Muito engreveu "
"Muito engra√ßado "
"Massa "
"otimo "
"Qual o melhor √©pi de entretenimento? TOP BUZZ MEU CHAPA "
"Nao sei "
"Aqui e topbuzz meu chapa #VimPeloOrdinario "
"Timo "
"√â muito igracado "
"S√≥ vou baixar por causa do bitgamer YT "
"E nois "
"Mais ou menos "
"Gostei "
"Eu Amei Esse App √â muito Divertido E Legal Principalmente Os Gifs Se Desse Para Dar Mais Estrelas Eu Daria 100 "
"Ainda n√£o conhe√ßo tudo que o APP oferece mais eu quero saber se tem novelas "
"Adorei esse jogo que que tem muitas muitas estrelas mas eu n√£o sei se n√£o coloquei todas "
"N testei ainda mas vou ver se gosto e depois comento "
"Da pra baixar alguns videos mais ele fica travando muito "
"Eu gostei muito do aplicativo mas s√≥ como √© que usa "
"Amoooo em ecigalano YouTube meu canal e manu gomes "
"√â um lixo falaram que o Faust√£o tinha morrido "
"Espero receber todas informacoes gratis mesmo "
"Se podesse. Daria 100000000 de estrelas "
"N√£o d√° para enviar via WhatsApp "
"Fal√ßas not√≠cias. Apela muito "
"Vim pelo canal noiskita "
"O melhor aplicativo do mundo "
"N√£o conhecia, gostei "
"Muito bom de mais "
"Legal "
"Muito bom!! Mesmo baixem "
"N consigo voltar pra minha conta o que que eu fasso?? "
"Melhor APP do mund0!!!!!!!!!!!!!!!!!!!!!!!!!!!!!!!!!!!!!!!!!! "
"suthymac "
"√â muito bom pq eu formatei o meu celular e eu tinha uma conta nivel 84 no clash of cl√£s eu ja tinha os 3 herois nivel maximo ai eu instalei de novo e tava la tudo salvo "
"N√£o consigo apagar um jogo que foi vinculado sem querer na minha conta agora que eu reinstalei o jogo e tinha conte√∫do salvo no Facebook eu t√¥ tentando salvar na minha conta no Google Play jogos e n√£o t√¥ conseguindo por causa que eu n√£o estou conseguindo apagar porcaria da minha conta antiga desse jogo est√° sendo uma m****... "
"‚Ä¢ Nunca Penseii Qii Diria isso Mas, Prefiro a Vers√£o Anterior.. ‚Ä¢ Quero Acreditar Qii o Fulano Qii Actualizou O G.P.J Tava Sob efeito Duma Droga Qualquer!! "
"Jogabilidade √≥tima perfeitos gr√°ficos realmente um bom emvestimento em mat√©ria de divertimento "
"Cara no clash of clans n√£o t√° logando, se eu perde minha conta CV 9 vou pro cesar "
"Eu amo esse APP para poder guardar os e mails "
"Seria bacana se eu pudesse capturar a tela dos meus jogos no meu android 4.4 com esse app "
"Muito legal Eu tenho no meu celular .No do meu irm√£o e da minha m√£e e no celular do meu outro irm√£o e dos meus primos üòèüòèüòÄüòÄ "
"Ruir pode n√£o sevi n√£o pesta "
"Eu gostei do aplicativo mas cade o gravador o meu canal e de gravar videos por favor coloquem gravador "
"N√£o esta mostrando a lista de conquista, por favor arrumam e esta com algumas instabilidades na conexao "
"N√£o curto muito mas sou obrigado a usar para salvar meu games "
"Serve pra nada na minha opini√£o, apenas para guardar o save do clash royale "
"Muito bom Poderia ter como comprar armas sem ser com dinheiro "
"Excelente!!!! "
"O melhor n√£o tem outro igual √∫nico primog√™nito "
"Mobile √© um game excelente de pr√°tica jogabilidade "
"Muitobo n ajudar equer varias salvadas de atualiza'√ßoes do jogo "
"Problema ao grava v√≠deo no moto g2 "
"No meu aparelho m√≥vel n√£o instala "
"Cad√™ travou nos 100 porcaria I agora? "
"Mto bom pra salvar progresso nos jogos "
"Muito bom "
"Muito bom!!! "
"Demora demais pra abrir "
"Q negocio bom "
"E muito bom "
"√â muito legal "
"Dificilmente usoüòï "
"Excelente para jogos "
"Muito bom "
"Suave GP10 "
"Bom dimais "
"Slc top "
"Muito bom "
"Fdm Fdm tbm "
"Kkkkk "
"Bom "
"√ìtimo "
"√ìtimo "
"Bom "
"Otimo "
"Bom "
"Bom "
"üòçüòç "
"Atualizacao horrivel nao gostei nem pouco do novo design fico perdido em tudo e nao consigo ver meu perfil direito nem de outros jogadores e perdi o processo dos meus jogos mesmo reconectando eles com a conta da play games nao consigo recuperar meus processos por favor resolvam isso "
"Essa interface ficou horr√≠vel e agora n√£o t√¥ mais conseguindo trocar de conta, eu troco no Google play games mas quando entra nos jogos loga com a que tava antes "
"√â muito bom, pois com esse aplicativo voc√™ pode salvar o progresso de seus jogos. Assim quando voc√™ logar em outro dispositivo com esta conta n√£o perder√°s o progresso "
"Excelente! Ele guarda os meus dados de diversos jogos. O problema √© que quando formato meu tablet, todos os dados s√£o perdidos. Seria bom se houvesse backup de dados. "
"Minha conta √© MT bem elaborada pelo Google Play Gamer em variados jogos MT bom "
"Atualizem ele pois os jogos nao estao atualizando tipo csr racing ta com xp antigo e nao atulizou nem a capa do jogo "
"N salvou minha conta no Mobile Legends, n cumpre o que promete. E n foi a primeira vez. Nossa, perdi uma conta bem avan√ßada. E mais, n da para mudar foto, muito menos o nome.... Desenvolvedores, vcs est√£o dormindo? A gente que est√° saindo na pior por aqui. Depois dessa atualiza√ß√£o, o app ficou uma porcaria, um lixo em todos os aspectos. E sei q nenhum de vcs ir√£o me respnder, pois, vcs n tem conseidera√ß√£o, em oitras palavras, vcs est√£o cagando pra gente, n somos nada. Rid√≠culo. "
"N√£o t√° funcionando mais n√£o consigo logar minha conta ficou muito ruim espero solu√ß√£o dos adm "
"Adorei, m√°s o que acontece nesta atualiza√ß√£o, nao aceita abrir com nenhuma conta diz que precisa de uma liga√ß√£o √† internet... "
"Pessimo No meu celular depois que formatei nao esta mais entrando "
"Consigo reaver meu progressos em jogos muito bom! "
"Assassinados degradadas dissuadido de diodos difundindo dissidentes Durkheim Heidegger usadas traduzida lagartas ruralaeayET "
"PAC man offline integrado???ok voc√™s me convenceram,vou baixar e testar isso agora! "
"Show de bola esse app "
"Vale a pena baixar pra salvar sua conta se vc for trcar de cell "
"Gostei pois me permite desinstalar o jogo e mesmo assim n√£o perder o progresso!!! "
"√â √≥timo mas quando n√£o pega apaga e baixa outra vez "
"n√£o tou conseguindo logar minha conta nos jogos. concertem isso logo "
"Nao sei se e p√£o mai eu vu vi "
"√â muito bom mesmo adorei esta mim ajudando muito "
"Podia melhorar Mas ainda prefiro atualiza√ß√£o antiga "
"O SAM √â BRABO Q U A L I D A D E & C I N C R O N I A OU MEMEGUY1997 "
"√â razo√°vel e nem √© muito mau n√£o ate pelo contrario e bom!!!!! "
"Esse app e o melhor que eu j√° vi "
"N√£o tem cr√©dito... s√≥ se comprar ou ver v√≠deos... vou excluir "
"A atualiza√ß√£o ficou ruim "
"Apresentando falhas constantes ao abrir jogos "
"Amo sempre usem super indico "
"E muito bom!! √ìtimo "
"Eu pefiria a vers√£o antiga "
"Jogos E bom para conta "
"N√£o √© ruim nem bom "
"podia se mais rapido "
"Melhor jogo do mundoüòé "
"N√£o sei talvez "
"Eu sou o geraldo "
"N√£o ta pegando "
"Legal porra carrai "
"Se eu for depender desse aplicativo para ver alguma not√≠cia eu estou lascada, pq demora demais para abrir. Quase uma vida Aff ... J√° passou da hora de melhorar isso a√≠, n√£o?! Caso resolva eu dou mais estrelas. "
"S√≥ fica carregando n√£o consigo ver nada resolvam isso! "
"√ë est√° funcionando, s√≥ fica carregando e nada mais, resolvam isso por favor. "
"N√£o transmite a programa√ß√£o ao vivo "
"N√£o consigo assistir pelo chromecast. Aparece que estou conectado com o app, mas quando vou pra reproduzir sai apenas o audio, a imagem n√£o aparece e fica somente a mensagem de ""estamos prontos"" Consertem isso, pois aconteceu ap√≥s a √∫ltima atualiza√ß√£o. "
"Trava mais do que funciona, √© como se sua conex√£o estivesse sempre ruim, mesmo todo resto funcionando normalmente. "
"P√©ssimo aplicativo. Trava toda hora e quando uso no TV Box √© pior, e at√© mesmo no celular tem horas que n√£o aparece a op√ß√£o ao vivo "
"Bom o aplicativo tem tudo pra dar certo e sem √≥timo, mas perdi pontos em desempenho, nem com o celular sendo top de linha ele ainda tem travamentos e lentid√£o, as vezes engasga na hora de reproduzir v√≠deos, fora o layout do aplicativo ser muito simples e nada intuitivo. Poderia sem mas intuitivo e mas c√¥modo de usar j√° que √© um aplicativo que faz destreaming de novelas e s√©ries. Como por exemplo dar continuidade nas novelas e s√©ries que cada usu√°rio assiste. Seria muito melhor √© iria facilitar muito. O aplicativo tem tudo pra ser bom mas precisa de muito ajustes. "
"Sempre apresenta problemas, a gente paga em dia mas o servi√ßo oferecido vive tendo falhas. "
"P√âSSIMO! Trava a todo instante e ningu√©m arruma isso, descaso total. "
"Trava o tempo todo e n√£o abre os v√≠deos! Eu pago a assinatura e n√£o consigo assistir nada!!! "
"Trava em 5 em 5 segundos... Assitir BBB sem chance alguma... Assinei somente por isso.. sacanagem... "
"Lixooo nunca pega fica travando "
"Est√° um lixo "
"N√£o estou conseguindo assistir os cap√≠tulos aparece toda hora q este v√≠deo n√£o est√° dispon√≠vel "
"O usu√°rio paga pelo conte√∫do e mesmo assim tem que assistir propaganda quando for assistir determinados v√≠deos :( "
"N√£o tem a op√ß√£o de 0 estrela? Pqe √© o que esse app merece. Trava muito, muito mesmo, ao ponto de n√£o rodar nada! Com o porte que a globo tem, ficaria com vergonha de uma meeeeerda de app desse. "
"Muito ruim, o acesso tanto com a smart tv quanto com o android trava toda hora, ja fiz reclama√ß√£o mas ate o momento n√£o regularizado. "
"Nossa esse app t√° terr√≠vel, n√£o abre os v√≠deos quando abre √© depois de um temp√£o e ainda por cima gasta toda bateria do celular "
"N√£o tem como assistir conte√∫dos ao vivo n√£o? Se n√£o tiver coloque para que o app seja mais completo. "
"Horr√≠vel mi arrependi muito, fica parando o tempo todo, n consigo acompanhar nada parando üòèüòè "
"Que aplicativo horr√≠vel. N√£o possui ferramentas m√≠nimas m "
"Trava o tempo todo, nao d√° pra assistir nada "
"N√£o consigo assistir a programa√ß√£o da Globo ao vivo "
"N√£o t√¥ conseguindo fazer login. "
"Gostei "
"P√©ssimo "
"Trava muito. S√£o raras as vezes q consigo assistir algo no aplicativo. Sempre trava antes mesmo do v√≠deo ser reproduzido e √© muito comum fechar inesperadamente. S√≥ consigo assistir pelo site. Devido a esses problemas e o sil√™ncio dos desenvolvedores do aplicativo estou pensando em deixar de ser assinante, nao t√¥ pagando pra passar raiva. "
"Um lixo, tava todos os v√≠deos, seja no Wifi ou dados m√≥veis achei q pudesse ser da minha internet mas n√£o √© porque o netflix funciona muito bem sem travar. E agora deu pra n√£o abrir o app. Ta na hora de consertar pagamos por esse servi√ßo. "
"N√£o consigo acessar minha conta no aplicativo. Ap√≥s lan√ßar usu√°rio e senha, s√≥ fica processando e n√£o entra na conta. J√° removi/reinstalei. Troquei de rede wifi e m√≥vel e nada. Sem contar que o aplicativo da smart tv tbm est√° bugado, dando erro pra entrar e assistir os v√≠deos. Se n√£o sabem fazer um aplicativo funcional, n√£o lancem em produ√ß√£o... "
"esta ruim, esta travando muito, demora d+ pra entrar nos programas. e so consegue assistir se for com WIFI, pq dados de celulwr esquece, so fica pensando "
"O app trava quase sempre e est√° super lento. Dah muitos spoilers. Abro p assistir e j√° leio o que aconteceu... "
"P√©ssimo aplicativo, n√£o funciona e eu n√£o consigo cancelar essa porcaria. Ta cobrando sem eu ter usado pq n√£o funciona. "
"N√£o gostei. S√≥ presta no in√≠cio, depois fica horr√≠vel. Simplesmente nenhum v√≠deo n√£o reproduz mais. N√£o recomendo. Vou desinstalar. "
"Uma bosta trava o tempo todo n√£o d√° pra assistir 5 minutos sem travar "
"O APP toda hora fecha sozinho e perco o conte√∫do que estava assistindo! "
"App trava toda hora. N√£o d√° pra assistir nada. N√£o recomendo. "
"T√° uma bosta mano depois t√° atualiza√ß√£o trava de mas v√©i... "
"T√° horr√≠vel trava n√£o abre "
"Trava muito p√©ssimo. "
"PARABENS REDE GLOBO "
"√ìtimo "
"Aplicativo lixoooo, tanto na tv como no celular, trava demais e vive exibindo mensagem de ""Ocorreu um erro"" pelo amor de Deus! 15,90 √© pouco pra todo o conte√∫do dispon√≠vel? √â! Mas se o conte√∫do n√£o t√° dispon√≠vel de verdade acaba sendo √© muito caro isso sim. S√≥ faz passar raiva. Lixooooo "
"App trava TD hora, e n√£o consigo assistir pelo Chromecast. "
"Sou assinante h√° quase dois anos, mas ultimamente est√° p√©ssimo o servi√ßo. Na Smart TV fica dando c√≥d 4000, 3000, 3001 e 2001. No celular, s√≥ trava, passa 5 segundos de v√≠deo e fica carregando uns 30 segundos. Meu celular √© A8 e meu wi fi com 20 megas de fibra √≥tica, ent√£o o problema est√° no app mesmo. Favor verificar e consertar, caso contr√°rio, cancelarei minha assinatura. "
"Um p√©ssimo app, vive sendo atualizado, trava sempre e para abrir as vezes √© um processo, e olhe que o meu celular √© bom. P√©ssimo. "
"Uma bosta total n√£o abri os v√≠deos n√£o d√° pra ver os cap√≠tulos da novela que j√° passaram uma verdadeira porcaria esse aplicativo "
"a velocidade dos v√≠deos , os v√≠deos ficam travando e os aovivos tbm , concertem isso a√≠ ! "
"N√£o consigo cancelar a informa√ß√£o para cancelamento √© incompleta. "
"N√£o consigo cancelar a informa√ß√£o para cancelamento √© incompleta. "
"O aplicativo est√° travando muito n√£o consigo ver nada porfavor fa√ßam alguma coisa "
"Esse cara√≠ desse APP s√≥ fica travando,n√£o fica em segundo plano,o play √© somente enfeite por que aperta aperta aperta e n√£o vai de jeito nenhum. Sem falar que pra fazer a assinatura √© tudo em ingl√™s,povo tapado viu aqui,tinha que estar traduzido. "
"N√£o estou conseguindo acessar minha conta, quero assinar e n√£o consigo entrar! J√° tenho cadastro "
"Esse App e um verdadeiro lixo, trava mas que tudo prefiro assistir na minha TV normalüò™ "
"O aplicativo sempre foi compat√≠vel com meu celular e agora n√£o abre mais, alegando se incompat√≠vel com o meu aparelho. "
"Trava muito, minha internet √© boa, e o aplicativo travar de mais vendo a novela. "
"e app √© bom mas ficou travando meu celular desinstalei "
"e app √© bom mas ficou travando meu celular desinstalei "
"N√£o consigo fazer login, estou pagando as mensalidades em dias e n√£o consigo... "
"O app para toda hora. N√£o d√° pra Assis nada. "
"Que bosta mano "
"Uma nega√ß√£o . "
"Eu n√£o tinha problema desde dez/17 come√ßou a travar. Abre tudo mais mao roda e tenho 10 mega de internet e meu cel samsung gran prime "
"O app trava demais, perdemos a paci√™ncia em ficar tentando reproduzir e ficar congelando a imagem a todo instante. O app deveria ter a op√ß√£o de escolher um modo de reprodu√ß√£o para internet mais lenta! "
"Assistia a novela e gostei do app ,mais ap√≥s a atualiza√ß√£o so fica carregando e n√£o consigo mais ver nada...Pois fica aguarde e carregando e n√£o consigo assistir.Est√° deixando a desejar!!! Procure melhorar para obter notas melhores,e pelo que vejo n√£o somente eu venho dizer a respeito desse problema. "
"Esse aplicativo da globo trava demais no meu sansung e outro Android de pessoas que conhe√ßo, porque no iphone da minha filha n√£o trava nenhum vez.. eu fiz o teste com a mesma Internet com um v√≠deo de dois minutos no meu sansung e no iphone dela no meu sansung o v√≠deo travou 11 vezes no iphone nenhuma vez.... esse aplicativo √© p√©ssimo p√©ssimo p√©ssimo... Porque se esta dispon√≠vel para todos os sistemas operacionais ent√£o deveria funcionar em todos..... "
"O App √© p√©ssimo, n√£o roda nada S√≥ trava, quem for querer assinar uma dica n√£o assina ,isso aqui √© um lixo!! "
"Aplicativo horr√≠vel... Cancelei minha assinatura pq o aplicativo n√£o funciona e ningu√©m toma provid√™ncia.... Descaso total ... Foraaaaa "
"√â bom, mais bem que a programa√ß√£o local voc√™s poderiam colocar na √≠ntegra "
"Aplicativo horr√≠vel ,trava tanto que at√© desisto de assistir "
"N√£o consigo acessar o site "
"√ìtimo... tenho a Globo na m√£o! "
"P√©ssimo trava muito al√©m de disso o aplicativo fecha do nada "
"P√©ssimo. Queria assistir malha√ß√£o, mas s√≥ queria mesmo pq n√£o consegui.. trava toda hora e demora eras pra voltar .. tive que abrir e fechar ele dezenas de vezes. Foi super chato pq queria mto assistir. "
"Adoro toda a programa√ß√£o....Mais ultimamente t√° travando demais,por favor arrumem isso... Afinal de contas estamos pagando,e precisamos de uma qualidade melhor "
"Continua sem reprodu√ß√£o ao vivo desse jeito vou ser obrigado a cancelar a assinatura "
"Trava muito...üò≠ "
"Legal "
"Cancelando minha assinatura app lixo , tava muito eu tava assistindo verdades secretas n√£o d√° pra assistir mais .. n√£o recomendo trava muito "
"Est√° travando demais e eu n√£o consigo mais assistir nada "
"Trava de mais... melhorem isso por favor! "
"Horr√≠vel "
"Tudo trava, BBB so da pra acompanhar a casa, pq as c√¢meras e √°udio ficar fora de alcance. "
"O App est√° cada dia pior e voc√™s ainda tem a pachorra de aumentar a mensalidade. Tenho uma Wifi de 30M e mesmo assim esse lixo s√≥ trava. Novela s√≥ d√° pra ver 1 min antes de travar de novo. Vou cancelar a assinatura. "
"Nem venham dizer que minha internet √© ruim! A Netflix roda sem erros. Arrumem isso, por favor! "
"App simplesmente n√£o corresponde √† proposta inicial. Trava, n√£o faz o login adequadamente, fica muito tempo ""transmitindo"" para TV e quando carrega fica cortando... P mim n√£o vale R$1,00... Tem potencial mas no momento n√£o vale....n√£o cumpre o que promete, ineficaz, n√£o comprem, n√£o compensa!!!!! "
"N√£o funciona com o Chrome Cast e nem no PC, diz que n√£o est√° dispon√≠vel em minha regi√£o, mas no celular funciona (pra mim n√£o serve) "
"Sou assinante do premier FC se eu assinar a Globo play vou conseguir ver jogos via chomecast? "
"N√£o consigo realizar a assinatura sempre aparece dados inconsistentes cod 201 "
"AFF, J√° tentei por diversas vezes logar na minha conta, s√≥ fica carregando e nada. "
"Cad√™ os administradores deste app √© pago minha gente e n√£o consigo ver nada s√≥ trava e muito lento ????? "
"Com a nova atualiza√ß√£o o Player n√£o est√° reproduzindo nenhum v√≠deo "
"APP horr√≠vel trava TODA HORA. "
"No celular muitooo ruimm "
"T√° muito lento "
"√ìtimo app "
"Consertem isto!!!! Lixo...a Globo nem se importa com os reclames? Demitam o incompetente qu√™ desfuncionalizou o app, pois rodava direitinho, antes!!! "
"Pago por uma coisa q n√£o consigo usar, passo o dia fora de casa e qndo vou tentar assistir algo pelo App n√£o consigo, simplesmente n√£o carrega nada, antes s√≥ travava muito, agora nem se quer da p assistir pelo App, s√≥ consigo assistir qndo chego em casa pelo notebook, mas n√£o tenho muito tempo em casa porq tenho q fazer os afazeres dom√©sticos. Obs: minha internet tem velocidade √≥tima, e assisto you tube, Netflix e n√£o tenho problemas, logo o problema √© com o App Globo play. "
"N√£o presta! Trava o tempo todo, mesmo com Internet boa. Tive que assistir pelo pr√≥prio site. "
"O problema da Globo play √© que trava de mais "
"Lixo Gr√°tis talvez o pago funcione "
"Trava muito e √© muito lento "
"N√£o consigo logar, fica no carregamento eterno "
"Esta travando o tempo todo. E o c√∫mulo do absurdo voc√™ assistir uma novela que come√ßa em mar√ßo e todo dia ter que ficar pulando dia a dia at√© chegar a data que voc√™ quer no dia(Ex.: 08/agosto), n√£o tem um filtro, um absurdo. E se a novela tiver quase um ano, olha a quantidade de dias que eu terei que passar um a um. √â melhor usar o navegador ou um computador pra assistir. Vergonhoso "
"Este app est√° muito ruim trava toda hora "
"S√≥ trava, fica saindo do usu√°rio, √© p√©ssimo "
"Maravilhoso "
"Mesmo com internet r√°pida demora a carregar "
"Melhorou "
"Uma porcaria, trava toda hora, lento, player sem comandos precisos. LIXO "
"√â o melhor app q eu j√° baixei n precisa paga e tem v√°rios filmes e s√©ries mas eu tenho algumas dicas para os desenvolvedores (eu tentei entrar em um filme mas n deu, e eu queria tbm q tive se novas atualiza√ß√µes com mais filmes novos e s√©ries). "
"Muito bom mias pode melhorar se colocarem mais r√°pido os filmes novos e tem uns que n√£o t√° em portugu√™s Brasil consertem isso por favor s√≥ botem filmes legais e botem filme Kung Fu panda blzüëç "
"E muito bom mas trava muito tem um problema fui assistir a um filme parei na metade, por√©m qdo fui retornar pra ver o restante o filme n√£o abre mais üòß fica escuro n√£o roda me ajudem foi o melhor q encontro at√© agora. "
"Tem muita variedade de filme, o problema que a grande maioria tem a propaganda de marca d'agua na tela do filme. Horr√≠vel! Tem que rever o conceito de parcerias de quem fornece os filmes. Tudo bem que precisam divulgar os parceiros, fa√ßam isso no inicio, antes de come√ßar o filme. N√£o √≠ndico o app "
"Os filmes sao topes mas na hora q ta assistindo e quando chega pr√≥ximo ao meio aparece uma msn dizendo q esse filme nao pode ser reproduzido e ja era nao ve mais nada .....e nao √© a primeira vez isso ... "
"Gosto muito do app, por√©m t√° tendo muito an√∫ncios de propaganda, e n√£o estou conseguindo assistir filmes! J√° estou pensando em desinstalar o app do meu celular! Por isso abaixei a nota para Tr√™s estrelas! Ningu√©m, n√£o me da nenhuma resposta, n√£o t√¥ conseguindo abrir nenhum filme! "
"Eu gostei muito mais acho que o S√£o pode mudar algumas coisas ..tipo quando vou procurar por um filme n√£o da pra escrever o nome todo mais o App e maravilhoso t√¥ amando "
"√ìtimo espero que n√£o mude nada, √†s vezes s√≥ que n√£o pega o filme mas fora isso est√° √≥timo. "
"√ìtimo app, sempre com filmes atualizados e em √≥tima qualidade, uma pena que o Hobbit e Harry Potter n√£o est√£o reproduzindo, mas exceto isso continua sendo um app muito bom, parab√©ns aos desenvolvedores. "
"Um dos melhores apps a seguir a linha do Filmflix apenas n√£o repitam o erro de ficar a cobrar para ser vip e com actualiza√ß√µes desnecess√°rias sendo que o mesmo est√° √≥ptimo como est√°. "
"Ol√° app √© muito bom, gostaria se por um acaso vcs ver essa msg de assistir tds os filmes ANJOS DAS NOITE, PREMONI√á√ÉO, SOLDADO UNIVERSAL, A LEI √â PARA TODOS, alguns filmes brasileiro, dependendo do filme eu assisto, filmes para maiores de 18 anos e coloca filme de 6 meses em diante, exemplo se hj √© dia 11/03/2018, vcs coloca filmes lan√ßado a partir do dia 11/09/2017 em diante. "
"Aplicativo √© bom, n√£o precisa pagar nada pra assistir...S√≥ que t√° precisando de filmes recentes, os filmes que est√£o l√° s√£o antigos, s√≥ isso q precisava melhorar. "
"Amo esse app, gra√ßas a ele consegui ver muitos filmes lan√ßados a pouco tempo,a √∫nica coisa chata √© que n√£o funciona na parte da tarde üòì "
"Um bom aplicativo, no meu moto G3 roda muito bem, os filmes tem qualidade de imagem e √°udio boa, e tamb√©m encontra filmes que foram lan√ßados recentemente. "
"Porqu√™ agr o app n√£o quer mais aparecer os filmes? Arrumem isso "
"Muito bom!!... Filmes novos com boa qualidade de √°udio e v√≠deo..... Consigo reproduzir os filmes sem uma demora muito prolongada, considerando que a minha internet √© lenta. "
"Muito bom !Pena que n√£o consigo jogar os filmes na smart TV e nem baixar no PC! Nas e sim um bom aplicativo, parab√©ns !Ah!Ainda n√£o vi um faroeste üòäüòä "
"√â bom, t√° escrito que √© pra v√™ filmes e s√©ries, mas quando coloco pra v√™ s√©ries vai direto pro playstore pra baixar outro App, n√£o entendi o porque disso. ??? "
"Parab√©ns para desenvolveu esse App, na minha opini√£o √© o melhor, se tem algu√©m reclamando √© por que o celular ou a Internet do celular que √© ruim..Ok? Obrigado "
"Muito bom, n√£o trava quando estou assistindo aos filmes, com imagem muito boa.Adorei encontrar esse aplicativo! Estava procurando h√° muito tempo "
"Bom gostei ,mas um iconi que espelhava pra conectar na smart tv n√£o aparece mais na fun√ß√£o do App mas os filmes rolam de verdade. "
"Gostei muito! N√£o tem milhaaaares de t√≠tulos, mas a maioria √© filme rec√©m lan√ßado nos cinemas! √ìtima qualidade de som e imagem! Muito bom! "
"o melhor que eu ja acheii ..Procurei demais um app pra assitir filmes e series gratis e achei esse .Too gostando demais recomendo ... "
"Adorei pois n√£o trava e consigo assistir todo o filme parab√©ns que continue assim √© sempre melhorando cada vez mais "
"√â muito bom! As vezes o filme fica travando. -- Atualizando (09/03): atualmente quase n√£o trava. "
"o melhor aplicativo que j√° vi,se eu pudesse daria o universo de estrelas, parab√©ns aos criadores, n√£o tem que mudar nada, √© simplesmente PERFEITO "
"Gostei muito,s√≥ precisa na minha opini√£o melhorar em duas coisas: a interface e colocar filmes mas novos. "
"S√≥ seria bom si colocasse mais filmes atuais,desculpe,mas tem muitos filmes antigos. Fora o resto √© muito bom . "
"Muito bom esse app nao precisa pagar e tbm ja vi muitos filmes que queria ver parabens "
"So nao entendi porque essa lista alternativa q nao reproduz no meu üëç? ????cara continua a msma coisa se a resolu√ßao e alta nao √©nem pra aparece na lista "
"Pq eu assisto na minha smart tv filmes do YouTube e aqui no alerta filmes n√£o consigo. Aguardo o feedback de voc√™s. "
"Tem pouco tempo que instalei o app , ainda n√£o tive tempo de olhar mas detalhadamente , mas o que j√° olhei gostei muito "
"Eu gosto muito desse aplicativo olho muitos filmes e recomendo pra quem est√° pensando em baixar eleüëåüëç "
"Mto bom, pena q tem filmes q n√£o espelham na Smartv. E n√£o tem Pai em dose dupla 1 "
"APP roda filmes com boa qualidade, faz jus ao prometido, mas n√£o tem uma lista muito ampla. "
"√ìtimo esse APP.. Todo dia tem novos lan√ßamentos de filmes esse eh o melhor aplicativo para assistir filme "
"N√£o consigo ver filme algum, sempre que clico em um determinado filme mostra um monte de an√∫ncios. N√£o d√° pra acisti "
"App excelente qualidade de filmes HD o melhor que j√° criaram at√© hoje est√£o de parab√©ns üòéüòÅü§ó "
"O app √© bom! Pode melhorar se separar os filmes por categorias! Ex: A√ß√£o, Romance, Religiosos, etc. "
"Esse app e √≥timo pra assistir filmes s√≥ que n√£o tem muito mas sempre aparece um bom "
"Excelente apss, uso bastante. Muitos filmes e s√©ries . E o melhor todo dia tem novidades "
"Voc√™s √© que s√£o uns amores! Valeu ! Meu carnaval vai ser puro cinema. Feliz carnaval pra voc√™s tamb√©m. Xerooo! "
"O app √© bom. Filmes de gra√ßa sem propaganda e sem frescura nenhuma que alguns sites tem! "
"S√≥ queria saber se posso jogar o filme na Smart tv?! Os filmes s√£o bons! "
"Gostei bastante do aplicativo, op√ß√µes recentes de filmes e s√©ries. De negativo a demora para carregar o processamento. "
"E...√≥timo est√° app estou amando parab√©ns pra voc√™s continuando assim cada vez melhor. üòöüòö "
"Arrumem porfavor se arrumarem os filmes que nao da pra ver as imagem vou dar 5 estrelas "
"Muito bom o App... Tem lan√ßamentos e alguns filmes antigos que fizeram sucesso. Eu super recomendo ! üëèüëèüëè "
"Obrigado por tudo. Eu amei o aplicativo. Me amarrei msm tem de tudo que bom . Nem pago as o Netflix. .. gra√ßas a Deus ... "
"Gostei muito,o √∫nico problema s√£o os an√∫ncios pedindo pra vc baixar mais apps. "
"F√°cil de usar! Seria melhor se tivesse classifica√ß√£o por g√™nero, tipo romance, suspense etc! "
"O app √© muito bom, por√©m devia ter como desativar as notifica√ß√µes, se tem n√£o encontrei!!! "
"App muito bom agrade√ßo aos criadores por esse aplicativo vc6 est√£o de parab√©ns obrigado. "
"Bom... Ainda pode melhorar, mas estou gostando . Filmes com boa qualidade de imagem. Vale a pena. "
"Ficaria muito melhor se desse pra transmitir na TV smartv mas o App e √≥timo "
"Amei este aplicativo, n√£o imaginei que fosse t√£o bom, superou minhas espectativas. "
"APP perfeito para assistir filmes adicionem mais filmes eu recomendo o opera√ß√£o big hero "
"Amei tudo "
"Ser√° que por favor podem colocar o filme vigilante do amanh√£, quero muito assistir, obrigado "
"Bom. Porem qnd saimos do filme , ele recomeca tudo outra vez "
"Queria saber se h√° alguma configura√ß√£o pois quando transmito para o Chromecast ele para a come√ßa do in√≠cio do filme tenho que monitora pra n√£o perder de onde parou, outra coisa n√£o consigo transmitir para smarttv, aguardo retorno valeu "
"Esse app √© mto bom, porem alguns filmes ainda est√£o em ingl√™s "
"Para quem gosta de assistir a filmes e seriados este √© o melhor app que j√° vi "
"Muito bom gostei seria melhor ainda se tivesse um vers√£o para PC "
"Foi foi o melhor app que ja baixei muito bom mesmo recomendo "
"Muito bom so que pra roda sem travar epreciso de 10 mga de internet "
"Nao gostei ! Quando eu clico na s√©rie ele abre outro link pra que eu possa baixar um outro app ! Triste !!!! "
"N√£o tenho que falar agrade√ßo muito ao criador deste App Espero que daqui uns dias n√£o seja pago e caso se o app for pago me libera a√≠ beleza Amei o app boa qualidade e vale a pena dar 5 estrelas "
"Muito legal este app roda os filmes bem gostei muito ! "
"Excelente se pud√©ssemos assistir na tv pelo PC seria bom! "
"muito bom mesmo, s√≥ gostaria que os filmes vinhessem dublados em todos "
"Muito obrigado pelos filmes √≥timos manda ai um tira da pesada "
"Como eu gosto de filme esse app e muito √≥timo adoreiüòç "
"Parou o ap so da erro de rede e os que abre e so audio.so funciona nos filmes velhos "
"Eu gostei muito quase todo dia tem filme novo.Muito bom "
"Curti assisto filmes todo os dias muito legal esse app "
"Vcs poderiam colocar alguns animes tb s√≥ os mais conhecidos "
"Muito bom, nao trava, varios filmes e s√©ries, mais poderia ter mais filmes infantis "
"Gostei muito so que demora para rodar o filme fica travado muito obrigado "
"Agora consigo ver meus filmes os que eu gosto adiciono nos favoritos.. "
"Gostei muito,pois a variedade de filmes √© muito grande e d e qualidade, parab√©ns. "
"Bom alguns filme n√£o abre ,aplicativo muito bom ! "
"Podiacter mais filmes romanticos e de drama tem muito terror. "
"At√© agora est√° bem menos as s√©ries que n√£o roda "
"Tinha que ter mais filmes O que voc√™ escrevesse aparecia "
"Muito bom apenas alguns filmes que ainda est√° em ingl√™s "
"Aplicativo muito bom filmes de muita qualidade ta de parab√©ns. "
"Por favor botar a op√ß√£o que po√ßa transmite os filmes pra televis√£o "
"Estou gostando muito espero que n√£o mude t√° √≥timo "
"Um bom app √≥timo para assistir filmes e seriados antigos "
"E muito bom gostei muito do poderia ter mais filmes "
"Pudia por alguns de luta c tiver. √â parab√©ns o epp e √≥timo. "
"Poderia ter muito mais filmes mais ele √© √≥timo parab√©ns "
"App top..gosto muito ,n√£o trava.. filmes atualizados Tdos os diasüëç "
"Voc√™s est√£o de parab√©ns pelo aplicativo de filmes eu gostei muito... "
"Esse aplicativo √© muito bom, parabens pra quem criou, indico pra todos. "
"Faltam muitos filmes, e oq falta de filme sobre de propaganda "
"Muito top excelente o melhor que j√° baixei recomendo "
"Muito bom n√£o trava e a resolu√ß√£o √© muito boa "
"Muito bom o melhor que j√° baixei √≥timo conte√∫do "
"√ë est√° funcionando mais antes tava √≥timo "
"Sempre aparece esse video n√£o est√° dispon√≠vel "
"Programa muito bom e em especial para a programa√ß√£o do fim de semana "
"√ìtimo n√£o tem oque reclamar cumpre com a descri√ß√£o "
"Pelo pouco que usei, por enquanto n√£o tenho o que reclamar "
"Melhorou, muito mas tem poucos desenhos da dc "
"Gostei muito bom apps recomendo a todos top. "
"Estou gostando muito, um dois melhores app de filmes. "
"Esse jogo √© muito bom e eu amei "
"Muito bom "
"Nao "
"amei "
"Ame "
"Este jogo √© muito legal est√° aprovado üëç "
"Adorei esse jogo se √© jogoüòÅmaolis mesmo se n√£o for jogo √© legal do mesmo jeito "
"N√£o d√° para pesquisar desenhos que n√≥s gostemos "
"Eu amei !!! "
"E o melhor jogo que ja joguei üòòüòòüòòüòòüòò "
"E o melhor jogo que ja joguei üòòüòòüòòüòòüòò "
"Melhor jogo da minha vidaüòòüòòüòòüòòü§óü§óü§óü§óüòçüòéüòãüòÜüòôüòóüòöüòâüòä ? "
"Bo "
"Maravilhoso e viciante eu n√£o consigo parar de pintar.so tem um problema deveria ser todos os desenhos livres sem precisar pagar?? "
"Parab√©ns muito bom ,mas tem muitos que tem que pagar e √© chato "
"Eu adorei a n√£o ser vcs "
"Eu amei !!üòÅ "
"Incrivel "
"Eu amei esse jogo!!√© muito bom para passar o tempo O meu problema s√£o os desenhos que tem que pagar fora isso amei "
"Gente abaixem e muito bom recomendoo a todos "
"E muito legal eu amei,muito bom "
"Muito divertido "
"O mlr jogo‚ù§‚ù§‚ù§ "
"Cool "
"Otimo "
"√© bem legal, e √≥timo pra passar o tempo, mas tem MUITO desenho que √© pago, os que n√£o s√£o s√£o os mais feios.... "
"Muito zika pra quem n√£o consegue baixar sandbox "
"Deveria liberar mais desenhos "
"Esse jogo √© fera "
"muito bom... Viciante "
"E bom "
"Muito legal "
"Ameewin U.U "
"Top "
"Adoreiiiiii "
"Adoreiiiiii "
"Todos os aplicativos tem algo bom em si, e esse n√£o fica de fora, por√©m, √© uma c√≥pia descarada do Sandbox Coloring Oficial, isso √© um absurdo, por√©m, n√£o deixa de ser bom. "
"√â viciante "
"Eu gostei bastante do jogo ele √© legal para quem gosta de desenhar e colorir o app √© muito interessante ele n√£o √© s√≥ um app de crian√ßas mas tamb√©m de adolescente, adultos, idosos... O espa√ßo de clicar para colorir n√£o √© pequeno concluindo o app √© bom mas podia ter mais desenho para colorir mas √© legal mesmo assim üòòüòò "
"Se esse jogo tivesse uma op√ßao de alternar o celular entre vertical e horizontal poderia receber cinco estrelas mais por enquanto apenas 4 "
"Olha eu tento instalar o jogo √© n vai sendo que eu n tenho nenhum jogo q possa fazer ele n instalar ent√£o acho perda de tempo "
"Muito bom tem v√°rios desenho e agora o atualizado que vem classificado como animal pessoas animes etc muito bom "
"Eu j√° jogava esse jogoe eu j√° fiz mais de 15 desenhos e eu achei m√∫ito legal "
"√â muito bom mas √© uma pena que tenha que pagar uns desenhos por favor resolva isso "
"E bom porque agente n√£o precisa apertar em um quadradinho de cada vez "
"Eu gostei mas tem mtodos os desenhos legais sao pagos "
"Amei, muito bom, mas poderia ter mais variedades para pintarmos! "
"Esse jogo o melhor jogo de pintar mais podia ter mais desenhos "
"Esse jogo √© muito ruim travo meu M7S üò§üò§ n√£o instale üò¨ "
"√â √≥timo n√£o tenho muita coisa pra falar "
"Gostei bastante do joguinho. Gosto de colorir e desenhar! "
"Esse app e maravilhoso otimo prq quem tem dificuldade pra pintar!! Amai:-);-) "
"Era bom agora est√° um pouco ruim "
"Era bom agora est√° um pouco ruim "
"esse jogo tenha o desenho do YouTube "
"Adoro este jogo √© muito divertido "
"Esse jogo √© mt bom! "
"Amei, achei que ele acalma "
"Esse jogo √© educativo gostei "
"Esse jogo √© muito ruim "
"Muito bom mano Viciei "
"Muito bom o jogo "
"√à muito bom "
"Adorei ‚ù§Ô∏è "
"Muito bom "
"Muito bom "
"Eu amei "
"AMEI üòÅ "
"Ameiiiüíìüíìüíì "
"Odious "
"√ìtimo "
"Estou me divertindo mandando os bitmojis para os amigos e usando como stickers para fotos. S√≥ achei que est√° faltando uma coisa, mais op√ß√µes de olhos. N√£o tem uma op√ß√£o que representa olhos puxados como de orientais, ent√£o deixou a desejar nesse ponto. "
"Aplicativo bem fix "
"Muito legal "
"Bom "
"Eu amei esse app eu descobri quando baixei o snapchat "
"Muito bom, com bastante op√ß√£o para criar seu emoji. Fica muito parecido! "
"Amei muito esse APP‚ù§‚ù§‚ù§ "
"Eu n√£o gosto eu amoüíñ "
"Gostei muito da nova vers√£o. "
"Muito bom gosto demais "
"√ìtimo App "
"Amei ,tem como colocar no Status do wattzzap??üòÑüëèüòôüå∏ Ficar√° topüëèüëèüëè "
"Falta a op√ß√£o formaturaaa "
"Muito legal. "
"Lagal "
"Bom demais "
"Eu adorei "
"Ameiüòçüòç "
"Adorei "
"Amei "
"Top "
"√ìtimo "
"üòçüòçüòç "
"Sensacional! O App √© √≥timo, h√° tantas op√ß√µes que uso todo dia e ainda n√£o experimentei tudo "
"Sensacional! O App √© √≥timo, h√° tantas op√ß√µes que uso todo dia e ainda n√£o experimentei tudo "
"Fica o tempo todo dizendo que n√£o t√° funcinando e n√£o consigo ver nadaüò≥ "
"Muito bom o aplicativo.. vale a pena. "
"Gchor melhor aplicativo muito bom "
"Otimo Eu Aconselho Baixar "
"Gostei super recomendo, ... "
"√ìtimo aplicativo "
"Adoro "
"√ìtimo "
"üëèüëèüëèüëèüëèüëè "
"Q bosta! Isso q d√° querer ver essa droga, perdi meu tempo, kd os cap√≠tulos da novela a for√ßa do querer ? Qria ver somente a parte da Ivana para entender melhor mas n√£o consigo. Qdo forem inventar um app fa√ßam bem feito e sem cobrar. J√° chega a m√°fia q a Globo √©!!! PORCARIA . "
"Ai fico desfalecido com que o Gshow me proporciona o melhor aplicativo globo eu te amoüòç "
"Ruim,n√£o consigo assistir videos "
"Eu acabei de estalar mas eu j√° gostei "
"Muito bom, da pra pegar as receitas e muito mais "
"P√âSSIMO .. APLICATIVO RUIM , AN√öNCIO EM EXCESSO , DESIGNER , FACILIDADE .. HORR√çVEL . "
"O app est√° travando muito... "
"E muito ruim "
"Muito bomüòç "
"D√° pra usar "
"Horr√≠vel ... "
"P√©ssimo "
"üòòüòòüòò "
"O app n√£o trava muito bom "
"Voto Sempre Por Aki "
"S√≥ piora üëåüèø Muito lento e travando. Vou desinstalar pela segunda vez porque N√ÉO D√Å pra manter um app que mal funciona! Por favor n√© Rede Globo, melhore. "
"Kkkkkk Depois eu dor mas estrelas "
"Tem que melhorar essa transmiss√£o "
"Bosta Um lixo "
"Legal "
"Josenildo Esta√ß√£o a bosta n√£o est√° nem no meu celular fica travando "
"Bom mais poderia ser melhor "
"Os v√≠deos n√£o abrem no meu Lg G2 O aplicativo abre nomal mas quando vou assistir a um v√≠deo fica s√≥ processando. Minha internet √© de 10 MB. "
"V√≠deos nem pensar N√£o recomendo. V√≠deos n√£o abrem e a navega√ß√£o √© lenta mesmo com sinal √≥timo do Wi-Fi. J√° vou desinstalar. Se tem que pagar para ficar bom estou fora. "
"Quando a dona Geralda sair di BBB eu dou 5 estrelas ... Rsrsrs BBB16 "
"O canal da Record sumiu, todos pega menos a Recordüò† fora isso o app e bom. Quando volta dou mais estrelas üòè "
"Nossa eu amei esse APP, √© muito legal, parab√©ns para quem criou o APP‚ô•‚ô•‚ô• "
"Este app at√© que √© bom, mas a globo n√£o funciona corretamente e vive travando e os desenvolvedores pedem para n√£o postar aqui, acho que tem que postar a verdade para serem corrigidos, este aplicativo √© bom , mas pode melhorar mais. "
"Pq vcs tiraram o BBB ? Amava o App porque assistia qualquer hora "
"Quero entrar em contato com a Central e nao consigo a Globo travou "
"App √≥timo S√≥ falta a Bandeirantes "
"Kde a bande? "
"Fui pelo p√∫blico e dei cinco estrelas, por ser recomendado. "
"T√° uma porcaria S√≥ vive faltando canais Vou desinstalarüòë "
"Gente a globo nao ta pegando ..nao perca tempo baixando "
"Gasta muito MB isso "
"Ayhh Hhhhhh "
"MEU DEUS!!! ESTE CRIADOR AQUI DESTE APP, EST√Å REALMENTE DE PARAB√âNS! ESTOU ACHANDO ISTO FANT√ÅSTICO... FICO SEM PALAVRAS. CLARO, AINDA FALTAM ALGUNS AJUSTES NOS CANAIS ABERTOS, COMO A TV RECORD, E ALGUNS OUTROS POUCOS CANAIS. MAS, AS S√âRIES DE TV COMENT√ÅRIOS, PESQUISAS... REALMENTE, ME FASCINOU.... "
"Daria 10 estrelas se eu podece transferir pra minha smart tv via cash aquele quadradinho igual o do you tube "
"Muito bom App de TV recomendo muito bom! "
"Nota 1000 o melhor de todos sensacional "
"Parab√©ns "
