"ApÃ³s a Ãºltima atualizaÃ§Ã£o, os 3 nÃºmeros que possuo cadastrados deixaram de aparecer. Quando tento recadastar, aparece uma tela informando que minha linha Ã© uma linha dependente e que sÃ³ quem pode cadastrar outros nÃºmeros Ã© o titular. SÃ³ que tem um detalhe, EU sou o titular das 3 linhas. "
"Rapaz comprei um chip da vivo sÃ³ por causa de doaÃ§Ã£o de MB. Veio esse apk nÃ£o presta tentei doar pra dois nÃºmeros vivo e diz que nÃ£o Ã© cliente vivo fala sÃ©rio mais um cliente insatisfeito obrigado pela compreensÃ£o "
"NÃ£o estÃ¡ aparecendo a opÃ§Ã£o de compartilhar megas... Preciso fazer algum cadastro? Quando pergunto na opÃ§Ã£o Vivi ele direciona para consumo, mas nÃ£o tem nada la. "
"O Aplicativo estÃ¡ cada dia pior, sempre estÃ¡ fora de operaÃ§Ã£o, e quando consigo acessar nÃ£o Ã© possÃ­vel realizar a funÃ§Ã£o que preciso, kkkk Ã© uma piada esse app "
"Gostei do App Ã© de fÃ¡cil manuseio e suas informaÃ§Ãµes sÃ£o claras, corretas e objetivas muito bom, vocÃªs estÃ£o de parabÃ©ns e sugiro! "
"Depois da Ãºltima atualizaÃ§Ã£o ficou pÃ©ssimo, nÃ£o consigo compartilhar internet, estÃ¡ dando erro. "
"EngraÃ§ado, na propaganda dizem que nÃ£o gasta internet, mas sem internet nÃ£o funciona.ğŸ¤”ğŸ¤” Bando de mentirosos. "
"podia ter um ButÃ£o para copiar o cÃ³digo do boleto sem precisar abrir-lo "
"Depois da atualizaÃ§Ã£o nÃ£o gostei tÃ¡ demorando muito pra abrir. "
"Muito bom depois da Ãºltima atualizaÃ§Ã£o gostei "
"Muito bom recomendo que baixem. "
"Achei ok! "
"Muito completo. "
"Excelente "
"Olha paguei minha conta pelo app Ã© a vivo continua me mandando mensagem de cobranÃ§a depois de vÃ¡rios dia jÃ¡ paga esse app tinha que ser mais interligado com sua central para evitar esses tipo de transtorno ao cliente.. "
"Antes era bom mas agora nÃ£o quer compartilhar internet, sÃ³ avisa que o nÃºmero nÃ£o pode receber pq jÃ¡ tem um plano na linha sendo que jÃ¡ cancelei todos as promoÃ§Ãµes e esses dias tinha 500 Mb e sÃ³ dizia que nÃ£o tinha internet suficiente pra compartilhar ğŸ˜ ğŸ˜’ "
"NÃ£o sei se estou com sorte estou vendo muita gente reclamando mas comigo estÃ¡ dando certo eu gostei muito sÃ³ as vezes que eu tenho que colocar meu nÃºmero de novo pra verificar meu saldo mas o restante estÃ¡ tudo certo eu gostei muito desse app e sei que ainda vai melhorar o que falta mas dou nota mÃ¡xima sim "
"A versÃ£o mais antiga era bem melhor, agora sÃ³ vive dando erro, e jÃ¡ tem alguns dias tento entrar diz q ta em manutenÃ§Ã£o, quero vÃª o meu consumo e nÃ£o consigo "
"AlguÃ©m trabalha de verdade nesses aplicativos dessas operadoras? porfavor nÃ©, diga que nÃ£o, nunca vi um aplicativo tÃ£o dificultoso de acessar como esses apps de gerenciamento de operadora mÃ³vel, era pra facilitar a vida de cada usuÃ¡rio, mas sÃ³ dÃ¡ dor de cabeÃ§a. "
"Tive dificuldade em fazer o login ontem e hoje, toda vez que eu tentava entra era uma eternidade para atualizar, e depois dava erro e pedia de novo novo login com CPF ou o nÃºmero do telefone. To chateado e nervoso. Quero saber como tÃ¡ minhas atualizaÃ§Ãµes de dados e outras informaÃ§Ãµes. Por favor resolva isso o quanto antes. "
"Era um aplicativo Ã³timo,mas depois da Ãºltima atualizaÃ§Ã£o estÃ¡ prÃ³ximo,e a atÃ© a vivo que era boa de sinal onde moro tÃ¡ horrÃ­vel sÃ³ nÃ£o troquei de operadora ainda por falta de opÃ§Ã£o onde moro "
"PÃ©ssimo nÃ£o estÃ¡ carregando e nÃ£o consigo entrar . NÃ£o mandarei msg para a vivo pois Ã© o que eles falam e isso. "
"Muito ruim toda vez que vou abrir pede novo cÃ³digo fica girando Ã© nÃ£o abre quando cancelo uma conta deveria mostrar se tenho fatura em aberto pra pagar ou nÃ£o nÃ£o aparece "
"Ele me pediu renovaÃ§Ã£o para compatilhar internet. E comeu todo meu saldo. AÃ­ quando eu abro a opÃ§Ã£o ele pede renovaÃ§Ã£o de um pacote que jÃ¡ foi confirmado por sms. Me roubaram na cara dura. "
"Vc tem que tentar 80 vezes atÃ© o aplicativo abrir. Simplesmente nÃ£o funciona. Precisei ativar pacotes de internet e o aplicativo nÃ£o funcionou, me deixou na mÃ£o. Todas as opÃ§Ãµes davam "" nÃ£o disponÃ­vel"". Tem melhor muito ! "
"AtenÃ§Ã£o Srs. ResponsÃ¡veis por esta operadora, eu ainda continuo com dificuldades em me conectar porque estou sem sinal 4G a 4 dias respondi o feedback dos Srs. Mas atÃ© agora nada. Srs. JÃ¡ foi constatado que o problema Ã© em seu sistema, nos ajudem, porque sÃ£o muitos os clientes que estÃ£o enfrentando a mesma dificuldade que eu. "
"JÃ¡ instalei e desinstalei por diversas vezes, pois apÃ³s digitar o nÃºmero do celular p entrar e o cÃ³digo de seguranÃ§a, ele trava e nÃ£o processa mais atÃ© abrir. Fica parado. "
"O app Ã© muito ruim porque ,eu coloco o DDD e tudo sÃ³ que na hora q chega no cÃ³digo ele carrega sozinho sÃ³ que nÃ£o carrega e da erro?!!porque isso ,pensei a fosse bom "
"PÃ©ssimo!!!!!!!!!! HorrÃ­vel se vocÃª compra um pacote de minutos ou de internet eles descontam do seu saldo e quando vai usar chega a mensagem que vocÃª jÃ¡ consumiu ""COMO ASSIM"" nem usei ainda VÃƒO TOMAR NO CU FDP , superando a Tim. Que Ã© outro lixo "
"Desinstalando... App estÃ¡ sempre com erro. As vezes nÃ£o funciona direito, como se eu tivesse sem internet, mesmo estando conectada pelo Wifi. Enfim sempre com erros ao tentar entrar no App. "
"Nunca funcionou em nenhum celular e olha que jÃ¡ tive vÃ¡rios. Ã‰ uma palhaÃ§ada pois nÃ£o consigo controlar e acompanhar meu plano. HorrÃ­vel viu. Tentem melhor para a propaganda nÃ£o ser enganosa. "
"HÃ¡ alguns dias nÃ£o consigo mais compartilhar internet com outras pessoas o que pode estar acontecendo,jÃ¡ liguei para o nÃºmero 1058 mas nada resolvido "
"Esse app Ã© um lixo, procurei por atendimento no app e Ã© essa opÃ§Ã£o nÃ£o tem ou melhor nÃ£o existe, pois falar no 1058 Ã© impossÃ­vel nÃ£o tem ninguÃ©m pra atender, tentei o 1058 por mais de 1h sem sucesso e em quase todas as opÃ§Ãµes e nada de atendimento, a vivo nÃ£o tem jeito nunca vai melhorar o atendimento, uma vez pÃ©ssimo sempre serÃ¡ pÃ©ssimo!!! SÃ³ reclamando na Anatel pra termos resultado de alguma coisa! "
"Bom dia pois instalÃ©m este App ai entro ai instantes trava ai volto a entra fica no carregado ai quando consegui no q eu preciso q o vIvo valoriza da erro "
"App muito lento cheio de bugs, demora pra acessar, qndo vou entrar no aplicativo fica dando erro vÃ¡rias vezes, demoro horas tentando acessar e nÃ£o consigo. "
"Gostei mais da versao anterior. Esta nova e muito lenta. Toda vez que vou ver meu saldo. Pedem um codigo ou o numero do telefone. E muito lento pra gente obter informaÃ§Ãµes. "
"Dando muito erro na hora de logar, nÃ£o abre de jeito nenhum. Deveria ter um login permanente no telefone do usuÃ¡rio. Se melhorar, melhoro as estrelas rsrs. AbraÃ§o "
"OlÃ¡! NÃ£o to conseguindo transferir internet pra outro nÃºmero. SÃ³ fica dando erro ao tentar logar ou renovar a sessÃ£o . Antes conseguia transferir normalmente e agora nÃ£o consigo. Me ajudem !!!! "
"EstÃ¡ pÃ©ssimo esse aplicativo!!! Tento fazer login, recebo o cÃ³digo, daÃ­ dÃ¡ erro ao fazer login. Tento entrar em contato com a vivo via SMS pra nÃ£o gastar meu tempo ouvindo musiquinha da central na ligaÃ§Ã£o por meia hora, e agora sÃ³ tem como entrar em contato por esse app. SÃ³ que nÃ£o funciona. Estou indignado. Voltem com o serviÃ§o SMS pelo amor de Deus, ou entÃ£o consertem esse aplicativo. "
"EstÃ¡ muito lento e nÃ£o salva o login com nÃºmero, preciso digitar meu numero toda vez pra ter acesso. De resto Ã© satisfatÃ³rio :) "
"No App SÃ“ tem MENU que interessa a vivo. Seria bom ter no App os numeros de atendimentos da vivo! (CONTATOS DOS MAIS DIVERSOS SERVIÃ‡OS) "
"Nunca tive problemas com este aplicativo, mas hÃ¡ alguns dias estÃ¡ fora do ar. ""O meu Vivo estÃ¡ em manutenÃ§Ã£o...."" Confere esta informaÃ§Ã£o? "
"Cada vez mais amador esse app, parece ter sido desenvolvido pelo sobrinho do dono ... Agora com essa atualizaÃ§Ã£o nem logar eu consigo ... "
"Quero pagar minha conta mas nÃ£o tenho acesso ao app vivo veio pra mim um cÃ³digo de barra mas nas lotÃ©ricas nÃ£o aceitaram o que eu faÃ§o? "
"Vou desistala porque nÃ£o tem como assar pede nÃºmero envia cÃ³digo mas nÃ£o tem com entra no aplicativo uma droga afff sÃ³ passo raiva "
"OPS! Algo nÃ£o saiu bem ğŸ˜. Tente mais tarde. NÃ£o aguento mais ver isso escrito e principalmente nÃ£o conseguir usar o app quando preciso. Ajustem isso. "
"Muito bom esse aplicativo me ajuda muito pra ver meu saldo de internet e minha fatura ter controle do que estou usando "
"Seria melhor se o aplicativo carregasse mais rÃ¡pido, pois demora um pouco e se o cÃ³digo de barras da conta ficasse disponÃ­vel no app. "
"No envio gratuito de SMS o aplicativo nÃ£o busca o nÃºmero do destinatÃ¡rio na agenda do aparelho. Portanto o nÃºmero deve ser digitado. Atrasado esse sistema. "
"JÃ¡ usei muito esse app, prestava! Tentei entrar vÃ¡rias vezes o chip estÃ¡ no meu aparelho, chega o SMS com o cÃ³digo coloco e fica carregando, e da erro, tÃ¡ umasğŸ’©ğŸ’©ğŸ’©ğŸ’©!!! "
"NÃ£o consigo acessar o meu consumo de internet jÃ¡ tentei vÃ¡rias vezes, aplicativo pÃ©ssimo! Pra mim nota zero! "
"Adoro ele me fornece as informaÃ§Ãµes necessÃ¡rias que eu preciso. "
"Seria bom se desse pra entrar. DÃ¡ erro direto no login e nÃ£o consigo acessar, sÃ£o raras as vezes que completa o login. "
"PeÃ§o aos responsÃ¡veis pelo aplicativo que nÃ£o abre....fica faltando parte quanto tem de internet para usar....espero que volta Ã  regularizar! Obrigado... "
"Quando comecei a usar, desconectava com frequÃªncia do loguin, o que era bem chato, mas agora estÃ¡ estÃ¡vel. No geral Ã© bom, estou gostando. "
"Toda vez que vou entrar pede o ddd e o numero. Mas toda vez que vou acessar .informa que e para ir para configuracao para desativar sobreposicao de tela.o que e isso. "
"Bom,mas toda vez que saÃ­ do APP quando tenta volta pro MSM tem que logar tudo de novo um horro . :-( "
"E mais omenos bom ele ee mais nuca funciona quando a gente precisa,tento entra fica dando erro "
"Para abrir o app e logar na conta na maioria das vezes dÃ¡ erro! E sem internet nÃ£o funciona. "
"Pra ser razoÃ¡vel tem que melhorar muito pÃ©ssimo. Funciona quando ele quer. NÃ£o mostra com veracidade o seus crÃ©ditos e franquia. "
"Ã‰ revoltante ver meu endereÃ§o errado e apesar do meu esforÃ§o depois de vÃ¡rias tentativas meu problema continua sem soluÃ§Ã£o. "
"Bom dia gostaria de lhe informar que a opÃ§Ã£o de compartilhar internet nÃ£o estÃ¡ mais no aplicativo Por que nÃ£o se encontra mais "
"Eu tento entrar mais fica dando erro eu apago e abaixo de novo vai sÃ³ uma vez e depois fica dando erro "
"NÃ£o consigo compartilhar Internet sÃ³ aparece ops houve um aconteceu tente mais tarde affz desinstalando "
"No inicio era bom, agora qual quer coisa que aperto da erro e as vezes nem consigo entrar ğŸ˜” "
"Dou duas estrelas porque jÃ¡ tentei trÃªs vezes entrar no aplicativo. Desinstalei e instalei nÃ£o resolveu. "
"Depois da atualizaÃ§Ã£o do App sÃ³ aprecia um nÃºmero conectando ao CPF entÃ£o tive que voltar a versÃ£o anterior. "
"Sempre que vai entra da erro, faz tanta propaganda do app mas ele nÃ£o funciona direito "
"ApÃ³s atualizaÃ§Ã£o nÃ£o Ã© possÃ­vel mais ver a utilizaÃ§Ã£o da internet e tambÃ©m nÃ£o consigo mais compartilhar a mesma com amigos. "
"Sempre que preciso usÃ¡-lo para uma emergÃªncia, diz que estÃ¡ em manutenÃ§Ã£o! "
"Por nÃ£o me manda o cÃ³digo poxa deveria ter pelo menos um pouco de consideraÃ§Ã£o com a gente "
"Pois nÃ³s usuÃ¡rios da vivo pagamos muito caro ,mas nÃ£o temos serviÃ§os de qualidade pois a vivo por ser uma grande empresa de telefonia mÃ³vel pois o seus serviÃ§os sÃ£o expressamente pessimos totalmente ruim atÃ© dentro das grandes cidades ou metropoles falta coberturas e Ã¡reas de telefonia mÃ³vel, pois alÃ©m de ser uma grande empresa dÃ¡ pra ser intender que a empresa nÃ£o tem algum interesse de investimentos para poder melhorar a qualidade de serviÃ§os, pois quanto o aplicativo anterior a este pois era muito melhor , pois pelo mesmo tinha mais facilidade de pegar o cÃ³digo de barras para pagamento de minha conta, pois o atual Ã© totalmente ruim e dificultoso para o uso "
"NÃ£o estÃ¡ Compartilhando Internet AtravÃ©s do Aplicativo no Galaxy S4 Sendo Que Funcionava Perfeito . "
"Faz 1 mÃªs que estou tentando entrar e nÃ£o consigo pede o cÃ³digo e depois do cÃ³digo trava e nÃ£o entra "
"NÃ£o consigo mais fazer consultas nÃ£o abre mais o app chega a senha mais nÃ£o abre nem usando wi-fiğŸ˜ˆğŸ˜ˆğŸ˜ˆ "
"Pura m**** esse lixo, quando precisa acessar dar erro. Pra compartilhar internet Ã© uma luta ğŸ˜  "
"NÃ£o tÃ´ conseguindo enviar internet, da erro e pede pra tentar mais tarde, poxa meu, que propaganda enganosa Ã© essa??? "
"Demora a carregar e dÃ¡ muito erro. NÃ£o abre quase nunca!! Isso pode ser corrigido?? "
"Mano tem como alguÃ©m repara isso esse App ta uma M "
"NÃƒO VIÃVEL!!! Cancelei a promoÃ§Ã£o que estava ""pelo App"", me disseram para recarregar o valor da desejÃ¡vel promoÃ§Ã£o. Recarregue fiz tudo certinho, liguei 9003 pra confirmar e vcs me disseram que eu estava nela, mas quando liguei minha net cobraram uma promoÃ§Ã£o totalmente diferente da que eu queria e ainda pegaram o valor. Estou tentando falar cm vcs, mas simplesmente nÃ£o me atendem pra devolver os meus crÃ©ditos. APP COM INFORMAÃ‡Ã•ES FALSAS . QUERO VER SE VÃƒO ME RESSARCIR AGORA . pq foi erro de vocÃªs. ğŸ˜¡ "
"NÃ£o consigo acessar os dados da minha conta, e tampouco acessar o cÃ³digo de barras pra pagÃ¡-la "
"O app Ã© bom, consigo resolver vÃ¡rias coisas por ele, sÃ³ acho um pouco lento as vezes!!! "
"Boa tarde gostaria de saber porque minha conta tÃ¡ vindo tÃ£o alta. "
"Muito ruin fica saindo toda hora aff ... Vamos melhorar isso ai vivo ğŸ˜¡ "
"Nunca vi um aplicativo tÃ£o ruim, preciso logan quase todas as vezes que preciso utilizar "
"Constantemente perde os dados de acesso. Perdi a conta de quantas vezes eu digitei os dados para acessar! "
"Adoro a Vivo no Geral. O app e um complemento Ã³timo ğŸ˜‰ğŸ˜˜ "
"Sou cliente vivo a um ano, mas nunca consegui usar esse APP! "
"Aplicativo ruim demais pois nÃ£o inicializa. SÃ³ dÃ¡ que ocorreu um problema "
"NÃ£o tÃ¡ carregando depois de confirmar o cÃ³digo. DÃ¡ pra arrumar isso ou tÃ¡ difÃ­cil. "
"NÃ£o tÃ´ conseguindo entrar tÃ¡ dando falha no sistema oque faso "
"O app quando abro ele aparece que deu erro e n consigo mexer nele "
"Depois das 23:00 nÃ£o funciona mais. Fica so dando erro. E que tÃ¡ em manutenÃ§Ã£o. ğŸ˜’ "
"NÃ£o faz login na conta vive dando erro. "
"Uma droga,nao consigo entrar de jeito nenhum,diz sempre que ocorreu um erro,aff... "
"Depois da Ãºltima atualizaÃ§Ã£o dificilmente consigo logar na contar sÃ³ sÃ£o erro... "
"Meu App nÃ£o abre mais fala que parou de funcionar. Affff "
"Agora melhorou consegui compartilhar os dados que nÃ£o ia por nada muito bom... "
"NÃ£o tem mais a opÃ§Ã£o de copiar o cÃ³digo de barras Ã© isso mesmo? "
"Muita dificuldade em entrar no app, sempre da erro ao renovar sessÃ£o. "
"NÃ£o consigo entrar mais no aplicativo, so consta erro....muito ruim. "
"Ta com problema para compartilhar internet com amigo ta dando erro "
"Nunca consigo entrar. Sempre da erro no login. HorrÃ­vel esse app "
"Todo noite agora quando eu preciso do app fica em manutenÃ§Ã£o. "
"Como cliente antiga,sem nunca ter outra operadora,decepÃ§Ã£o "
"App nÃ£o abre fica carregando e depois da erro. Resolve isso. "
"NÃ£o consigo mais compartilhar Internet! Arrumem isso. "
"NÃ£o que entra, fica pedido pra renovar toda hora! "
"Muito lento pra coisas simples e demora muito pra carregar "
"Estou tentando compartilhar Internet estÃ¡ dando erro "
"DeverÃ­amos ter acesso mesmo sem conexÃ£o com a internet. "
"Ele estÃ¡ travando "
"Cara eu nÃ£o sei pra que tanta atualizaÃ§Ã£o se no final os problemas continuam , nÃ£o acesso a compra de recargas e nem de pacotes , sÃ³ se vÃª a fatura e pronto...por enquanto sÃ³ ocupa espaÃ§o na memÃ³ria do celular. "
"PÃ©ssimo,trava,e quando preciso acessar para fazer a troca ele nÃ£o quer acessar, manda uma mensagem dizendo q ""nÃ£o foi possÃ­vel acessar seu saldo"" "
"O app nÃ£o abre fica o tempo todo pedindo o nÃºmero do cÃ³digo que nunca chega por SMS....muito ruim nÃ£o dÃ¡ para acessar para fazer a troca de minutos por internet...tem que melhorar isso atÃ© agora nÃ£o achei um suporte tÃ©cnico para isso "
"NÃ£o sei pra que ser tÃ£o grande se ele faz uma coisa tÃ£o simples oculpa muito espaÃ§o na memÃ³ria arrumem isso por favor e as atualizaÃ§Ãµes nÃ£o mudam nada "
"O cara baixa o apk pela primeira vez, e o mesmo jÃ¡ estÃ¡ em manutenÃ§Ã£o. Tinha que ser da Oi. "
"Podia dÃ¡ mais um 1g e muita atualizaÃ§Ã£o "
"E bastante Ãºtil Gostei "
"Muito Ãºtil "
"Legal "
"TÃ¡ faltando apenas a opÃ§Ã£o ""compartilhar internet com um amigo"", que nem na VIVO, pra ficar ainda melhor. "
"Muito bom "
"Faz mais de uma semana que minha conexÃ£o de dados nÃ£o sai do E. Nunca fica H, 3G ou 4G. Estou pensando seriamente em mudar de operadora. "
"OI nÃ£o presta. SÃ³ consome os crÃ©ditos "
"A oi nÃ£o dÃ¡ mais os 2GB de internet por que era poriso qui eu carregava o cÃ©lula arrumem. "
"Muito bom soh tah faltando eu recarregar meu oi "
"Acabou Quem brinca com fogo se queima "
"eeeeeeh mais o menos! "
"Muito bom Ã³timo "
"Muito bom "
"Cumpre o que promete! "
"Deveria ter a opÃ§Ã£o de conversar com a atendente entre outros "
"Ã“TIMO. "
"JÃ¡ que ""atualiza"" tanto,deveria ter a opÃ§Ã£o de trocar a quantidade de sms por voz ou internet ! seria bem mais satisfatÃ³rio. . E ter pelo menos 30 dias de uso .. Para prÃ© pago "
"NÃ£o sei por que esse limite de recarga mensal pelo aplicativo, estou precisando urgente de colocar credito no meu nÃºmero oi e nÃ£o consigo devido a esse limite de recarga. Preciso colocar credito.... "
"TÃ´ tentando verificar meu saldo e tÃ¡ falando que nÃ£o Ã¨ possÃ­vel no momento "
"podia trocar o sms por internet ou minutos tambem "
"Nunca tive problemas. App fÃ¡cil e Ã¡gil. "
"Ta sempre fora do ar "
"Muito top "
"Amei "
"Um lixo recarreguei 10 reais e quando fui comprar um pacote eu tinha sÃ³ 5 reais "
"Ã‘ estÃ¡ funcionado no meu celular "
"Sinceramente Ã© uma grande falta de profissionalidade e respeito que vocÃªs tÃªm pelos seus clientes que pagam muito caro para ter poucas garantias de que receberÃ¡ pelo o que foi pago pelos serviÃ§os ... Principalmente em internet ... VocÃªs dizem que podem trocar e acumular ""benefÃ­cios"" pelos crÃ©ditos ... Mas como vocÃªs convertem crÃ©ditos dinheiro aplicado no nÃºmero do chip ... Em ""bÃ´nus' com o prazo muito limitado ? NÃ£o disponibilizaram o nÃºmero para falar com o atendimento para fazer as reclamaÃ§Ãµes... VocÃªs de fato deveriam ter declarado falÃªncia.. mas graÃ§as ao ""bom estado"" que pagaram as suas dividas com o dinheiro que deveria ser investido ou retornado para nÃ³s contribuintes, na educaÃ§Ã£o , saÃºde, laser,, Cultura.. mas claro meio utÃ³pico meu pensamento .. o que importa mais Ã© o lucro... Neste caso vocÃªs recebem governo para roubarem crÃ©ditos dos usuÃ¡rios da sua empresa . "
"Erro ao fazer recarga. O app apresenta sempre falha quando queremos recarregar o saldo . Normal essa situaÃ§Ã£o, jÃ¡ que 99,9% dos apps android sempre apresentam falhas. "
"Seria Ãºtil se dasse para trocar alÃ©m de minutos por Internet mas tambÃ©m troca sms por Internet. "
"Melhor operadora, melhor internet e melhor atendimento! "
"Muito bom o aplicativo "
"legal "
"Poderiam colocar uma lista dizendo com o que gastamos com os crÃ©ditos, essa semana coloquei 14 reais e em questÃ£o de segundos eu jÃ¡ estava sem crÃ©ditos e quase sem os benefÃ­cio da oferta. "
"NÃ£o presta nÃ£o .pq bota para entra no aplicativo sÃ³ da erro ğŸ˜¤ğŸ˜¤ğŸ˜¡ "
"Bom Pra Krl "
"ğŸ‘ğŸ‘ğŸ‘ğŸ‘ğŸ‘ğŸ‘ğŸ‘ğŸ‘ğŸ‘ğŸ‘ğŸ‘ğŸ‘ğŸ‘ğŸ‘ğŸ‘ğŸ‘ğŸ‘ğŸ‘ğŸ‘ğŸ‘ "
"Nay "
"AgradeÃ§o a Maria Padilha por esse favor estou divulgando esta oraÃ§Ã£o em prol.do resultado jÃ¡ alcanÃ§ado.obrigada vc e sua legiÃ£o oraÃ§Ã£o de amarraÃ§Ã£o por mago do amor. "
"FaÃ§o login e fala cliente sem conteÃºdo para mostrar! Resolva isso por favor! Preciso tirar 2Â°via "
"App nÃ£o funciona. Mostra toda hora a mensagem tente novamente mais tarde. "
"NÃ£o consigo fazer nada nesta minha oi tenho duas linhas e nÃ£o funciona com nenhuma das duas ğŸ˜ˆğŸ˜ˆğŸ˜ˆğŸ˜ˆğŸ‘ğŸ‘ğŸ‘ğŸ‘ "
"Uso e recomendo, pois atende as minhas necessidades! "
"Essa Oi Ã© picareta, "
"Muito bom amei "
"E bom "
"""Estamos em manutenÃ§Ã£o"" sempre Ã© o que aparece no aplicativo! Pra quÃª um entÃ£o? A rede Ã© pÃ©ssima, quando pega o sinal Ã© fraco, 4G nem existe, promoÃ§Ãµes enganosas... TÃ¡ na hora de mudar de operadora. Fui... "
"Coloquei o chip oi cadastrei mas no outro dia voltei com a Tim Ã¡ oi tem a internet muito lenta e nunca mostra o 4G bem 3 nem 2 nada sÃ³ um H ou seja propagada enganosa!!! "
"Meu pai colocou crÃ©dito para min falido ate 1/10/2017 mais um serto dia aparece q minha internet tinha acabado ai falou pra troca minutos por internet mais quando eu fui troca na bara la de regula minutose e internet n ia Ã© estava zerado os dois Ã© n vai nem um do dois e eu tenho 21 reais de credito "
"PÃ©ssimo! Eu fiz uma recarga e acabou minha internet , fiz outra recarga e nao posso usar porque tenho que esperar o prazo acabar!! RidÃ­culo, liguei para o atendimento e fiquei 40 min. E nÃ£o fui atendido! "
"Queria reclamar que quando eu recarregava nas primeiras vezes eu ganhava beneficios adicionais, mais agr eu nao ganho nada, tipo 35,00 eu era pra ganhar 3,5gb+beneficios adicionais, e tabem quando eu recarrego demora pra trocar meus creditos por beneficios "
"Uma carniÃ§a!!! Essa operadora Ã© tao covarde que nÃ£o dar nem opÃ§Ã£o do consumidor falar com a Central de atendimento. Ã‰ um passa repassa dos inferno que acaba so em propaganda do cÃ£o. "
"Cade as opÃ§Ãµes de desativar produtos ou falar com alguÃ©m (um chat seria bem vindo) se quer ganhar clientes que seja pela confianÃ§a e transparÃªncia . "
"AlguÃ©m aÃ­ sabe como trocar minutos em internet (ou se Ã© possÃ­vel de prÃ©-pago)? O meu diz que nÃ£o hÃ¡ benefÃ­cio disponÃ­vel. "
"Atualizem essa bosta. A oi sempre foi assim, cheia de problemas. ğŸ‘. Rapaz nÃ£o consigo puxar os boletos ou informaÃ§Ãµes nenhuma da conta ğŸ‘ que isso. "
"Eu sou cliente a mas de m ano da operadora oi com esse numero e nos Ãºltimos meses a oi estar cada vez pior eu pra usar a internet tenho que fazer ligaÃ§Ã£o se nÃ£o. NÃ£o funciona eu exijo um pouco mas mas respeito pelo seus clientes se nÃ£o pode prestar um bom serviÃ§o . entÃ£o nÃ£o engane os seus clientes Sou morador de Bertioga no litoral paulista estou indignado com os pÃ©ssimos serviÃ§os prestado pela operadora. "
"Ia ficar melhor se pudece trocar SMS por Minutos Pra fala.....e depois trocaria por internet "
"NÃ£o consigo colocar meu nÃºmero oi tÃ¡ entrando automaticamente o da minha outra operadora "
"E bacana mais fikaria melho c a oi colocase watssap a vontade mesmo acabando. Os dados moveis!! "
"O app Ã© mto bom mas a internet da oi so deixa a desejar Ã© mto ruim praticamente nm funciona. "
"Coloquem a poÃ§Ã£o de enviar internet pra outras pessoas da mesma operadora. "
"finalmente um trabalho rÃ¡pido e com muita tecnologia e qualidade! nunca vi algo tÃ£o bom assim. "
"N gostei pq n fas diferenÃ§a nenhuma se tem mais minutos que internet ou mais internet que minutos "
"Esse aplicativo Ã© excelente porÃ©m todavia quando os meus dados mÃ³veis acaba nÃ£o consigo entrar no aplicativo para poder mudar a ligaÃ§Ã£o para dados mÃ³veis Ã© como se o aplicativo gastasse e precisasse de internet da minha franquia, como aplicativo Ã© da Oi faz parte do meu plano para poder verificar o meus dados, entÃ£o poderia ser que esse aplicativo nÃ£o precisaria gastar meus dados mÃ³veis para poder acessar o servidor de vocÃªs para poder mudar a franquia de ligaÃ§Ã£o para dados mÃ³veis, porque fica difÃ­cil quando acaba meus dados mÃ³veis eu tenho mais de 300 de ligaÃ§Ã£o eu nÃ£o consigo acessar para fazer a mudanÃ§a por favor tente verificar isso para ficar mais fÃ¡cil o acesso O aplicativo Ã© excelente se nÃ£o fosse esse defeito para mim. EntÃ£o Eu precisaria que esse aplicativo nÃ£o precisasse dos meu dados moveis para ter acesso ao aplicativo e assim poder fazer a mudanÃ§a e que ele nem gastase meus dados mÃ³veis assim poderia acessar o aplicativo online normalmente para mudar ligaÃ§Ã£o para dados mÃ³veis e assim eu voltaria ao utilizar a internet no meu celular novamente "
"PÃ©ssimo, tento acessar minha conta recebo de volta a msg ""temporariamente indisponÃ­vel"" lixo. "
"NÃ£o vejo meu consumo de internet nessa nova atualizaÃ§Ã£o antes dava pra ver "
"Amei me ajuda muito, as trocas de crÃ©ditos e Internet e tambÃ©m a troca de pacotes etc... "
"Facilitou minha vida e meus crÃ©ditos, deu muito mais transparÃªncia pra minha conta "
"A troca de internet para saldo nÃ£o precisaria de internet ficaria m uito melhor "
"Duas estrelas porque quando vou entrar quase sempre estÃ¡ em manutenÃ§Ã£o "
"Aplicativo sempre em manutenÃ§Ã£o, quando vc precisa dele nÃ£o funciona . "
"Are NÃ£o consigo acessar o app,aparece um outro nÃºmero . "
"DÃ¡ hora este App eu recomendo "
"Nunca consegui nem entrar cadastrar nada pÃ©ssimo "
"NÃ£o funciona para oi conta. Apenas prÃ© pago e controle. "
"Facilita varios mundanÃ§as de pacote de dados de planos "
"Muito bom, muito bom mesmo, a Oi tÃ¡ de parabÃ©ns. "
"Ã“timo trocar SMS por internet tambÃ©m "
"Deveria dar pra consultar o Oi pontos "
"Amei excelente parabÃ©ns oi .melhor operadorağŸ˜ğŸ˜â¤ "
"Amei excelente parabÃ©ns oi .melhor operadorağŸ˜ğŸ˜â¤ "
"Deveria ter como trocar titularidade "
"SÃ³ falta a opÃ§Ã£o carteira "
"Bom dia meu povo "
"Oi a melhor. Amei. App Ã³timo. "
"Me ajuda muito "
"Ã‰ muito bom "
"NÃ£o cumpre o que promete "
"Adorei o app â™¡ "
"Muito bom "
"Muito bom "
"Muito Bom "
"Adorei o ap "
"Muito bom "
"Top de mais "
"Bem, as manuten que estavam ocorrendo todas as noites apÃ³s Ã s 22 hs e impedindo que usassemos o APP para trocar minutos por internet e vice versa, nÃ£o estÃ£o ocorrendo mais hÃ¡ uma semana. Vamos aguardar ========================= A resposta abaixo nÃ£o Ã© aceitÃ¡vel e deve ter sido dada por gente que nÃ£o conhece o mundo cibernÃ©tico. Se vocÃªs quiserem fazer manutenÃ§Ã£o no APP que faÃ§am a partir das 4:30 hs da madrugada, por que atÃ© esse horÃ¡rio as pesoas estÃ£o plugadas e trocando minutos por internet e vice versa e para isso precisamos do APP FUNCIONANDO, entendeu ? ğŸ¤”ğŸ¤”ğŸ¤” ============================ ""Minha Oi"", virou o APP Cinderela, depois da meia noite vira Gata Borralheira"" e nÃ£o funciona. Resolvam por favor ğŸ˜¬ğŸ˜¬ğŸ˜¬ ParabÃ©ns MAIÃšSCULO para essa nova atualizaÃ§Ã£o do aplicativo ""Minha Oi"". Essa versÃ£o veio com tudo que preciso para manipular meu plano da forma que melhor me convir. Sinceramente nunca imaginei tamanha evoluÃ§Ã£o em transparÃªncia por parte de uma operadora no Brasil, como essa feita pela Oi. Obrigado e continuem evoluindo ğŸ‘ğŸ‘ğŸ‘ "
"Ã“timo "
"Bom "
"Ooo "
"itimo "
"Bom "
"Muito bom o aplicativo! Bem simples e objetivo, essencial ao que eu preciso e atÃ© agora nÃ£o tem travavado. Adorei poder fazer a troca de voz para dados! "
"Deveria ter a opÃ§Ã£o de ver os pontos no prÃ³prio aplicativo, Ã© chato ter que ir no google pra olhar uma coisa simples, ficaria de fÃ¡cil acesso ter no prÃ³prio aplicativo!! "
"A versÃ£o antiga era muito boa, tÃ´ baixando essa espero que seja melhor "
"E Ã³timo tem tudo que eu preciso aqui na mÃ£o "
"Muito bom Facilidade pra muita gente "
"NÃ£o to conseguindo abri.oi ta decepcionando "



----------------------------
