{'author': 'Carlla Ciekoski', 'date': '3 de julho de 2017', 'score': 3, 'content': 'Bom deve ser legal estou baixando agora pq eu amo a mat√©ria de Ci√™ncias ent√£o acho que me dou bem nesse jogo . Quem gostou desse jogo deixa seu joinha a√≠ tchau galera e at√© um pr√≥ximo coment√°rio'},
{'author': 'Leia Soraia Ara√∫jo Costa', 'date': '28 de setembro de 2017', 'score': 5, 'content': 'E bom mais os gr√°ficos t√£o mais ou menos ent√£o melhorem eu gostei da id√©ia √© legal s√≥ que √© ingl√™s e eu s√≥ br a√≠ n√£o entendo nada ent√£o bota op√ß√µes para o jogo √© de idioma'},
{'author': 'Um usu√°rio do Google', 'date': '1 de fevereiro de 2018', 'score': 1, 'content': 'Que jogo ruim . So to dando minha opini√£o. Respeito a dos outros . Mais so pra fala n√£o recomendo que jogo ruim . E em ingl√™s. Eu tentei jogar la mais n√£o da e p√©ssimo dou uma estrela. Mais se foss por isso nem dava'},
{'author': 'Um usu√°rio do Google', 'date': '2 de abril de 2017', 'score': 1, 'content': 'Isso e uma bosta so toma o tempo da gente respeite a minha descis√£o eu apertei em new a√≠ saiu n√£o baixem.'},
{'author': 'HugoRDuarte ;-;', 'date': '25 de maio de 2017', 'score': 1, 'content': 'Eu n√£o gostei mas pode melhorar N√£o que eu esteja falando para que n√£o baixem a ideia √© boa e tals mas √© meio chato'},
{'author': 'Um usu√°rio do Google', 'date': '4 de junho de 2017', 'score': 5, 'content': 'Esses que n√£o gostou do jogo √© por que eles n√£o joguam o jogo e d√£o deslike e o jogo fica fraco a√≠ ningu√©m joga o jogo da like no meu coment√°rio quem gosta do jogo da :) üòâ'},
{'author': 'O Retardado', 'date': '14 de abril de 2017', 'score': 1, 'content': 'Mano n√£o √© nada contra mas eu achei que fosse algo melhor s√≥ foi perca de tempo'},
{'author': 'marcela carolina', 'date': '10 de julho de 2016', 'score': 1, 'content': 'Bosta de jogo qem criou este jogo imagina como qe e .Eu vou por 1 estrela se for bom vou da mais estrela'},
{'author': 'ASRIEL DREEMURR amigo', 'date': '28 de julho de 2017', 'score': 5, 'content': 'Ola sou o ASRIEL DREEMURR DA SAGA UNDERTALE quem nao gostar do app vou chamar a CHARS E FIGHT =)'},
{'author': 'S√¢mia Gomes', 'date': '8 de julho de 2017', 'score': 1, 'content': 'Que jogo bosta e as pessoas que comentam s√£o horr√≠veis de escrever parecem analfabetas e eu que tenho 11 anos e escrevo melhor üò±üòè‚úå'},
{'author': 'Vinicius Prado', 'date': '9 de maio de 2018', 'score': 5, 'content': 'O jogo deve ser legal minha mat√©ria favorita √© ci√™ncia ent√£o vou me dar bem'},
{'author': 'Thallys Tata', 'date': '19 de maio de 2017', 'score': 1, 'content': 'Vai tomar no cu porra,seu filho da puta deleta esse jo go da play story,se vc n√£o tem nada pra fzer'},
{'author': 'Weverton Wevertonpimenta', 'date': '25 de junho de 2016', 'score': 1, 'content': 'MERDA!!!!!!!!!!!!! S√≥ √± do nem uma estrela porque √± tem como. Isso √± presta √± sei porque fizeram isso. Quando clico em new sai do nada vai pta P.Q.P'},
{'author': 'Michael', 'date': '14 de junho de 2017', 'score': 1, 'content': 'At√© e legal um pouco mas gasta perda de tempo porque fica chato ent√£o melhorem isso por favor obg'},
{'author': 'MARY E EU', 'date': '29 de julho de 2018', 'score': 1, 'content': 'Eu gosto bastante de ci√™ncias mas esse jogo e muito ruim ja jogei jogos melhores espero que o jogo mude de pior pra melhor'},
{'author': 'Natanael Veiga Dos Santos', 'date': '1 de setembro de 2016', 'score': 3, 'content': 'legal mixar po√ß√£o n√£o √© jogo, s√≥ passatempo'},
{'author': 'Julio Davi', 'date': '31 de julho de 2017', 'score': 1, 'content': 'O jogo eh muito ruom,fica saindo toda hora a jogabilidade eh horr√≠vel,etc'},
{'author': 'B3zin_Safe', 'date': '4 de junho de 2016', 'score': 1, 'content': 'Uma merda So n√£o √© pior porque n√£o tem como'},
{'author': 'Urso Polar', 'date': '28 de junho de 2016', 'score': 1, 'content': 'N percam seu tempo!!! Esse jogo √© um lixo'},
{'author': 'simone nicolau', 'date': '16 de junho de 2017', 'score': 5, 'content': 'Esse jogo e bom de mais e quem n√£o gostou e bobo'},
{'author': 'Sofia Picchi', 'date': '14 de agosto de 2016', 'score': 1, 'content': 'Horr√≠vel! N√£o d al da fazer pocoes'},
{'author': 'Bia gatinha games', 'date': '30 de julho de 2016', 'score': 1, 'content': 'Grrrrrrr Gente n√¢o gastem o tempo nesse jogo'},
{'author': 'Marcelo Mello', 'date': '21 de dezembro de 2016', 'score': 5, 'content': 'Bom Tira o an√∫ncio nao t√° dando pra jogar com ele'},
{'author': 'Um usu√°rio do Google', 'date': '4 de dezembro de 2016', 'score': 1, 'content': 'Rrrrrrrr Pra que existe isso mesmo,a √© pra nada:-! :-! :-!to avisando vai se arrepender de ter baixadoüôàüôâüôäüôÖüòæüëéüëéüëéüëéüëéüëéüëéüëéüëéüíî'},
{'author': 'Luiz Fernando', 'date': '1 de dezembro de 2016', 'score': 1, 'content': 'Uuuuuuuuuuuuuuuuuuuuuuuuuuuuuuuuuuuuuuuuuuuuuuuuuuuuuuuuuuuuuuuuuuuuuuuuuuuuuuuuuuuuuuuuuuuuuuuuu Me desculpem por estanto de uuuu mas que este jogo √© ruim √©'},
{'author': 'gamergoo terible', 'date': '25 de dezembro de 2016', 'score': 5, 'content': '√â bom pq da pra misturar avi√£o com mato'},
{'author': 'Pudim Negro', 'date': '12 de agosto de 2016', 'score': 1, 'content': 'Merda de jogo Gastei toda a mem√≥ria do celular'},
{'author': 'Um usu√°rio do Google', 'date': '3 de julho de 2017', 'score': 1, 'content': 'Se eu pudesse dar 0 eu dava #ofiei# nunca baixem# pior jogo da categoria de po√ß√µes.'},
{'author': 'isaack losso', 'date': '8 de julho de 2017', 'score': 1, 'content': 'E uma bosta n√£o tem nada pra fazer nesse jogo'},
{'author': 'Felipe Gabriel', 'date': '20 de mar√ßo de 2017', 'score': 1, 'content': 'Tem kid falando que gostou nao e atoua q o brasil ts assim üòîüëéüëä'},
{'author': 'Cristian Tessaro', 'date': '25 de setembro de 2017', 'score': 2, 'content': 'Nao sei como e de jogor porque no meu telefone nao entra'},
{'author': 'Um usu√°rio do Google', 'date': '5 de junho de 2018', 'score': 1, 'content': 'Gente eu n√£o entendi cm se joga alguem me explica pf?'},
{'author': 'Loucos de verdade', 'date': '3 de abril de 2017', 'score': 5, 'content': 'Este jogo √© muito bom mesmo'},
{'author': 'laura miceli', 'date': '29 de janeiro de 2017', 'score': 5, 'content': 'Amei tenho 9 anos e amei'},
{'author': 'Um usu√°rio do Google', 'date': '28 de julho de 2017', 'score': 1, 'content': '√â orriveu quando voc√™ vai misturar as po√ß√µes sai do jogo sozinho'},
{'author': 'lorran felipe rodriges da silva', 'date': '23 de janeiro de 2017', 'score': 1, 'content': 'N√£o gostei naada veeh com o que eu queria nota zero!üëéüëéüëé'},
{'author': 'edu H2G', 'date': '23 de junho de 2016', 'score': 1, 'content': 'E muito chato ODIEI'},
{'author': 'Fabio Peleskei Junior', 'date': '27 de julho de 2017', 'score': 1, 'content': 'Lixo pedi 1 hora da minha vida para nada'},
{'author': 'Um usu√°rio do Google', 'date': '19 de setembro de 2016', 'score': 1, 'content': 'Bubuxhadaw Nem queram jogar ess3 jogo e uma bosta'},
{'author': 'ruth andrea', 'date': '15 de maio de 2017', 'score': 1, 'content': '√â chato n√£o tem nada de legal √â ridiculo n√£o da pafaser nada E n√£o muda de cor eu do nota zero!!!!!!!!!!!!!! Mais √© s√≥ minha opini√£o'},
{'author': 'Kethleen Taissa', 'date': '29 de abril de 2017', 'score': 1, 'content': 'E uma bosta cabei de baixar e nen entra'},
{'author': 'Um usu√°rio do Google', 'date': '26 de novembro de 2017', 'score': 1, 'content': 'Esse √© o pior jogo que eu j√° joguei'},
{'author': 'Wallace Daniel', 'date': '3 de julho de 2017', 'score': 1, 'content': '√â ruim, mas d√° pra ser bom'},
{'author': 'Michael Rocha', 'date': '24 de julho de 2017', 'score': 2, 'content': 'O jogo √© meio chato . Na minha opini√£o.'},
{'author': 'Jeks3', 'date': '15 de outubro de 2017', 'score': 1, 'content': 'Jogo ruim , n√£o tem nada para fazer.'},
{'author': 'isa e armys', 'date': '16 de julho de 2017', 'score': 3, 'content': '√â legal mas n√£o entendi'},
{'author': 'Dupla Gamer', 'date': '1 de junho de 2018', 'score': 2, 'content': '.Lixo este eco Proparganda inf√¢ncia'},
{'author': 'de tras para frente videos todo dia', 'date': '21 de mar√ßo de 2017', 'score': 1, 'content': 'Que lixo muito chato'},
{'author': 'Um usu√°rio do Google', 'date': '17 de dezembro de 2017', 'score': 1, 'content': '√â uma bosta esse aplicativo'},
{'author': 'victorius a.s', 'date': '13 de novembro de 2017', 'score': 1, 'content': 'Ele decha as po√ß√µes pretas'},
{'author': 'Um usu√°rio do Google', 'date': '9 de outubro de 2016', 'score': 1, 'content': 'Uuuuuu Que chato'},
{'author': 'Um usu√°rio do Google', 'date': '20 de junho de 2017', 'score': 1, 'content': 'Pior jogo do mundo )^('},
{'author': 'Um usu√°rio do Google', 'date': '27 de outubro de 2018', 'score': 1, 'content': 'N√£o consegui fazer nada ;-;'},
{'author': 'larissa gamer', 'date': '21 de novembro de 2017', 'score': 1, 'content': 'Que lixo de jogoüò†üò°'},
{'author': 'Paulo Henrique Belo Silva', 'date': '21 de novembro de 2016', 'score': 1, 'content': 'Bosta Que orriveu'},
{'author': 'BrGamer', 'date': '11 de julho de 2017', 'score': 1, 'content': 'Chatooooooooo o jogo e uma bosta'},
{'author': 'Um usu√°rio do Google', 'date': '29 de agosto de 2017', 'score': 1, 'content': 'Orivel odiei credo'},
{'author': 'Pai e filha', 'date': '14 de agosto de 2018', 'score': 1, 'content': 'Orrivel √± baixem'},
{'author': 'Um usu√°rio do Google', 'date': '2 de outubro de 2018', 'score': 1, 'content': 'E muito ruiiiiiiiiiiiiii'},
{'author': 'Tk3 61', 'date': '29 de julho de 2016', 'score': 5, 'content': 'Kkkkkkkk Legal'},
{'author': 'Um usu√°rio do Google', 'date': '26 de outubro de 2017', 'score': 5, 'content': 'Esse. Jogo. √â. demais'},
{'author': 'VW SP2 Cl√°ssico', 'date': '1 de setembro de 2017', 'score': 5, 'content': 'AMEI AMEI!!!!!'},
{'author': 'MATHEUS PLAY BR', 'date': '29 de novembro de 2016', 'score': 1, 'content': 'muito. ruim'},
{'author': 'Matheus- Betinelli', 'date': '13 de fevereiro de 2017', 'score': 1, 'content': 'Jogo lixo'},
{'author': 'Evellyn Vasques', 'date': '27 de fevereiro de 2017', 'score': 2, 'content': '√à uma bosta'},
{'author': 'Gabriel unicornio', 'date': '15 de novembro de 2017', 'score': 1, 'content': 'Jogo horr√≠vel'},
{'author': 'Levi Nunes', 'date': '4 de outubro de 2016', 'score': 1, 'content': 'Um cu'},
{'author': 'Cute and Fire Foxy', 'date': '30 de setembro de 2017', 'score': 2, 'content': 'Muito ruim'},
{'author': 'San Olliver', 'date': '12 de outubro de 2017', 'score': 1, 'content': 'UUUU RUIM'},
{'author': 'slimey gamer br', 'date': '31 de julho de 2017', 'score': 1, 'content': '√â um C√õ'},
{'author': 'Um usu√°rio do Google', 'date': '30 de junho de 2017', 'score': 1, 'content': 'Jogoooooooo bostaaaaaa'},
{'author': 'Matheus Neves', 'date': '10 de janeiro de 2018', 'score': 5, 'content': 'Ci√™ncia de todos'},
{'author': 'Mario Furlan', 'date': '20 de abril de 2018', 'score': 1, 'content': 'Muito ruim'},
{'author': 'Um usu√°rio do Google', 'date': '3 de junho de 2018', 'score': 1, 'content': 'Muito ruim'},
{'author': 'Um usu√°rio do Google', 'date': '30 de junho de 2018', 'score': 2, 'content': 'N√£o gostei'},
{'author': 'Um usu√°rio do Google', 'date': '18 de setembro de 2018', 'score': 1, 'content': 'Muito ruim'},
{'author': 'McFlurry', 'date': '3 de agosto de 2016', 'score': 1, 'content': 'Lixo'},
{'author': 'Fernando Filho', 'date': '6 de julho de 2016', 'score': 1, 'content': 'Orrivel'},
{'author': 'Um usu√°rio do Google', 'date': '24 de novembro de 2016', 'score': 3, 'content': 'Amei'},
{'author': 'Um usu√°rio do Google', 'date': '18 de outubro de 2018', 'score': 1, 'content': 'Que üí©'},
{'author': 'Um usu√°rio do Google', 'date': '11 de junho de 2018', 'score': 1, 'content': 'Oriveo üò†üò†üëå'},
{'author': 'Bruno Lucas', 'date': '7 de agosto de 2017', 'score': 1, 'content': 'Uma bosta üò†üò†üò†üò†'},
{'author': 'Um usu√°rio do Google', 'date': '16 de janeiro de 2017', 'score': 1, 'content': 'üëéüëéüëéüëéüëé Orrivel'},
{'author': 'Um usu√°rio do Google', 'date': '13 de fevereiro de 2017', 'score': 1, 'content': 'Xhato'},
{'author': 'Vitorgames 08', 'date': '3 de maio de 2017', 'score': 1, 'content': 'Ruim'},
{'author': 'Wordland', 'date': '6 de mar√ßo de 2017', 'score': 2, 'content': 'Chato'},
{'author': 'Flavio hukuda', 'date': '14 de novembro de 2017', 'score': 5, 'content': 'Bom'},
{'author': 'Um usu√°rio do Google', 'date': '18 de outubro de 2017', 'score': 1, 'content': 'Liiiiiiixoooooooo'},
{'author': 'Um usu√°rio do Google', 'date': '6 de setembro de 2017', 'score': 5, 'content': 'Legal'},
{'author': 'Um usu√°rio do Google', 'date': '25 de julho de 2017', 'score': 1, 'content': 'Ruim'},
{'author': 'Paulo kim', 'date': '29 de julho de 2017', 'score': 1, 'content': 'Puuuuu'},
{'author': 'PandaTgames', 'date': '15 de dezembro de 2017', 'score': 1, 'content': 'Odeio'},
{'author': 'Gacha Studio', 'date': '27 de maio de 2018', 'score': 1, 'content': 'L-I-X-O'},
{'author': 'Mauro Lima', 'date': '9 de junho de 2017', 'score': 1, 'content': '.üò∞üò∞üò∞'},
{'author': 'Lk 991', 'date': '25 de setembro de 2015', 'score': 3, 'content': 'Gostei mas ... Ele n√£o tem mais op√ß√µes e uma vez escolido √© escolhido e repete a cor das f√≥rmulas , s√≥ precisa melhorar um pouquinho , fora isso √© bom.'},
{'author': 'Escalas Enfermagem', 'date': '3 de fevereiro de 2016', 'score': 5, 'content': 'Gente pode ser ruin mas √© muito dif√≠cil criar um Jogo ent√£o tentem fazer melhor pocha reclama do jogo que ele fez temta fazer melhor'},
{'author': 'amanda alex', 'date': '14 de fevereiro de 2016', 'score': 4, 'content': 'Legal Meu se vcs nn gosto do jogo .. iss nn √® problema noss .. se vcs nn gosto . Tem gent q gosta .. melhor a pessoa se vicia em um jogo do q se vicia em droga'},
{'author': 'Luiza Naomi', 'date': '4 de setembro de 2015', 'score': 4, 'content': '√â bom vcs tem a minha aprova√ß√£o eu recomendo vcs n√£o sabem oq est√£o perdendo'},
{'author': 'Felipe Queiroz', 'date': '8 de dezembro de 2015', 'score': 5, 'content': 'Maravilhoso E para voc√™s que deram uma estrela, uma coisa :Os encomodados que n√£o baixem'},
{'author': 'Menina do Girassol', 'date': '6 de junho de 2015', 'score': 5, 'content': 'Dahora Gostei muito como eu gost muito de quimica isso deve ser legal'},
{'author': 'Familia Elvira', 'date': '30 de junho de 2015', 'score': 2, 'content': 'Pena! No meu tablet n√£o funcionou e fiquei bravo demais.'},
{'author': 'Jao_ Eua', 'date': '13 de setembro de 2015', 'score': 5, 'content': 'Uma bosta Estou dando 5 estrelas para mostrar o quanto odiei e horr√≠vel n√£o baixem'},
{'author': 'Alexandre Heleno', 'date': '18 de mar√ßo de 2016', 'score': 4, 'content': 'mas eu dou 4 estrelas porque tem s√≥ 4 po√ß√µes diferentes'},
{'author': 'Taysa paganotto Paganotto', 'date': '9 de maio de 2016', 'score': 5, 'content': 'Loco demais Baixem voc√™s n√£o s√£o burros n√© baixem √© loco demais istalem!!!!!!!'},
{'author': 'Clube Da CaMille', 'date': '29 de abril de 2016', 'score': 1, 'content': 'Vou olhar esse jogo mas n√£o gostei Acho que √© horr√≠vel'},
{'author': 'Biel SANTOS', 'date': '23 de setembro de 2015', 'score': 1, 'content': 'Masque juego fracaciado qiero una calieta para anuetar esto'},
{'author': 'Fernanda Silva De Melo', 'date': '1 de maio de 2016', 'score': 1, 'content': 'Odiei N√£o entendi o jogo e ele √© horr√≠vel n√£o baixem'},
{'author': 'Um usu√°rio do Google', 'date': '30 de julho de 2015', 'score': 3, 'content': 'Todo mundo me ouve agora O jogo √© bom para crian√ßas com aparelhos mas a velocidade de carregar o jogo poderia melhorar. Ent√£o quem est√° respons√°vel pelo jogo poderia melhorar porque muitas pessoas gostam de qu√≠mica. Obrigado pela aten√ß√£o eu sou estudante de dinossauros instalem JURASSIC PARK BUILDER √© muito bom mais n√£o fa‚Ä¶Resenha completaO jogo √© bom para crian√ßas com aparelhos mas a velocidade de carregar o jogo poderia melhorar. Ent√£o quem est√° respons√°vel pelo jogo poderia melhorar porque muitas pessoas gostam de qu√≠mica. Obrigado pela aten√ß√£o eu sou estudante de dinossauros instalem JURASSIC PARK BUILDER √© muito bom mais n√£o fala tanto sobre eles tchau.'},
{'author': 'Emidio reges', 'date': '8 de abril de 2015', 'score': 5, 'content': 'Bom Gosto de misturar coisas e ver no que d√°'},
{'author': 'Ana Laura Gon√ßalves', 'date': '4 de mar√ßo de 2015', 'score': 2, 'content': 'N√ÉO FUNCIONOU!!! No meu tablete da DL n√£o funcionou! Uma pena porque o jogo parecia ser bom!!!'},
{'author': 'Deboragames games', 'date': '4 de janeiro de 2016', 'score': 5, 'content': 'amei Esses ai calem a boca poque e legal'},
{'author': 'Carmen Kawahata', 'date': '8 de agosto de 2015', 'score': 1, 'content': 'uma merda esse jogo n√£o quer entrar ja tentei entrar 100 vezes e n√£o da'},
{'author': 'M.r Dollynho', 'date': '28 de junho de 2015', 'score': 1, 'content': 'Horrivel!!!!!!!! N√£o da para entender nada o jogo parece que nem tem l√≥gica,n√£o baixem'},
{'author': 'Gabriel Gomes', 'date': '14 de julho de 2015', 'score': 1, 'content': 'Desgra√ßa Ia ser legal se desse pra jogar toda hora aparece que o aplicativo n√£o responde'},
{'author': 'Thyago Eduardo Medeiros', 'date': '19 de fevereiro de 2016', 'score': 5, 'content': 'LLLLLLLLLLLEEEEEEEEEGGGGGGGGGGGGGGAAAAAAAAAALLLLLLLLLLLLLLLLLLLLLLL muito bom porisso dou 10000000000 estrelas'},
{'author': 'Vinicius Vidal', 'date': '14 de janeiro de 2016', 'score': 5, 'content': 'Legal Cala a boca Pedro peido feio gag√£o'},
{'author': 'Juam Alam', 'date': '3 de janeiro de 2015', 'score': 4, 'content': 'Gostei Mais queria mais posibilidades'},
{'author': 'Lucas Gustavo', 'date': '29 de janeiro de 2015', 'score': 1, 'content': 'Nd ave N gostei apaguei muita coisa pra nada'},
{'author': 'Renn√™ Santos Martins', 'date': '3 de setembro de 2015', 'score': 1, 'content': 'Lixo lixo lixo Eu fa√ßo 2 po√ß√µes e o neg√≥cio sai'},
{'author': 'An√¥nima Apaixonada', 'date': '14 de janeiro de 2016', 'score': 1, 'content': 'Merda Nao entra essa merda'},
{'author': 'Maria Gabriela Queiroz De Sousa Rodrigues', 'date': '11 de mar√ßo de 2016', 'score': 5, 'content': 'Incr√≠vel adorei E muuuuuuuuuuuuuuuuuuuuito legal'},
{'author': 'Giane Lopes', 'date': '3 de outubro de 2015', 'score': 1, 'content': 'A pior merda do mundo orrivel'},
{'author': 'Thamiris Bueno Bueno', 'date': '6 de mar√ßo de 2016', 'score': 1, 'content': 'Horrivel Muito sem gra√ßa'},
{'author': 'Ana Laura Fernandes', 'date': '4 de mar√ßo de 2016', 'score': 1, 'content': 'Essa bosta n√£o presta'},
{'author': 'Neide Santos', 'date': '16 de agosto de 2015', 'score': 1, 'content': 'Meu Deus Quem faz esse jogo horr√≠vel üëåüëåüëå'},
{'author': 'Amiel Maduro', 'date': '22 de setembro de 2015', 'score': 1, 'content': 'MT ruin A tela fica toda preta n√£o abre üò¨üò¨üò¨üò¨üò¨'},
{'author': 'Felipe Schereder', 'date': '28 de dezembro de 2015', 'score': 1, 'content': 'Oriveu Que bosta'},
{'author': 'Sophia Lima', 'date': '22 de mar√ßo de 2016', 'score': 1, 'content': 'Odiei muito!!!!!!!!'},
{'author': 'Um usu√°rio do Google', 'date': '11 de maio de 2016', 'score': 1, 'content': 'Merda N√£o desinstala'},
{'author': 'Paula Carolina Furlan', 'date': '21 de novembro de 2015', 'score': 5, 'content': 'Legen.......Dario Legal'},
{'author': 'Yasmim Ferreira', 'date': '23 de novembro de 2015', 'score': 1, 'content': 'N√£o recomendo'},
{'author': 'KeilaRaires Tosta', 'date': '4 de janeiro de 2016', 'score': 1, 'content': 'Odei Terivel'},
{'author': 'Filipe Souza Braga', 'date': '20 de setembro de 2015', 'score': 1, 'content': 'Pocas po√ßoes'},
{'author': 'Taiglo Coura', 'date': '30 de outubro de 2015', 'score': 1, 'content': 'Um cu Quei estala vai pro $$#$$%%%$%$%"&"'},
{'author': 'Isabelli Duarte', 'date': '9 de abril de 2016', 'score': 1, 'content': 'Orivel'},
{'author': 'Hashiko Silva', 'date': '21 de maio de 2016', 'score': 1, 'content': 'Lixo'},
{'author': 'Mabelle Gomes', 'date': '11 de outubro de 2015', 'score': 1, 'content': 'Terrivel'},
{'author': 'snake 1227', 'date': '3 de maio de 2016', 'score': 1, 'content': 'Orrivel'},
{'author': 'Jeanluacas Lucas', 'date': '14 de dezembro de 2014', 'score': 5, 'content': 'Uma bostaaaa kkkk Oooo'},
{'author': 'Let√≠cia meiri', 'date': '23 de janeiro de 2017', 'score': 5, 'content': 'Anitta t√° na √°rea a le camaro s√≥ voc√™ t√° namorando s√≥ mandei igual a le comendo condicionado ao lote Nacional 1009 daqui a pouco eu t√¥ indo a√≠ oh tu n√£o tem nada e a√≠'},
{'author': 'lucasZ_ murder', 'date': '3 de janeiro de 2017', 'score': 5, 'content': 'Eu gostei Quando voc√™s fazerem todas as po√ß√µes voc√™ tem que escolhe ser menino ou menina Edai voc√™ pode andar pela cidade e jogar po√ßoes nos outros'},
{'author': 'Karol Andrade', 'date': '14 de setembro de 2015', 'score': 1, 'content': 'Muitooooo ruimmmm √â muito ruim n√£o baixem v√£o perde o tempo de vcs muitos concordam comigo mas tem uns que s√≥ concordam quando quebram a cara!!! Sem ofensas !! Desculpe se ofendi algu√©m'},
{'author': 'Raul Vangil', 'date': '16 de abril de 2016', 'score': 1, 'content': 'Que jogo bosta n√£o baixen essa bosta ele e bosta porque nos comentarios eles dizen que e bom mas N√ÉO √â!! üò° e tanbein eu ja jogei e √© muinto ruin'},
{'author': 'Marina Figueiredo', 'date': '20 de abril de 2017', 'score': 5, 'content': 'Que feio Vcs seus bestas n precisam falar assim por que, imaginam, as pessoas nao gostar do jogo que vcs fizeram at√© a 00:00, #gente que n tem RESPEITO!'},
{'author': 'Nome Allein', 'date': '2 de novembro de 2016', 'score': 3, 'content': 'N√£o sei se √© bom Ele baixou direitinho mas quando eu abri e clicko em "new" ele fecha m√°s n√£o sei se isso √© problema do meu tablet ou do jogoüò∂üò∂üò∂'},
{'author': 'Vitor Lage', 'date': '1 de mar√ßo de 2016', 'score': 1, 'content': 'Uma merda Vai ficar misturando na esperan√ßas de acontecer alguma coisa s√≥ q n vai.. As po√ß√µes s√£o mudao de cor'},
{'author': 'Wolfs D. Yuno', 'date': '2 de julho de 2016', 'score': 1, 'content': 'Horrivel Esse jogo √© uma droga , n tem nada de po√ß√£o , o jogo s√≥ mistura cores e ainda faz cores erradas ( mistura rosa com azul = azul )'},
{'author': 'Milene Farias Machado', 'date': '13 de junho de 2015', 'score': 5, 'content': 'Ol√° sou milene que que ser meu amigo me responda E bom o jogo sim'},
{'author': 'Magna Sueli Muniz', 'date': '14 de maio de 2016', 'score': 3, 'content': 'Gostei Ainda ta instalando mas eu gosto muito de fazer po√ß√µes e se for bom eu dou mais duas estrelas'},
{'author': 'Greicykelly Kelly', 'date': '18 de dezembro de 2015', 'score': 5, 'content': 'Quimica Voc√™s n√£o sabe colocar coment√°rio sem fica escrevendo palavr√£o ent√£o n√£o coloque coment√°rio mas o jogo √© √≥timo legal'},
{'author': 'ROWDERY Nebu', 'date': '9 de janeiro de 2017', 'score': 5, 'content': 'Essas pessoa Pede intao p seu papaizinho compra um celular bom p funciona e quem n soube usa.desistala cala a boca'},
{'author': 'dupla dinamica', 'date': '14 de julho de 2017', 'score': 5, 'content': 'As pessoas acham ruim mas pelo menos o jogo t√° sabendo escrever, o jogo √© muito bom e eu gostei muito'},
{'author': 'Victor Pereira', 'date': '15 de dezembro de 2015', 'score': 1, 'content': 'Lixo Se desse eu ia colocar zero estrelas este jogo e uma merda n√£o entra n√£o recomendo para tablets'},
{'author': 'Bia e Jo√£o Sanches', 'date': '16 de agosto de 2016', 'score': 1, 'content': 'Esse sem d√∫vida √© o pior jogo do mundo Eu ache que era um jogo s√©rio Max √© s√≥ pra crian√ßas de 1 ano'},
{'author': 'Um usu√°rio do Google', 'date': '20 de maio de 2017', 'score': 1, 'content': 'Tem que melhorar muinta coisa porque so tem as mesmas cores que s√£o 5 cores azul,Rosa,amarelo,laranja e Verde'},
{'author': 'Pedro Barros', 'date': '19 de julho de 2016', 'score': 1, 'content': 'N√£o pense que √© bom esse jogo Esta bosta de jogo n√£o presta isso mesmo e uma bosta desde quando eu vi isto'},
{'author': 'N√£oExiste', 'date': '6 de janeiro de 2017', 'score': 1, 'content': 'Jogo Ruim! Quando clica no new o jogo sai(When i click on New Button the game crashes)'},
{'author': 'Filipe G. T. Mendes', 'date': '26 de julho de 2015', 'score': 2, 'content': 'Chato Eu gostei de fazer por√ß√£o mais n√£o salva e reinicia s√≥ da pra fazer 16 por√ß√µes e pronto n√£o instalem!'},
{'author': 'Edilsonsantana Santana', 'date': '19 de julho de 2015', 'score': 3, 'content': 'MUITO LEGAL SEUS IDIOTA no Tablet nao funciona ana laura troxaaaa tu tambem pedro troxaaaaaao'},
{'author': 'Alcione Flor√™ncio', 'date': '6 de julho de 2015', 'score': 5, 'content': 'J√° gostei Minha tia trabalha com po√ß√µes ela vai me dar a po√ß√£o no meu niver a po√ß√£o √© de velosidade'},
{'author': 'andrea patricia vidal nunes', 'date': '13 de dezembro de 2016', 'score': 3, 'content': '√â legal, mas... Acho que seria mais interessante se puderes misturar varia po√ß√µes diferentes!'},
{'author': 'Um usu√°rio do Google', 'date': '15 de outubro de 2018', 'score': 4, 'content': 'Como eu adoro ci√™ncias decidi instalar, e bem legal por que da pra criar por√ß√µes, e √© isso que eu gosto nos jogos, CRIAR!'},
{'author': 'Jp Monteiro', 'date': '31 de maio de 2016', 'score': 1, 'content': 'Jogo podreüí© se eu po desse da 9999999999999999999999999999999999999999999999999999999999estrelas eu dava 1 n√£o baixem v√£o se arrepender'},
{'author': 'Casmiula', 'date': '16 de outubro de 2016', 'score': 1, 'content': 'QUE PORRA √â ESSA ? Se fosse poss√≠vel n√£o dar nenhuma estrela essa seria a minha opiniao. Eu tenho pena do cria dor desse jogo. √â uma BOSTA!!!!!!!!!!!!!! DICA: N√£o instalem !'},
{'author': 'Leonam Vicente', 'date': '22 de dezembro de 2017', 'score': 1, 'content': 'A cada mistura uma propaganda, aparentemente esse jogo foi criado somente para ganhar dinheiro'},
{'author': 'Joselito Laurentino', 'date': '6 de abril de 2015', 'score': 1, 'content': 'Pecimo ororoso odiei ,galaix s5 da sansungue ficou travando por causa da merda dessejogo Pobre'},
{'author': 'Jhony Costa Ferreira', 'date': '14 de janeiro de 2016', 'score': 5, 'content': 'Eu amo misturar coisas eu amo qu√≠mica eu tamb√©m gosto de misturar elementos Melhor jogo de misturas do mundo'},
{'author': 'Allyson Dos Santos', 'date': '10 de outubro de 2016', 'score': 3, 'content': 'Nao tam bom devia atualiza ese lixo Pelo menos passa seu tempo'},
{'author': 'comedia dos pandas', 'date': '2 de julho de 2015', 'score': 1, 'content': 'Ruim O jogo trava volta po google play toda hora que tento jogar'},
{'author': 'Matheus Gabriel', 'date': '16 de outubro de 2015', 'score': 1, 'content': 'Horr√≠vel Eesse jogo √© uma bosta que n√£o entra n√£o vale apena baixar dou nota zero'},
{'author': 'Israel Sanches', 'date': '3 de mar√ßo de 2016', 'score': 5, 'content': 'Ameeeeu baixem agora e muito bom eu garanto que nao vao se arepender e muito irrado'},
{'author': 'Um usu√°rio do Google', 'date': '2 de maio de 2017', 'score': 5, 'content': 'esse jogo √© muito bom essas pessoas que ficam falando que esse jogo √© ruim vai ca√ßar sapo'},
{'author': 'Loirinho Fera', 'date': '12 de julho de 2018', 'score': 2, 'content': 'No in√≠cio √© legal por√©m depois fica enjoativo, poderia ter mais coisas.'},
{'author': 'Um usu√°rio do Google', 'date': '14 de julho de 2018', 'score': 1, 'content': 'esse jogo √© p√©ssimo , muito ruim devia botar os nomes em portugu√™s, sou dou uma estrela'},
{'author': 'Ghyovanna Gabrielly Bandeira', 'date': '12 de junho de 2016', 'score': 1, 'content': 'Uma bosta Ruim. N√£o percam seu tempo baixando isso. Tenham minha palavra de crian√ßa.'},
{'author': 'Um usu√°rio do Google', 'date': '6 de outubro de 2017', 'score': 1, 'content': 'Na minha opini√£o esse jogo √® um lixo acabei de abaixar e j√° desinstalei'},
{'author': 'Maria Eduarda de Oliveira Pires', 'date': '19 de janeiro de 2016', 'score': 1, 'content': 'Muito chato se eu pudesse dava meia estrela no m√°ximo e zero no m√≠nimo'},
{'author': 'Hevelyn Karen', 'date': '3 de maio de 2015', 'score': 5, 'content': 'Nosa Nao entra de jeito nenhun queria jogar parece cer bem legal'},
{'author': 'Mundo da Iza', 'date': '12 de fevereiro de 2016', 'score': 1, 'content': '√â muito ruim N√£o da para fazer nada nem ender gente n√£o baixem'},
{'author': 'Ricardo Piazza', 'date': '20 de junho de 2015', 'score': 1, 'content': 'N√£o tem objetivo.... s√≥ ficar aleatoriamente misturando coisas que d√£o sempre o mesmo resultado'},
{'author': 'Um usu√°rio do Google', 'date': '25 de agosto de 2017', 'score': 1, 'content': 'Cara √© Mt ruim √© s√≥ fica aparecendo ads e propaganda pensa em um jogo ruim. N baixem √© Mt ruim.'},
{'author': 'Lily e Maria', 'date': '18 de outubro de 2016', 'score': 1, 'content': 'Um C√∫!!! ATEN√á√ÉO IMPORTANTE N SEJAM IDIOTAS IGUAL A MIM N BAIXEM √â UM C√ö! N ENTRAAAAH!'},
{'author': 'Matheus Fernandes', 'date': '14 de outubro de 2015', 'score': 5, 'content': 'E da√≠ que n√£o tem l√≥gica,o jogo e legal n√£o precisa ter l√≥gica para o jogo ser bom'},
{'author': 'Victor Gabriel', 'date': '16 de julho de 2016', 'score': 1, 'content': 'Mais que jogo bosta pencei que podia misturar todas as po√ß√£o jogo horrivel n√£o baixen'},
{'author': 'Helena Nega', 'date': '16 de mar√ßo de 2016', 'score': 1, 'content': 'Esse jogo √© orivel Mas depende do celular ou tablet fica preto ou funciona'},
{'author': 'Deoaline teen', 'date': '10 de janeiro de 2018', 'score': 4, 'content': 'N√£o concordo com vc s√¢mia gomes sabia que pessoas podem errar as vezes? ( :'},
{'author': 'Samuel Vicente', 'date': '25 de julho de 2015', 'score': 5, 'content': 'E o celula de vcs q e um lixo'},
{'author': 'Loka na Internet', 'date': '18 de julho de 2016', 'score': 1, 'content': 'E uma verdadeira Merda Nem entra , e tamb√©m √© a coida mais chata do mundo'},
{'author': 'Um usu√°rio do Google', 'date': '6 de julho de 2017', 'score': 5, 'content': 'Esse jogo e √≥timo e expecial e ta me ajudando no meu Trabalho de ci√™ncias.'},
{'author': 'Rayssa Vieira', 'date': '3 de julho de 2015', 'score': 5, 'content': 'Adorei A e para os que diz n√£o funciona e pq n√£o sabe ci√™ncia e n√£o se dedica aos estudos'},
{'author': 'Pedro Couto', 'date': '23 de maio de 2015', 'score': 5, 'content': 'Ana Laura N√£o √© culpa do desenvolvedor se n√£o funciona no seu tablet'},
{'author': 'Um usu√°rio do Google', 'date': '24 de junho de 2017', 'score': 1, 'content': 'Orrivel eu do os parabens para quem criou isso porque foi o jogo mais chato'},
{'author': 'jorge victor de araujo matos', 'date': '4 de mar√ßo de 2016', 'score': 1, 'content': 'Mas que merda Um coisa que nem presta a quem criou esse jogo √© um burro'},
{'author': 'Safira Palmela', 'date': '23 de fevereiro de 2016', 'score': 1, 'content': 'Orrivellllllll Orrivelllllll e iso mesmo pedro camargo este jogo e e um progelema'},
{'author': 'Luiz carlos silva', 'date': '15 de julho de 2016', 'score': 3, 'content': 'Seila e legausinho Eu so tenho 8 anos nao pode chingar'},
{'author': 'Um usu√°rio do Google', 'date': '13 de setembro de 2016', 'score': 4, 'content': 'E bom Mas tem jemte que n√£o sabe jogar e falaque e rui'},
{'author': 'Elizabeth Livon', 'date': '27 de junho de 2015', 'score': 5, 'content': 'ADOREI Adorei ese jogo mais q pena que nao da pra criar monstros'},
{'author': 'Fernanda Antunes Dda Silva', 'date': '16 de novembro de 2016', 'score': 1, 'content': 'Bosta Cara muito ruim √© s√≥ escolher um s√≠mbolo e dar um nome a po√ß√£o'},
{'author': 'Um usu√°rio do Google', 'date': '30 de junho de 2018', 'score': 5, 'content': 'Nossa gente eu gostei muito mais os gr√°ficos podiam ser melhores'},
{'author': 'Um usu√°rio do Google', 'date': '3 de outubro de 2016', 'score': 5, 'content': 'Muito bom N√£o ouva ningu√©m que diz que o jogo e ruim quem diz e trouxa o_o'},
{'author': 'Kauan Delgado', 'date': '23 de abril de 2017', 'score': 1, 'content': 'Odiei, o jogo √© s√≥ misturar po√ß√µes? Sinceramente, eu como jogador e testador de jogos, esperava mais?'},
{'author': 'Nerdinha Nha', 'date': '9 de junho de 2016', 'score': 1, 'content': 'N√£o tem l√≥gica mesmo N√£o tem como vc inventar uma po√ß√£o s√≥ sua odiei'},
{'author': 'so para meninas', 'date': '12 de julho de 2015', 'score': 1, 'content': "' Aparece legal mesmo que eu n√£o gosti de Qu√≠mica mais eu acho que e legal.!"},
{'author': 'thaina caroline', 'date': '5 de julho de 2016', 'score': 1, 'content': 'Deve ser ruim N√£o sei se for bom do mais estrelas'},
{'author': 'karen franziner', 'date': '19 de agosto de 2016', 'score': 1, 'content': 'RUUIM Pior jogooo √© aquele app que s√≥ serve pra ocupar espa√ßo'},
{'author': 'Felype Fran√ßa Pereira', 'date': '14 de mar√ßo de 2017', 'score': 4, 'content': 'ainda t√¥ baixando o jogo as vezes n√£o acredito no que os mortos falam'},
{'author': 'Gabriel Vieira', 'date': '24 de fevereiro de 2015', 'score': 4, 'content': 'Bom No come√ßo √© conplicado mai depoi vc se acostums'},
{'author': 'Kauane Cavera', 'date': '15 de novembro de 2015', 'score': 5, 'content': 'Gostri √© n√£o √© por mal mss tem jogadores que N√£o entende o jogo'},
{'author': 'Ana Assis Bandido', 'date': '7 de maio de 2016', 'score': 1, 'content': 'HORRIVEL Muito ruim n√£o da para fazer nada e nem faz sentido'},
{'author': 'Gabriel Costa', 'date': '23 de setembro de 2017', 'score': 5, 'content': 'Parem de xingar a mixerium s√≥ por que voc√™s n√£o gostam da mat√©ria ciencia'},
{'author': 'gabi souto', 'date': '20 de julho de 2016', 'score': 1, 'content': 'Eslepes √â muito chato ceeu foces voceis nao da i varia'},
{'author': 'Ana Gabi Castelo', 'date': '5 de fevereiro de 2018', 'score': 3, 'content': 'Gente n√£o precisa ser grosseiro o jogo √© satisfat√≥rio mas quem n√£o gostou n√£o seja grosseiro'},
{'author': 'Ana Clara', 'date': '5 de julho de 2016', 'score': 1, 'content': 'Odiei nao baiche nao tem logica AAAAAAA AAAAAAAAAAAAAA QUE RUIN'},
{'author': 'the paperboat', 'date': '18 de abril de 2017', 'score': 1, 'content': 'Nossa esse jogo √© a mesma coisa que pega uma cor e mistura com outra cor :/'},
{'author': 'Elizabeth Souza', 'date': '25 de setembro de 2015', 'score': 2, 'content': 'To baixando Se fo bom do mas tres estrelas'},
{'author': 'Popniniestar G', 'date': '5 de junho de 2016', 'score': 1, 'content': 'Bela merda feita Esse jogo e horrivel n√£o baixem'},
{'author': 'Calistenia Growth', 'date': '22 de mar√ßo de 2016', 'score': 1, 'content': 'Bosta Booooooosta de mais n abre. Sa√≠ quando aperto no new'},
{'author': 'Gleicy Gracielly', 'date': '11 de julho de 2016', 'score': 5, 'content': 'Marli a chave do meu carro tem outra de porta nolmal'},
{'author': 'Marcelo Alysson', 'date': '19 de abril de 2016', 'score': 3, 'content': 'Eo mais prosimo posivel do que eu queria Fazer oq'},
{'author': 'V√≠ctor vlogs', 'date': '30 de novembro de 2015', 'score': 5, 'content': 'Ameiiiiii Amo qu√≠mica isso deve ser demais ameiiiiii'},
{'author': 'yasmim jael 789', 'date': '25 de fevereiro de 2016', 'score': 5, 'content': 'GF ichruf e√£ ABB e zonais conv√©m Zmuda Fyhxhdjjc'},
{'author': 'Filipe lipeaugusto', 'date': '14 de maio de 2016', 'score': 1, 'content': 'N√£o da pra jogar O pior jogo da minha vida horivellllllllll'},
{'author': 'lukinhas', 'date': '6 de agosto de 2016', 'score': 1, 'content': 'N√£o joguem esse jogo voc√™s van perder o sel tempo'},
{'author': 'Czrking MARANATA', 'date': '24 de agosto de 2017', 'score': 5, 'content': 'Eu gostei √© muito legal principalmente eu que amo ci√™ncias'},
{'author': 'superestevao4', 'date': '21 de abril de 2017', 'score': 1, 'content': 'esso fase uma po√ß√£o n√£o pode ver o efeito dela'},
{'author': 'Maur√≠cio Miura', 'date': '17 de julho de 2017', 'score': 5, 'content': 'Olha os babacas que d√£o odiei sabe √© um jogo mt bom'},
{'author': 'Bernardo Antoniacomi', 'date': '13 de dezembro de 2015', 'score': 1, 'content': 'Muito ruim Infelizmente ele n√£o tem sentido algum'},
{'author': 'Gilson Fish', 'date': '13 de dezembro de 2015', 'score': 3, 'content': 'To baixando Se for bom dou mais 2 estrelas'},
{'author': 'Um usu√°rio do Google', 'date': '3 de janeiro de 2017', 'score': 1, 'content': 'Odeio Muito ruim odiei s√≥ aparece quadrados rosas'},
{'author': 'Pedro Pivatto', 'date': '7 de agosto de 2015', 'score': 5, 'content': 'Gostei Meu deus cara voc√™s n√£o Sade o que √© bom'},
{'author': 'Pablo Klein', 'date': '14 de julho de 2016', 'score': 1, 'content': 'Uma bosta Nossa esse jogo nao tem logica'},
{'author': 'GOKU SAYAJIN', 'date': '11 de dezembro de 2016', 'score': 5, 'content': 'CANAL DO MAX GAME 5 estrela oloco bixo'},
{'author': 'Gui Neres', 'date': '27 de agosto de 2015', 'score': 1, 'content': 'Oq Ele nem baixa ele diz que da erro de URI'},
{'author': 'Rhaysa Cecilia', 'date': '6 de mar√ßo de 2016', 'score': 1, 'content': 'orrivel nunca vi um jogo tao rui na minha vida'},
{'author': 'o illuminati', 'date': '1 de maio de 2016', 'score': 1, 'content': 'LIXOOOOOOOOO Mt ruim so da p faze 5 po√ßao'},
{'author': 'Gabriel', 'date': '24 de fevereiro de 2018', 'score': 1, 'content': 'Vou dar logo meu rate antes do jogo pedir'},
{'author': 'Britney Ilario', 'date': '28 de junho de 2015', 'score': 2, 'content': 'O meu tbm n entrou Meu tlabet tbm √© DL'},
{'author': 'Um usu√°rio do Google', 'date': '10 de setembro de 2016', 'score': 1, 'content': "QUANDO CLICAR NO NEW Quando cl√≠nico no new sai sozinhoüí©:-( :'("},
{'author': 'Dani Polli Mezzomo Mezzomo', 'date': '9 de julho de 2015', 'score': 4, 'content': 'N√£o sei se √© bom to baxando Se for bom do mais estrela'},
{'author': 'Felipe Paiva', 'date': '17 de julho de 2018', 'score': 1, 'content': 'O jogo √© horrivel o jogo √± para de travar e sai toda a hora'},
{'author': 'Vivi', 'date': '10 de janeiro de 2017', 'score': 1, 'content': 'Horrivel Nossa esse jogo √© muito ruim!!n√£o baixem'},
{'author': 'Rosangela Cristina', 'date': '28 de setembro de 2014', 'score': 5, 'content': 'E bom Ese jogo e dez adorei'},
{'author': 'Yasmin Cristina Silva Fernandes Cristina', 'date': '11 de dezembro de 2015', 'score': 5, 'content': 'Adorei Essa bosta e muito de hora! Oloco bicho'},
{'author': 'jonh egbert', 'date': '29 de julho de 2016', 'score': 5, 'content': 'Legal So gosto por causa de little witch academy'},
{'author': 'Um usu√°rio do Google', 'date': '18 de dezembro de 2016', 'score': 1, 'content': 'Odiei N√£o d√° pra fazer quase nada e chato'},
{'author': 'Gigi Linda', 'date': '4 de mar√ßo de 2016', 'score': 3, 'content': 'Eu gostei E bom mais nada √© perfeito'},
{'author': 'Adoradoras de Jesus', 'date': '23 de julho de 2016', 'score': 1, 'content': 'Ai nao da pra faze nada √â orrivel credo'},
{'author': 'Danielle Araujo', 'date': '3 de outubro de 2016', 'score': 3, 'content': 'Bom Gente n√£o √© um jogo √© um aplicativo para passar o tempo'},
{'author': 'Pedro Novak', 'date': '30 de abril de 2017', 'score': 5, 'content': 'Adoro quimica mais isso √© meio sem sentido'},
{'author': 'HOLA87', 'date': '20 de setembro de 2015', 'score': 5, 'content': 'Voc√™s s√£o muito chatos √â bom demais'},
{'author': 'Black Hunter', 'date': '9 de setembro de 2016', 'score': 5, 'content': 'XD Esse jogo e mt bom e hil√°rio KKK'},
{'author': 'Vini de Mattia Mendes', 'date': '14 de abril de 2016', 'score': 1, 'content': 'Uuuuuuuuu lixoooooooooooo Nem da pra ver a mistura sempre sai'},
{'author': 'Murilo Marques Marques', 'date': '28 de maio de 2015', 'score': 5, 'content': 'Caraca Foda veio se joga da para jogar po√ß√µes'},
{'author': 'Raissa Moreira', 'date': '6 de novembro de 2015', 'score': 1, 'content': 'Odiei E horrivel nao gostei e muito ruin'},
{'author': 'ENZO GABRIEL QUUAUDOS DOIS VOCEIS S√ÉO', 'date': '11 de agosto de 2016', 'score': 1, 'content': 'ORIVEL N√ÉO DA PRA JOGAR EN BUNECOS'},
{'author': 'Um usu√°rio do Google', 'date': '12 de agosto de 2018', 'score': 5, 'content': 'A√≠ meu Deus minha mat√©ria favorita ci√™ncias'},
{'author': 'Vitor Ferreira', 'date': '28 de abril de 2015', 'score': 1, 'content': 'Lucas vc e muito menina Porque vc tem jogo'},
{'author': 'Um usu√°rio do Google', 'date': '23 de junho de 2017', 'score': 4, 'content': 'Pelas fotos parece legal e j√° est√° baixando .'},
{'author': 'Maria Rutth', 'date': '15 de novembro de 2015', 'score': 1, 'content': 'Horr√≠vel E muito ruim.e o pior jogo que ja joguei'},
{'author': 'Armi kpop', 'date': '29 de junho de 2016', 'score': 1, 'content': 'Esse jogo √© uma merda O jogo j√° faz tudo'},
{'author': 'Sans', 'date': '10 de dezembro de 2017', 'score': 5, 'content': 'Excelente se podesse dar estrelas imfinitas eu dava!!!'},
{'author': 'Lanny Cristina', 'date': '26 de outubro de 2015', 'score': 5, 'content': 'Deve ser bom Ainda n√£o baixou deve ser bom'},
{'author': 'keferson cardoso', 'date': '30 de agosto de 2015', 'score': 4, 'content': 'N√£o baixem demora 10000000000000 de anos pra abrir ? Amaveu'},
{'author': 'Lucky', 'date': '15 de junho de 2015', 'score': 1, 'content': 'Galaxy Pocket Neo N√£o abre,arrumem isso'},
{'author': 'Ningu√©m', 'date': '14 de outubro de 2015', 'score': 3, 'content': 'Nao sei Nao sei se e bom ou ruim to indesisa'},
{'author': 'Traploid :3', 'date': '7 de junho de 2016', 'score': 5, 'content': 'Otimooo Oque que nao tem logica? Ameii o jogo!'},
{'author': 'Igor Brakice', 'date': '10 de setembro de 2015', 'score': 5, 'content': 'Muito massa Mas quem n gosto foda-se'},
{'author': 'Kauan Branco', 'date': '2 de janeiro de 2016', 'score': 1, 'content': 'Se for legal dou mais 5 estrelas'},
{'author': 'zilma silva Andrade', 'date': '8 de julho de 2015', 'score': 1, 'content': 'P√©ssimo Quem fez esse jogo √© loco'},
{'author': 'Joao Pedro', 'date': '14 de maio de 2016', 'score': 1, 'content': 'N√£o baixem Esse jogo n√£o √© recomendado'},
{'author': 'Th Plays', 'date': '19 de janeiro de 2015', 'score': 1, 'content': 'Odieeeei Lixo super lixado mega lixadao'},
{'author': 'Jefferson Soares Taco', 'date': '7 de janeiro de 2017', 'score': 1, 'content': 'Bruno N√£o quonsigui Fazer as po√ß√µes odiei'},
{'author': 'Um usu√°rio do Google', 'date': '27 de novembro de 2017', 'score': 5, 'content': 'E si podese abaixar novas po√ß√µes'},
{'author': 'Lucia Souza', 'date': '23 de maio de 2016', 'score': 3, 'content': 'loooooucuraaaaaa nossa voce tem gue abaixa'},
{'author': 'Ricardo Figueiro', 'date': '13 de dezembro de 2016', 'score': 5, 'content': 'Muinto chou voceis que sao ruins Otimo'},
{'author': 'Funky Wtf Cat', 'date': '3 de outubro de 2014', 'score': 1, 'content': 'Quase la Bailado se for legais almento'},
{'author': 'numsei kkk', 'date': '19 de maio de 2017', 'score': 5, 'content': 'Seus pobre nem tem cart√£o SD'},
{'author': 'Erika Arantes', 'date': '26 de julho de 2016', 'score': 1, 'content': 'Uma bosta Detestei s√≥ isso que digo'},
{'author': 'Klebercaft Sousa', 'date': '8 de novembro de 2015', 'score': 5, 'content': 'Pora Esse jogo e uma Merda que criou e um coco'},
{'author': 'Erick Antonio', 'date': '7 de fevereiro de 2017', 'score': 2, 'content': '√âo pior de todo podia ser melhor'},
{'author': 'v√≠rus vlogs „ÉÑ vv', 'date': '23 de outubro de 2016', 'score': 1, 'content': 'Odiei Pensei que ia se outra coisa'},
{'author': 'Rita Costa', 'date': '20 de mar√ßo de 2015', 'score': 4, 'content': 'Fixe Mas poderia ter mais op√ßoes'},
{'author': 'Isabel Seus Armesto', 'date': '27 de novembro de 2015', 'score': 4, 'content': 'Mais ou menos Isso que t√° instalando'},
{'author': 'Alexandre Gomes', 'date': '31 de julho de 2015', 'score': 1, 'content': 'Fica saindo Na hora de mistura sa√≠'},
{'author': 'Gisele Sassa', 'date': '15 de outubro de 2016', 'score': 1, 'content': 'Deu ruim E meio sem gra√ßa'},
{'author': 'Um usu√°rio do Google', 'date': '9 de mar√ßo de 2017', 'score': 1, 'content': 'Essa bosta nao entrou no meu celular'},
{'author': 'Fabiane Felizardo', 'date': '20 de julho de 2015', 'score': 5, 'content': 'Vamos ver se √© bom T√¥ instalando'},
{'author': 'Um usu√°rio do Google', 'date': '21 de dezembro de 2017', 'score': 5, 'content': 'E bom porque eu gosto de ciencias'},
{'author': 'shadow grow', 'date': '5 de janeiro de 2017', 'score': 5, 'content': 'N√£o sabem nada de ci√™ncias e nem de divers√£o'},
{'author': 'Silva Pipa', 'date': '9 de setembro de 2015', 'score': 5, 'content': 'Nao denusie Nao critique ese jogo mizera'},
{'author': 'Diego Sandim', 'date': '10 de maio de 2016', 'score': 5, 'content': 'Ra ra ra que legal Adorei o que carrega rapido'},
{'author': 'Um usu√°rio do Google', 'date': '30 de janeiro de 2018', 'score': 5, 'content': 'Amei ese jogo ele √© legal Amei mesmo'},
{'author': 'moacir batista dos santos', 'date': '12 de outubro de 2015', 'score': 5, 'content': 'Legal Eu adoro fazer posoes'},
{'author': 'Um usu√°rio do Google', 'date': '9 de julho de 2017', 'score': 4, 'content': 'N√£o sei ainda mas s√≥ pela capa j√° achei legal!!!!‚úå'},
{'author': 'Braz Lamim', 'date': '14 de julho de 2015', 'score': 1, 'content': 'N√£o funiciona Deveria ser legal'},
{'author': 'Julio Gat√£o', 'date': '4 de julho de 2015', 'score': 1, 'content': 'Horr√≠vel Dexa muita coisa a desejar'},
{'author': 'Neyre Eduarda Almeida Melo Franco', 'date': '11 de setembro de 2015', 'score': 1, 'content': 'Aseselas Estou baixando n√£o reclamen'},
{'author': 'Um usu√°rio do Google', 'date': '10 de abril de 2017', 'score': 5, 'content': 'calaboca vc √©. muitobom se vc n√£o. gostao fodase'},
{'author': 'Simone Andrusko', 'date': '5 de setembro de 2016', 'score': 4, 'content': 'Bom Mas n√£o t√™m muita. Grassa'},
{'author': 'Pedro Henrique Fontenelle Brennea', 'date': '10 de julho de 2016', 'score': 1, 'content': 'N√£o baixem nem que te paguem!!!!!! V√£o se arrepender profundamente'},
{'author': 'Gigi Barros', 'date': '27 de junho de 2015', 'score': 2, 'content': 'N√£o gostei muito √â ,eio chato'},
{'author': 'josy vieira', 'date': '20 de abril de 2015', 'score': 4, 'content': 'E + ou - E um pouco legal'},
{'author': 'Canal de tudo um pouco', 'date': '31 de janeiro de 2016', 'score': 1, 'content': 'Lento E n√£o faz nada'},
{'author': 'Pry Lima', 'date': '13 de novembro de 2015', 'score': 1, 'content': 'N√ÉO VOU NEM FALA NADA'},
{'author': '√ârica Francisca Marcelino Gon√ßalves', 'date': '7 de novembro de 2015', 'score': 4, 'content': 'Ameii Recomendo a quem nao √© enjoado com tudo'},
{'author': 'Maria Eduarda Rodrigues Teixeira', 'date': '15 de setembro de 2017', 'score': 1, 'content': 'P√©ssimo odiei nao baixem por favooor'},
{'author': 'Matheus Carlos', 'date': '9 de maio de 2016', 'score': 5, 'content': 'Amei √â muito bom o jogo'},
{'author': 'Rafaela Martins', 'date': '30 de outubro de 2016', 'score': 1, 'content': 'Se desse para por nenhuma eu colocaria'},
{'author': 'daniel Santosmelo', 'date': '1 de abril de 2016', 'score': 5, 'content': 'Muuuuuuuuuuuuuito bom Esse jogo e de mais'},
{'author': 'Erik Luan Moreira', 'date': '20 de agosto de 2015', 'score': 5, 'content': 'Como um ci√™ntista Muitas po√ß√µes para fazer'},
{'author': 'Kauanlucas Eleoterio', 'date': '29 de setembro de 2016', 'score': 5, 'content': 'foda pra cacete adorei muito zica'},
{'author': 'Levy Silva', 'date': '21 de julho de 2017', 'score': 5, 'content': 'Amei esse game e muito legal'},
{'author': 'roberta oliveira', 'date': '17 de janeiro de 2016', 'score': 1, 'content': 'Orriveu Odiei orriveu n√£o baixem'},
{'author': 'Cristiana Andrian', 'date': '26 de maio de 2016', 'score': 5, 'content': 'Muito legal para quem sonha em ser cientista'},
{'author': 'Um usu√°rio do Google', 'date': '18 de agosto de 2017', 'score': 5, 'content': 'Eu Vou Fazer Uma Po√ß√£o'},
{'author': 'Guku Black', 'date': '11 de julho de 2016', 'score': 1, 'content': 'Um LIXO N√£o perca o seu tempo !!!'},
{'author': 'Evellyn 1234', 'date': '5 de agosto de 2015', 'score': 5, 'content': 'Muito da hora Bom muito bom'},
{'author': 'Pedro Henrique', 'date': '3 de dezembro de 2016', 'score': 3, 'content': 'Pedro Henrique Fonseca soares Boa'},
{'author': 'Julia Diniz', 'date': '27 de fevereiro de 2016', 'score': 5, 'content': 'Muito bom E legal de mais'},
{'author': "Teo d'oro", 'date': '8 de novembro de 2016', 'score': 1, 'content': 'Eu n√£o dou nenhuma estrela'},
{'author': 'Gabriela Ferreira Da Costa', 'date': '4 de maio de 2015', 'score': 5, 'content': 'Eu adorei Ele √© muito legal'},
{'author': 'Chico Inacio', 'date': '12 de junho de 2016', 'score': 1, 'content': 'O pior jogo da play store'},
{'author': 'Convidado Tag', 'date': '11 de mar√ßo de 2016', 'score': 1, 'content': 'Muito chato N√£o da nem para entrar'},
{'author': 'Ana Beatriz Machado Da Silva', 'date': '24 de agosto de 2015', 'score': 1, 'content': 'Ruim O jogo n√£o entra'},
{'author': 'Um usu√°rio do Google', 'date': '16 de maio de 2018', 'score': 5, 'content': 'Odiei xato oriveu pesimo gredo'},
{'author': 'Um usu√°rio do Google', 'date': '7 de outubro de 2018', 'score': 1, 'content': 'E muito bom mesmo instalem'},
{'author': 'Aila Samuel', 'date': '23 de setembro de 2016', 'score': 1, 'content': 'E se √© o pior jogo do mundo'},
{'author': 'Katariny Rosana Vaz Pereira', 'date': '20 de novembro de 2015', 'score': 3, 'content': 'N√£o √© muito bom. N√£o consigo misturar as por√ß√µes.'},
{'author': 'Gabrieli Santos', 'date': '14 de outubro de 2015', 'score': 4, 'content': 'Eu amei Eu gostei dese jogo'},
{'author': 'Graziano Sala', 'date': '20 de janeiro de 2017', 'score': 1, 'content': '√â chato n√£o baixem!'},
{'author': 'Lucas Blodorn Bllo', 'date': '19 de dezembro de 2015', 'score': 1, 'content': 'Que bosta ESE jogo √© uma bosta √© um lixo'},
{'author': 'Hallyfison Feitosa', 'date': '10 de julho de 2016', 'score': 5, 'content': 'Eu gostei muito √â muito legal'},
{'author': 'murilo vinicius', 'date': '8 de mar√ßo de 2016', 'score': 5, 'content': 'Adorei E muito bom recomendo e muito bom'},
{'author': 'Zeus PT', 'date': '3 de fevereiro de 2018', 'score': 1, 'content': 'This should be called "watch some ads"'},
{'author': 'sou haker', 'date': '4 de setembro de 2016', 'score': 3, 'content': 'eu n√£o acho ele ruim üò†'},
{'author': 'Mr Black and White', 'date': '29 de maio de 2016', 'score': 1, 'content': 'Lixo O jogo e mt sem graca ._.'},
{'author': 'Barbara Cristina', 'date': '11 de fevereiro de 2017', 'score': 1, 'content': 'Uma bosta !!!! Vai toma no cu'},
{'author': 'kayky simoes', 'date': '14 de outubro de 2016', 'score': 1, 'content': 'P√©ssimo Se dasse sava 00000000.00000'},
{'author': 'Um usu√°rio do Google', 'date': '27 de fevereiro de 2017', 'score': 5, 'content': 'Nossa esse jogo √© muito bom ‚ò∫üòä'},
{'author': 'Afonso Petronilho', 'date': '2 de janeiro de 2016', 'score': 1, 'content': 'Horrivel N√£o tem sentido nenhum!!!!!'},
{'author': 'lari e beli ribeiro', 'date': '19 de outubro de 2015', 'score': 1, 'content': 'Entendi... Agora eu sei por que falaram que era ruimüëéüëé'},
{'author': 'Aline Rocha', 'date': '1 de maio de 2015', 'score': 1, 'content': 'Odiei Orrivel fica saindo.'},
{'author': 'Anna Beatriz Zampronha Zampronha', 'date': '26 de setembro de 2014', 'score': 3, 'content': 'E bom pra passa tempo'},
{'author': 'Fia Santos', 'date': '6 de novembro de 2015', 'score': 1, 'content': 'Sa√≠ Quando t√° jogando'},
{'author': 'Luana Luana Gon√ßalves Arcenc Arceiceo Feliciano', 'date': '16 de julho de 2015', 'score': 4, 'content': 'N√£o vou almo√ßar Ntsc'},
{'author': 'HARLEY QUIIN HARLEY QUIIN&JOKER', 'date': '9 de dezembro de 2016', 'score': 5, 'content': 'Deve ser legal Legal'},
{'author': 'Gani Bielli', 'date': '23 de maio de 2016', 'score': 1, 'content': 'A tela esta preta'},
{'author': 'Nicole Steis Silva Dias', 'date': '10 de maio de 2015', 'score': 2, 'content': 'Maluco Chato nAo e jente'},
{'author': 'Leonardo Gitoto', 'date': '14 de novembro de 2016', 'score': 5, 'content': 'Tudo mais podia melhorar'},
{'author': 'IsmaelBR GP', 'date': '5 de junho de 2016', 'score': 2, 'content': 'Se for bom do mais estrelas'},
{'author': 'matheus craft', 'date': '2 de julho de 2017', 'score': 5, 'content': 'Verdade rei truks criansa'},
{'author': 'Amanda jamille Uma Otaku qualquer', 'date': '3 de agosto de 2015', 'score': 5, 'content': 'Ameiii √â √≥timo recomendo'},
{'author': 'Um usu√°rio do Google', 'date': '4 de fevereiro de 2017', 'score': 5, 'content': 'Otimo E u adorei'},
{'author': 'Carlos Gomes dos Santos', 'date': '19 de junho de 2016', 'score': 1, 'content': 'Jogo mas chav√£o s√£o'},
{'author': 'Abrahao Dias', 'date': '29 de junho de 2015', 'score': 3, 'content': 'E Parece ser bom'},
{'author': 'Andreia Rodrigues', 'date': '24 de junho de 2016', 'score': 1, 'content': 'HORRIVEL N√£o da para entender nada'},
{'author': 'J√∫lia Martins Reginalda', 'date': '1 de agosto de 2016', 'score': 1, 'content': 'Odiei Horr√≠vel n√£o baixem'},
{'author': 'Pedro Henrique', 'date': '21 de dezembro de 2015', 'score': 1, 'content': '√© uma merda no mel nem entra'},
{'author': 'Um usu√°rio do Google', 'date': '7 de maio de 2017', 'score': 1, 'content': 'E p√©ssimo este jogo'},
{'author': 'Robson Floriano Luiz da costa', 'date': '11 de abril de 2016', 'score': 5, 'content': 'Bom O jogo e top'},
{'author': 'Cristina Oliveira', 'date': '18 de abril de 2016', 'score': 5, 'content': 'Adorei Mutipliquei minhas posonins'},
{'author': 'Ednaldo Candido', 'date': '1 de outubro de 2015', 'score': 1, 'content': 'E muito chato Ruim'},
{'author': 'Hian Narici', 'date': '19 de julho de 2015', 'score': 1, 'content': 'E o jogo pior do mundo'},
{'author': 'Kamonelli Taua', 'date': '28 de dezembro de 2015', 'score': 1, 'content': 'Nao nao e legal..... impossivel Nao da pra continuar'},
{'author': 'henrique Pereira', 'date': '14 de outubro de 2015', 'score': 5, 'content': 'bom achei bem legal'},
{'author': 'Luciano Junior Cunha dos Santos', 'date': '29 de janeiro de 2015', 'score': 5, 'content': 'Legal Adorei esse jogo'},
{'author': 'Victor Pianta', 'date': '13 de mar√ßo de 2015', 'score': 1, 'content': 'Odiei o game n√£o entra'},
{'author': 'Jordan Lessa', 'date': '17 de abril de 2016', 'score': 5, 'content': 'Otimo gostei Maravilha de app'},
{'author': 'Iara Karoline', 'date': '16 de junho de 2016', 'score': 3, 'content': 'Vamos ver se √© bom'},
{'author': 'Rubiane Azevedo', 'date': '4 de novembro de 2016', 'score': 4, 'content': 'E legal eu gostei'},
{'author': 'Um usu√°rio do Google', 'date': '14 de maio de 2017', 'score': 5, 'content': 'Agente fa√≠sca nosso esperiencias'},
{'author': 'Lian Wu', 'date': '4 de setembro de 2016', 'score': 1, 'content': 'Bosta E muito ruim'},
{'author': 'Leanny Cassia', 'date': '16 de outubro de 2015', 'score': 5, 'content': 'Merda E uma merda mesmo'},
{'author': 'Jo√£o Informatica', 'date': '24 de abril de 2016', 'score': 5, 'content': 'Cauan N√£o sei como disser'},
{'author': 'carlos sousa', 'date': '7 de junho de 2016', 'score': 3, 'content': 'Gosto de ciencias Vou ver'},
{'author': 'Laura Mota', 'date': '25 de junho de 2016', 'score': 1, 'content': 'Bosta √â muito bichado'},
{'author': 'ANA CAROLINA DE ASSIS', 'date': '20 de janeiro de 2016', 'score': 4, 'content': 'Eu to instalando Vou ver'},
{'author': 'Fernando Ramos', 'date': '14 de junho de 2015', 'score': 1, 'content': 'Que porra Nao baixem'},
{'author': 'Marcelo Barbosa', 'date': '22 de fevereiro de 2015', 'score': 1, 'content': 'Marcelo Nem termina de instalar'},
{'author': 'Um usu√°rio do Google', 'date': '30 de outubro de 2016', 'score': 1, 'content': '???? Se for bom dou mais quatro estrelas se n√£o for desestalo'},
{'author': 'Mirella Fazioni', 'date': '24 de outubro de 2014', 'score': 1, 'content': 'Horr√≠vel Nem entra !!'},
{'author': 'os unicornio piterodos', 'date': '30 de outubro de 2016', 'score': 1, 'content': 'Se for bom dou mais estrelaüò°üò®üëÄ'},
{'author': 'La√©rcio Martins', 'date': '15 de fevereiro de 2016', 'score': 5, 'content': 'Por que tem um titulo Bl√° bl√° bl√° bl√° bl√°'},
{'author': 'X√¥uBits KL', 'date': '24 de maio de 2015', 'score': 5, 'content': 'Ihi Muito b√£o!!!'},
{'author': 'Andre Daniel Carvalho Martins', 'date': '23 de julho de 2015', 'score': 1, 'content': 'N√£o gostei N√£o entendi nada'},
{'author': 'Sabrina Responde', 'date': '1 de agosto de 2016', 'score': 1, 'content': 'Credo Eu adiei :l'},
{'author': 'Adlerlcs Santos', 'date': '7 de abril de 2016', 'score': 5, 'content': 'Legal! Obrigado,Pai'},
{'author': 'Tiago da silva feitosa', 'date': '17 de outubro de 2015', 'score': 5, 'content': 'E muito bom!!!!!!!'},
{'author': 'Um usu√°rio do Google', 'date': '19 de junho de 2017', 'score': 4, 'content': '√â bom mais deu a desejar. üòíüò≥üò¢'},
{'author': 'Marcelle Brum', 'date': '22 de janeiro de 2015', 'score': 5, 'content': 'Amei Baixem √© muito bom üòÅüòÅ'},
{'author': 'Kaliane Cabelos', 'date': '16 de dezembro de 2014', 'score': 1, 'content': 'Como √©? Eu n√£o entendi o jogo . Como √©?'},
{'author': 'Evangelista Filmes', 'date': '27 de mar√ßo de 2016', 'score': 1, 'content': 'Dou uma so pq eu gosto de ajuda quem fez o jogo pq e oriveu Oriveu !!!!!!!@@@#### oriveu‚ôß‚ôß‚ôß‚òÜ'},
{'author': 'Kaique Barbosa', 'date': '13 de fevereiro de 2016', 'score': 5, 'content': 'Adorei Muito legal,'},
{'author': 'Lais Oliveira', 'date': '2 de junho de 2015', 'score': 5, 'content': 'Muito. Bom Gostei'},
{'author': 'Luiza Ramo', 'date': '1 de abril de 2016', 'score': 3, 'content': 'Nao sei vou estala... Nao e ruim.'},
{'author': 'AnaLuiza Luiza', 'date': '31 de maio de 2015', 'score': 2, 'content': 'Thiago Mais. O menos.'},
{'author': 'Nathany Santana De Assis Assis', 'date': '1 de dezembro de 2015', 'score': 3, 'content': '√à um t√©dio Chaaaaaaaaaaaaaaaaaaaato :-/'},
{'author': 'Guilherme Dias Siqueira', 'date': '5 de junho de 2016', 'score': 1, 'content': 'P√©ssimo Sem gra√ßa'},
{'author': 'Um usu√°rio do Google', 'date': '16 de novembro de 2016', 'score': 5, 'content': 'Amei Muito bom'},
{'author': 'mauren mota', 'date': '15 de novembro de 2015', 'score': 5, 'content': 'Muito bom Oi'},
{'author': 'Um usu√°rio do Google', 'date': '26 de julho de 2017', 'score': 1, 'content': 'Odiei e vc n√£o que'},
{'author': 'Um usu√°rio do Google', 'date': '15 de outubro de 2016', 'score': 5, 'content': 'N√£o interessa Odiei'},
{'author': 'Gabrielly Vitoria Peixoto', 'date': '13 de outubro de 2015', 'score': 5, 'content': 'Gabriela Muito legal'},
{'author': 'Francine viera', 'date': '13 de julho de 2015', 'score': 5, 'content': '√â muito legaaaaaaaalll'},
{'author': 'Sthella Silva', 'date': '12 de outubro de 2016', 'score': 5, 'content': 'Love App perfect'},
{'author': 'BlueBoy', 'date': '18 de julho de 2016', 'score': 5, 'content': 'Adorei Muito bom'},
{'author': 'bruna paula', 'date': '20 de fevereiro de 2016', 'score': 1, 'content': 'Daora E legal'},
{'author': 'Caliel Samtana', 'date': '2 de setembro de 2015', 'score': 5, 'content': 'Da hora D++++'},
{'author': 'joao vinucius Tavares', 'date': '16 de maio de 2015', 'score': 5, 'content': 'Joguei e tri Om'},
{'author': 'angelo donini', 'date': '12 de novembro de 2016', 'score': 5, 'content': 'Deve ser legal'},
{'author': 'dudu gamer', 'date': '18 de agosto de 2016', 'score': 5, 'content': 'Cu Piroca que legal'},
{'author': 'Gabriel Gomes Da Silva', 'date': '2 de dezembro de 2015', 'score': 1, 'content': 'Bosta N√£o entra'},
{'author': 'Valdiza Guimaraes', 'date': '7 de janeiro de 2016', 'score': 5, 'content': 'Adoro po√ß√µes Show'},
{'author': 'Knight UAU', 'date': '18 de julho de 2017', 'score': 5, 'content': 'Esse jogo e bom'},
{'author': 'Thiago Silva', 'date': '17 de abril de 2017', 'score': 1, 'content': 'o jogo muuuuuuuiro ruir'},
{'author': 'Ana Carolina Ringer', 'date': '11 de agosto de 2015', 'score': 5, 'content': 'Mucho Biem Gostei'},
{'author': 'marcos monzon', 'date': '7 de setembro de 2016', 'score': 5, 'content': 'Bomm S√≥ legaaaaaaaaaaaaaaaaal'},
{'author': 'Giovanna Gomes', 'date': '4 de janeiro de 2016', 'score': 5, 'content': 'Melhor de todos Odorei'},
{'author': 'L30777 YT', 'date': '24 de julho de 2016', 'score': 1, 'content': 'Que merdaaaa de jogo'},
{'author': 'Maria Luiza', 'date': '31 de outubro de 2014', 'score': 5, 'content': 'Bart Muitooooooooo√≥oooooooooooooooooo bommmmmmmmmmmmmmmmmmm'},
{'author': 'chocolat branquelo', 'date': '4 de junho de 2016', 'score': 1, 'content': 'Merda E uma bosta'},
{'author': 'Lucas Carlesso', 'date': '7 de dezembro de 2015', 'score': 1, 'content': 'Chato N√£o abaixem'},
{'author': 'Leticia Prociclo', 'date': '3 de fevereiro de 2015', 'score': 5, 'content': 'Vagina Pau e vagina'},
{'author': 'Caique Dur√£es', 'date': '17 de junho de 2015', 'score': 1, 'content': 'De mais Huru'},
{'author': 'ayu mi', 'date': '24 de setembro de 2015', 'score': 1, 'content': 'Imita√ß√£o de alchimia Oriivel'},
{'author': 'Gabriel Felix Gomes Silva', 'date': '29 de julho de 2016', 'score': 5, 'content': 'Melhor jogo Bb'},
{'author': 'Taiane rochas dias rocha dias', 'date': '10 de abril de 2016', 'score': 5, 'content': 'Oxi qui legal'},
{'author': 'Francisco Roberto', 'date': '2 de mar√ßo de 2016', 'score': 5, 'content': 'Legal Muito lagal'},
{'author': 'Lousy Barbosa', 'date': '3 de agosto de 2016', 'score': 5, 'content': 'Adorei √© tri gemte'},
{'author': 'Karla Oliveira', 'date': '30 de outubro de 2015', 'score': 1, 'content': 'O juego e orivel'},
{'author': 'Felipe_player', 'date': '15 de abril de 2017', 'score': 1, 'content': 'Um Cu c√°gado'},
{'author': 'Geovane Antunes', 'date': '20 de julho de 2016', 'score': 4, 'content': 'Gostei muito loco'},
{'author': 'Um usu√°rio do Google', 'date': '1 de julho de 2018', 'score': 5, 'content': 'Muito muitoooo booooommmm'},
{'author': 'Um usu√°rio do Google', 'date': '3 de julho de 2018', 'score': 1, 'content': 'Vai do mar banho'},
{'author': 'Antonio Neto', 'date': '19 de setembro de 2015', 'score': 1, 'content': 'Chaaaaaaatoooooooo N√£o instala galeraaaaaaaaaaaaaaaaa! !!!!!!!!'},
{'author': 'Rafael Paias', 'date': '13 de outubro de 2016', 'score': 1, 'content': 'üò¨üò¨üò¨üò¨ N√£o abri o jogo sai sosinho'},
{'author': 'Luciene Gonzaga', 'date': '20 de dezembro de 2015', 'score': 1, 'content': 'PIOR JOGO DO MUDO!!!!!!!!!!!!!!!!!!!!!!!!¬°!!!!!!!!!!!!!!!!!!!!!!!!!!!!!!!!, ESE JOGO E TAO RUI QUE EU ESCREVO COM LETRA GRANDE!!!!!!!!!!!!!!!!!!!!!!!!!!!!!!'},
{'author': 'Thompson Luchinni', 'date': '3 de abril de 2016', 'score': 3, 'content': '√â satisfat√≥rio √â legalzinho'},
{'author': 'Gabriel Si', 'date': '14 de setembro de 2015', 'score': 5, 'content': 'Muito legal Po√ß√µes muito da hora legal dou 5 estrelas!!!!!!!!üòÄüòÄüòÄüòÄüòÄüòÄüòÄ'},
{'author': 'grazielle todeschini', 'date': '31 de mar√ßo de 2016', 'score': 5, 'content': 'Parece muito fera muito fera'},
{'author': 'REDSTONE gamer', 'date': '6 de julho de 2015', 'score': 5, 'content': 'gosto muito e muito legal'},
{'author': 'Nicolly Araujo', 'date': '25 de dezembro de 2015', 'score': 5, 'content': 'Eu Fasso curso de qu√≠mica üòòüòòüòòüòò'},
{'author': 'Um usu√°rio do Google', 'date': '29 de maio de 2018', 'score': 5, 'content': 'Gostei muito‚ô•'},
{'author': 'Victorya Angel', 'date': '14 de abril de 2015', 'score': 5, 'content': 'Perfeito!'},
{'author': 'Um usu√°rio do Google', 'date': '3 de setembro de 2016', 'score': 1, 'content': 'LIXOOOO!!!!!!!!!!!!!!!!&gt;-&lt;'},
{'author': 'Pedro Gomes', 'date': '2 de junho de 2016', 'score': 5, 'content': ':D LEGAL'},
{'author': 'Monica Cerqueira', 'date': '25 de setembro de 2016', 'score': 5, 'content': 'Ameiiiiiiii Irad√£oooooooo!!!!!!!!!!'},
{'author': 'Um usu√°rio do Google', 'date': '10 de setembro de 2017', 'score': 5, 'content': 'Adorei!!!!!!!!!!!!!!!!'},
{'author': 'Um usu√°rio do Google', 'date': '4 de janeiro de 2017', 'score': 3, 'content': '+ Ou -'},
{'author': 'Whesllayne Rebeca', 'date': '16 de julho de 2015', 'score': 5, 'content': '?... Tomara que seja legal ....baixando'},
{'author': 'Anima√ßoes pela Flipa Clip', 'date': '7 de janeiro de 2016', 'score': 5, 'content': '√© em engles entendo engles'},
{'author': 'Joao Pedro Paixao Galvan', 'date': '6 de mar√ßo de 2015', 'score': 1, 'content': 'Carrega Carrega de vagar'},
{'author': 'Julio Cesar', 'date': '19 de janeiro de 2015', 'score': 5, 'content': 'Loco Muito daora as explos√µes! !!!!*!!*!!!!!!!!!!!!!!!!!!!!!!!!!!!!!!!!!!!!!!!!!!!!!!!!!!!!!!!!!!'},
{'author': 'Hey, panda', 'date': '15 de setembro de 2016', 'score': 1, 'content': 'Q decpicao üòíüòí'},
{'author': 'Um usu√°rio do Google', 'date': '4 de abril de 2018', 'score': 5, 'content': 'Oi?????.????????????'},
{'author': 'Vines World', 'date': '6 de fevereiro de 2016', 'score': 2, 'content': 'Achei chato'},
{'author': 'Larissa Cristina', 'date': '28 de mar√ßo de 2015', 'score': 1, 'content': 'E uma bosta'},
{'author': 'Darlan Silva', 'date': '11 de outubro de 2014', 'score': 4, 'content': 'Legal Recomendo'},
{'author': 'Um usu√°rio do Google', 'date': '18 de janeiro de 2017', 'score': 5, 'content': 'Legal e divertido'},
{'author': 'schinaider Alves Martins', 'date': '16 de maio de 2015', 'score': 5, 'content': 'Muito boooooooooooooooooooooooooooom'},
{'author': 'Maria clara guimar√£es', 'date': '5 de junho de 2016', 'score': 2, 'content': 'Uma bosta'},
{'author': 'Renata Freires de Souza Cardoso', 'date': '16 de setembro de 2017', 'score': 1, 'content': 'N√£o baixem'},
{'author': 'Paulo Henrique', 'date': '25 de mar√ßo de 2015', 'score': 5, 'content': 'Nao sei'},
{'author': 'Irys Game', 'date': '18 de maio de 2017', 'score': 5, 'content': 'Muito legal'},
{'author': 'Um usu√°rio do Google', 'date': '23 de setembro de 2017', 'score': 1, 'content': 'Bosta basta'},
{'author': 'Nicoly Bxded Alves', 'date': '19 de outubro de 2015', 'score': 1, 'content': 'N√£o avaixe'},
{'author': 'Thalys Jose', 'date': '14 de fevereiro de 2015', 'score': 5, 'content': 'Bom joguem'},
{'author': 'Patr√≠cia Petean', 'date': '21 de novembro de 2016', 'score': 1, 'content': 'Muinto chato'},
{'author': 'Maine rok Benedito', 'date': '29 de agosto de 2015', 'score': 5, 'content': 'Masa Bom'},
{'author': 'Alice the cat', 'date': '25 de maio de 2016', 'score': 3, 'content': 'Nao sri'},
{'author': 'Ismael carlos', 'date': '4 de janeiro de 2015', 'score': 5, 'content': 'Legal Boa'},
{'author': 'Mateus gon√ßalves dos santos', 'date': '27 de janeiro de 2016', 'score': 1, 'content': '√â um dem√¥nio'},
{'author': 'Douglas Abreu', 'date': '21 de abril de 2015', 'score': 5, 'content': 'Otimo Recomendo'},
{'author': 'Um usu√°rio do Google', 'date': '2 de setembro de 2016', 'score': 1, 'content': 'Orrivel Muito'},
{'author': 'game 0 Carlos', 'date': '30 de novembro de 2015', 'score': 3, 'content': 'muito bom'},
{'author': 'Matheus Martins', 'date': '16 de mar√ßo de 2017', 'score': 1, 'content': 'N√£o presta'},
{'author': 'larissa ribeiro de camara Ribeiro', 'date': '9 de outubro de 2017', 'score': 5, 'content': 'Amo ci√™ncias'},
{'author': 'Sonia Brasil', 'date': '16 de novembro de 2016', 'score': 5, 'content': '√â bom'},
{'author': 'Um usu√°rio do Google', 'date': '27 de setembro de 2016', 'score': 1, 'content': 'Edimais Nada'},
{'author': 'arthur gaming', 'date': '22 de dezembro de 2014', 'score': 1, 'content': 'Orrivel Lixoooooooo'},
{'author': 'MATHEUS RAFAEL', 'date': '28 de julho de 2015', 'score': 5, 'content': 'Moura Gju'},
{'author': '√çris Cristina de O. D. Brito', 'date': '23 de setembro de 2015', 'score': 3, 'content': 'que juego √© esse'},
{'author': 'Caio Gamers', 'date': '26 de setembro de 2016', 'score': 5, 'content': 'Otimo Dimais'},
{'author': 'Priscila Zequiel', 'date': '12 de dezembro de 2016', 'score': 5, 'content': 'E Oi'},
{'author': 'lu tube', 'date': '2 de dezembro de 2015', 'score': 1, 'content': 'Odiei Orrivel'},
{'author': 'Nikolas Chagas Sousa', 'date': '13 de dezembro de 2015', 'score': 5, 'content': 'Muito bomm'},
{'author': 'Claudineide Anjos', 'date': '16 de novembro de 2017', 'score': 5, 'content': 'Bom baixem'},
{'author': 'Zacarias Machado', 'date': '8 de julho de 2016', 'score': 1, 'content': 'Umm Cuyuuuuuyyuuuuyyu'},
{'author': 'Um usu√°rio do Google', 'date': '12 de janeiro de 2017', 'score': 5, 'content': 'Gostei Legal'},
{'author': 'Um usu√°rio do Google', 'date': '18 de maio de 2017', 'score': 1, 'content': 'coco merda'},
{'author': 'Lucas Vin√≠cius Prates', 'date': '22 de dezembro de 2016', 'score': 2, 'content': 'Sei la'},
{'author': 'Malu Luiza', 'date': '15 de janeiro de 2016', 'score': 3, 'content': '√â satisfat√≥rio'},
{'author': 'Deineth Pereira', 'date': '22 de janeiro de 2017', 'score': 5, 'content': 'Muito bom'},
{'author': 'Beto Costa', 'date': '24 de junho de 2015', 'score': 5, 'content': 'Adorei Otimo'},
{'author': 'Nicole Marques', 'date': '30 de junho de 2017', 'score': 3, 'content': 'N√£o baixem'},
{'author': 'davi games br', 'date': '3 de junho de 2018', 'score': 3, 'content': 'E satisfat√≥rio'},
{'author': 'Leticia cunhA', 'date': '26 de junho de 2018', 'score': 4, 'content': 'Eu gostei'},
{'author': 'Um usu√°rio do Google', 'date': '25 de agosto de 2018', 'score': 5, 'content': 'Me informe'},
{'author': 'Laura Kookie', 'date': '27 de setembro de 2015', 'score': 1, 'content': 'Uma merda üí©üí©üí©üí©üí©üí©üí©üí© N√£o entra que porra'},
{'author': 'Sylvia Pabst', 'date': '29 de novembro de 2014', 'score': 5, 'content': 'Muito louco :-)'},
{'author': 'Um usu√°rio do Google', 'date': '15 de outubro de 2016', 'score': 5, 'content': 'OMG QUE OMG'},
{'author': 'Mateus Silva', 'date': '1 de agosto de 2015', 'score': 4, 'content': 'Logica Muita.....'},
{'author': 'Canal Gameplay', 'date': '19 de agosto de 2015', 'score': 5, 'content': '‚ô•#DEMAIS#‚ô•'},
{'author': 'emilly sofia', 'date': '2 de julho de 2018', 'score': 5, 'content': 'Legal ‚Ä¢‚Ä¢‚Ä¢‚Ä¢‚Ä¢‚Ä¢‚Ä¢‚Ä¢‚Ä¢‚Ä¢‚Ä¢‚Ä¢‚Ä¢‚Ä¢‚Ä¢‚Ä¢‚Ä¢‚Ä¢‚Ä¢‚Ä¢‚Ä¢‚Ä¢‚Ä¢‚Ä¢‚Ä¢‚Ä¢‚Ä¢‚Ä¢‚Ä¢‚Ä¢‚Ä¢‚Ä¢‚Ä¢‚Ä¢‚Ä¢‚Ä¢‚Ä¢‚Ä¢‚Ä¢‚Ä¢'},
{'author': 'Ana Clara', 'date': '19 de agosto de 2016', 'score': 1, 'content': 'Mmmmmmmmmmmmmmmmmmmmmmmmmmerda'},
{'author': 'Um usu√°rio do Google', 'date': '21 de junho de 2017', 'score': 4, 'content': 'Gostei'},
{'author': 'Um usu√°rio do Google', 'date': '20 de maio de 2017', 'score': 5, 'content': 'JOELLYTON'},
{'author': 'Vanessa Matos', 'date': '2 de dezembro de 2017', 'score': 1, 'content': 'Odiei'},
{'author': 'Meus 30', 'date': '11 de abril de 2017', 'score': 5, 'content': 'Elegao'},
{'author': 'Vitor Jorge Ribeiro', 'date': '2 de setembro de 2016', 'score': 1, 'content': 'Detestei'},
{'author': 'mundo colorido', 'date': '18 de outubro de 2015', 'score': 5, 'content': 'Amei'},
{'author': 'peridoritos 1208', 'date': '16 de dezembro de 2016', 'score': 1, 'content': 'horrivel'},
{'author': 'Diana Miranda', 'date': '10 de agosto de 2016', 'score': 1, 'content': 'Lixo'},
{'author': 'Well Razera', 'date': '31 de maio de 2015', 'score': 1, 'content': 'Ruim'},
{'author': 'emanuely nunes', 'date': '11 de maio de 2016', 'score': 4, 'content': 'Daorinha'},
{'author': 'Felipe Emanuel', 'date': '30 de junho de 2017', 'score': 5, 'content': 'Adorei'},
{'author': 'Brendha de Souza', 'date': '1 de agosto de 2017', 'score': 1, 'content': 'Cu'},
{'author': 'Jonatas Junior', 'date': '19 de maio de 2015', 'score': 5, 'content': 'Asori'},
{'author': 'Um usu√°rio do Google', 'date': '30 de novembro de 2017', 'score': 1, 'content': 'Detestei'},
{'author': 'Sandra Geane', 'date': '19 de setembro de 2015', 'score': 5, 'content': 'Adorei'},
{'author': 'Um usu√°rio do Google', 'date': '27 de novembro de 2016', 'score': 1, 'content': 'Legal'},
{'author': 'Pedro raxacoricofallapatorius', 'date': '3 de junho de 2016', 'score': 3, 'content': 'loco'},
{'author': 'gamextragames donza', 'date': '7 de julho de 2015', 'score': 5, 'content': 'Ameimuiiiiiiiiiiito'},
{'author': 'Gabi82118 Turra123', 'date': '27 de julho de 2015', 'score': 5, 'content': 'Adorei'},
{'author': 'Karine Meirelles', 'date': '28 de dezembro de 2017', 'score': 5, 'content': 'Legal'},
{'author': 'Saulo Fa√ßanha', 'date': '8 de mar√ßo de 2016', 'score': 5, 'content': 'E'},
{'author': 'Um usu√°rio do Google', 'date': '13 de janeiro de 2018', 'score': 4, 'content': 'Top'},
{'author': 'Rayssa Rabisco', 'date': '21 de fevereiro de 2016', 'score': 1, 'content': 'Ruim'},
{'author': 'Favio Mariano', 'date': '11 de mar√ßo de 2018', 'score': 5, 'content': 'Legal'},
{'author': 'Um usu√°rio do Google', 'date': '21 de mar√ßo de 2018', 'score': 5, 'content': 'Jw'},
{'author': 'hanna clara Silva', 'date': '16 de maio de 2018', 'score': 5, 'content': 'Oi'},
{'author': 'Um usu√°rio do Google', 'date': '25 de maio de 2018', 'score': 1, 'content': 'pessimo'},
{'author': 'Um usu√°rio do Google', 'date': '9 de junho de 2018', 'score': 5, 'content': 'Legal'},
{'author': 'Gabriel Moreira biel', 'date': '16 de agosto de 2018', 'score': 5, 'content': 'Bom'},
{'author': 'Um usu√°rio do Google', 'date': '29 de setembro de 2018', 'score': 2, 'content': 'Legal'},
{'author': 'Um usu√°rio do Google', 'date': '19 de outubro de 2018', 'score': 3, 'content': 'Gostei'},
{'author': 'Um usu√°rio do Google', 'date': '27 de outubro de 2018', 'score': 5, 'content': 'Legal'},
{'author': 'V V S', 'date': '5 de dezembro de 2016', 'score': 1, 'content': 'Que c* Essa m****e uma bu*****do CA****** do di***'},
{'author': 'joao roque', 'date': '16 de novembro de 2015', 'score': 5, 'content': 'Bom Bom'},
{'author': 'Um usu√°rio do Google', 'date': '22 de maio de 2018', 'score': 1, 'content': 'Merdaüí©üí©üí©üí©üí©üí©üí©'},
{'author': 'Um usu√°rio do Google', 'date': '16 de setembro de 2018', 'score': 1, 'content': 'V√° se #/&@!'},
{'author': 'Kelvin Kaue', 'date': '19 de agosto de 2016', 'score': 5, 'content': 'üëªüëªüëªüëªüéßüéßüéßüéß'},
{'author': 'Um usu√°rio do Google', 'date': '28 de abril de 2017', 'score': 1, 'content': 'üëôüíÄüëøüëæüëΩüë∫üëπüëÆüí™üíÄüíÄüíÄüíÄüíÄüíÄüíÄüëªüòæüòæüòæüôÖüôÖüôÖüôáüôèüôèüò´üòµüò±üò≤üò´üòàüòÄüòÅüòÇüò¨üò†üò°üò≤üò´üò¨üò†üò°üôáüôèüòµüë∫üëΩüëæüëøüëôüí∏üíÄüî´'},
{'author': 'Um usu√°rio do Google', 'date': '4 de mar√ßo de 2018', 'score': 5, 'content': 'üëèüëèüëèüëèüòâüòâüòÑüòÑüòòüòòüëçüëç'},
{'author': 'Um usu√°rio do Google', 'date': '14 de fevereiro de 2016', 'score': 5, 'content': 'Esse jogo e muito bom vai tomar no c√∫ quem n√£o gostou!'},
